x1,x2,x3,x4,x5,x6,x7,x8,x9,x10,x11,x12,x13,x14,x15,x16,x17,x18,x19,x20,x21,x22,x23,x24,y1
19.051496243890313,-30.12348975696012,-135.86712552430993,-34.6054599601558,-195.45155900026586,14.013773550640266,34.55964545434649,201.86889739269847,109.83752065299461,-80.19686463622548,40.484224780616515,120.0421137730806,-35.091210736463935,205.48152975918103,-362.5877940239709,-72.06702281996508,43.71363177579501,32.898755692731,-23.397982161066572,-25.446829519015303,-80.19686463622548,144.04440020976386,-362.5877940239709,-34.00659641755997,18
37.91896027129069,11.333253629432786,117.03638736847668,-1.093994322643064,-108.69194643619394,-8.741851055417891,-2.2805846921551027,21.280500522541132,-39.11754151101288,-205.43705912049467,90.59039699643962,-56.486694735345665,25.833903538605387,53.535989655266114,236.9925810716057,-0.751758087743126,-48.01500564211702,-114.92116883233723,-178.67363650541478,-48.91455963762215,-205.43705912049467,-15.846575709639508,236.9925810716057,-101.9711824196489,11
-6.83800305924467,-35.43960580648655,-157.63594132702607,-68.37925727517752,-183.25184424956774,-81.47669784599607,20.362340032165353,17.35640865649927,152.1204166273524,-42.25491041717661,-143.76673140089483,244.59248663826367,-175.47887199663052,87.65877638786806,-304.71839806978903,10.062888678066066,19.609359503417444,-31.861100982588066,-114.83420026360812,49.93329221678481,-42.25491041717661,-110.92774886066977,-304.71839806978903,149.72371589888954,12
12.280510763091744,61.658035678058184,-215.15479223671764,20.386881493942592,47.94327196679741,-0.9855372716894053,20.818340839453484,58.56409070170561,6.801826528668382,230.94813454634794,-53.465300207318066,74.97281023866847,-60.335109389900694,81.2986229211284,-45.94724707779395,36.8345597281689,-19.57051005618254,-98.68892975477891,2.781945666617518,-8.087247005732722,230.94813454634794,-115.77579445541849,-45.94724707779395,-25.626610556324394,7
-40.47317140532661,25.650457896237576,132.76042772000147,-28.619968615060003,7.553989675967081,-28.78780307174727,53.829290663647214,27.84302512138065,-32.50268408679665,-139.31111504379405,-207.38558846297227,-14.813823634588307,-90.93686344690903,52.25683273024398,85.20800299993542,-48.262503571357705,10.586268655126297,76.67213583223872,20.10074348463771,26.03686939348044,-139.31111504379405,111.00730350464775,85.20800299993542,-79.64998767029275,6
-0.5185212291574757,41.99069098404341,-7.946568120372186,3.5724227840204636,-54.92127137024109,-46.31072605076813,-32.231615431980615,47.307444558527266,-116.18883971683925,-109.064722125523,-90.35941338229475,26.785023195854016,-36.73578931751805,5.442120411853244,-156.95195575363894,1.7937843469625765,94.8784316433136,-35.31942502307894,72.94820012716269,70.50650728915113,-109.064722125523,-15.369738066807992,-156.95195575363894,143.03201970494933,9
-19.47275533901805,-55.26437401594301,-125.46891696362722,-45.26143119886558,89.02779072004594,73.70378264055373,-70.2032488586014,-83.64234496045647,-12.509043629772659,106.24664933691335,2.3731004590760385,94.8078670174699,60.419752753565504,-66.67957286974348,67.16895096040308,-52.43031892400619,27.93253400107606,-81.0753008784831,-58.881448860328724,4.98787159993295,106.24664933691335,-73.29037599682017,67.16895096040308,8.42627167573724,20
33.535926616934425,-44.71658821194197,-41.28162339601741,15.665442510701357,42.88688083243875,-72.62460367126249,69.48704194472698,59.5221556202184,-11.383003649083099,93.36234121179734,23.42696020301208,-142.76357280996797,-33.24469263126797,-12.919893986835955,127.60579148082923,-6.140018121837761,28.133555410775408,3.287489844946805,96.94693542829111,-9.42071910314889,93.36234121179734,129.51593781613866,127.60579148082923,-172.9838368906378,19
18.228295391081367,89.96727947170106,89.48214482127082,-5.791021761159614,70.71957956741615,-57.87707325305579,-1.4362609074963828,178.79811159953283,-110.42640265090978,-256.3755852220849,16.069631196683297,36.44227673670983,-122.41124182340562,72.3270409179323,191.34110581223368,12.600830227961808,24.49485079784261,-65.7517035068366,-8.289203210530083,56.54648894050007,-256.3755852220849,78.91584140650983,191.34110581223368,13.277651025856398,1
2.1355105533417933,-18.469851768328567,-9.079625993690952,29.557636345105408,121.80642211053802,-82.21019608322727,44.47607996782953,-76.04721895010573,-259.2641272332876,213.1034662064982,37.859846423332314,62.41802256611807,70.1553473974736,-177.0669999076924,389.931976809214,-7.9003139287634925,34.81681128342675,-55.7217308784254,93.48341339917214,26.89905982905072,213.1034662064982,-180.82420976260835,389.931976809214,-144.1062836372956,8
19.41759176734201,-5.696110150310125,-41.16907199735781,-13.851414459909325,-35.898191228492635,26.440294452393843,-60.496306705992986,-7.772654610932053,-25.31334418441899,42.88681373251268,-106.63435700217047,26.468368317079552,66.89008754050124,-114.70916848729954,107.51249525019699,28.48889709068587,-25.412088357693353,30.71889693812807,-75.65324849172785,28.585992137394882,42.88681373251268,-104.34705192418693,107.51249525019699,-84.43582503089715,20
72.4714925957955,-10.729780884640519,92.08590022894018,-22.219160905205108,19.147525006356858,-4.08039157261997,40.15127010239182,-206.89654363765843,140.48558834334105,-80.27274670949956,32.29128823338877,173.09384455797723,110.79508269161437,-117.17145017702714,31.11772706983878,6.835965441968909,34.10993725882955,15.201500779346153,-124.0356304604224,-29.092388231321586,-80.27274670949956,-118.27578870089926,31.11772706983878,125.34441803274194,5
49.631299761673006,-35.60994721340195,20.834154079239422,7.662003412664856,-37.19365589302938,-24.098012377092317,26.81558473864112,-87.74547393571233,105.70720092129915,42.96373353655076,93.51403253149326,-67.71379868337613,-43.66955426545283,-85.81068694627511,-16.604434948245807,-34.52347626239637,23.781139144894148,40.20536245151202,58.95939286855777,28.020943603168476,42.96373353655076,42.609436745274664,-16.604434948245807,13.651977864135745,18
-13.073785645366115,21.002880151528572,5.818747489865137,-42.706964324241426,16.026385156677442,-33.812394325410786,45.53047887479151,-47.460623537774566,-23.56551533134865,3.9625557847998034,-64.04114428806936,85.36734823177707,31.17514289464076,-20.072284874674455,-155.13020393020608,-24.04852092681807,-2.1442321679311807,109.30320633959911,62.02371154602146,-9.045120516672169,3.9625557847998034,70.06592608841733,-155.13020393020608,44.88810308125255,2
48.10867819475486,3.068434033415909,-258.4837639184686,9.762081032785957,-102.76545348488511,-34.996345461851575,-52.474050193499636,178.69162160312484,36.091520896829806,234.4868325757794,166.72043561362267,49.07917442355838,-114.6078873135179,-102.95614887193132,204.82690365460968,6.409720724656495,30.142895222264197,-71.75438026030177,-33.890798952257,38.32297789269024,234.4868325757794,-172.15017780007827,204.82690365460968,-191.36058808902425,14
-95.30143639676535,-15.25446430638967,40.93651543985972,0.0898569456384342,-128.75595435699634,34.50666944957598,-41.68662646824166,-213.62560257492206,-17.993454577017715,-44.71325526310741,-147.19572830036606,12.80152137267378,11.890969646317311,8.840199211863307,-176.07416746638836,-13.487306782865982,-81.68193286749727,21.665757517892867,39.143654152033335,-15.328860600389598,-44.71325526310741,128.3375245267394,-176.07416746638836,-8.400560404677728,15
2.881909715186933,25.07501052153178,-157.5721121201325,-34.24022288369563,31.412861632470577,-16.583295935187074,-13.759675346468132,4.202000756423896,-77.66817371872803,146.60106939796418,-4.615197921717016,-30.199105892627824,-45.90802664754161,2.2104418671696013,78.88695441705065,23.00899485404571,-27.948803414136712,-64.66506323194307,-41.36639546778937,-35.602352820364985,146.60106939796418,8.688821717802409,78.88695441705065,-99.13831779042414,6
16.508215435199528,-40.50849038033725,-84.78130383273981,5.302833990844419,-92.26127280901451,10.12677390347141,35.25109548380334,46.5084678479238,90.09056448725659,-87.34515522601995,125.28090984601329,36.93470578008082,-97.49764045608794,-162.3641833984637,107.67827379437462,73.08774508705798,18.331100071117184,30.729302175769213,-21.377675893174292,-44.120873377674116,-87.34515522601995,125.70633456960877,107.67827379437462,-88.35826440830068,6
-48.65842958322425,55.54366735737649,-115.14825871493264,33.628765816044755,44.01958291887978,-2.1394509741542493,-32.99496299057571,-27.496372573410497,20.70680503550846,-42.25156464958202,-120.26628986621952,124.63467635167682,-109.72933672841323,-34.85595828139384,180.70021507049262,27.866415856539803,-41.82395937511674,-95.86775641968201,-66.31890054262327,69.62413436246271,-42.25156464958202,70.9424172612539,180.70021507049262,-98.37962379003847,8
24.00525454768061,47.81942775905342,-233.2440880795289,-73.17611338911232,-47.83970414470577,33.38488255240485,7.797356833334631,-47.74964776723665,-27.701033252834737,209.59823800938807,-43.330323238209715,-24.27087045155144,-21.87398221454137,-67.04353520470596,-89.72641587168388,57.29847247921593,-21.106772215002863,36.90640159621138,-146.39463397936737,-33.234434848801335,209.59823800938807,-46.598377856717406,-89.72641587168388,-39.38491149392807,10
11.005826828309921,11.059197890477872,-147.73098531437907,19.295138721352696,-120.8713362559027,92.71040882324387,-0.9967763801467161,-97.53823187961177,135.1814683787579,39.3113762829334,-151.16583061749247,73.96056846550907,-19.218175857658135,10.054406348959803,-440.75495482648796,58.21480024969827,-50.959733225030384,72.84686600442681,-36.42096058531525,17.397180891256664,39.3113762829334,38.156368492345116,-440.75495482648796,151.48722376468396,15
-70.56065417240332,51.94189005758939,6.12553810930808,46.22345877840065,-127.34765179525948,46.86639911986661,75.99440649942792,-41.46766001756131,54.107604931339125,-250.8751002995939,11.084694542395086,-3.2916926435319027,50.36364001478616,-60.07718398256184,-74.24210623245217,65.28200383995059,46.929812023165056,26.226801015279094,-111.3449053755021,4.132717014628709,-250.8751002995939,212.41588200489335,-74.24210623245217,-17.596813416257202,18
7.012192447295622,-7.971310308776781,-138.7218268230846,-6.497797679073671,9.973043785506333,2.4001919457054526,3.0982018477452917,23.233058565173277,2.5817079751408745,223.1875013482505,-35.69730277184271,-116.28369563117296,-54.76618720606817,-35.21799036261275,-130.65731808145307,-5.427249789278527,62.30531214396119,82.78420685433893,49.94283352992269,55.73073843304157,223.1875013482505,-2.4589312449044165,-130.65731808145307,-7.635025931129467,18
-14.7479649090565,-33.877815348466875,-127.56580566921986,-57.195629952750295,256.9639385037008,33.90436222656896,-9.225274055705041,87.4353986061615,13.443736528875618,156.0249515417301,86.24456395776559,-98.61777125213499,-78.73757791885731,96.3199252919155,319.36659443018357,39.61302383615288,-56.69573163167946,-296.3584674458412,-56.43805961147686,22.673916835122423,156.0249515417301,-159.29523411557344,319.36659443018357,5.527083943940463,20
-17.67100382393613,14.701554597277335,-39.08185930290128,31.632296344970683,98.55370023436149,14.290699331085792,-32.59395969856179,-78.50169904735729,108.69866288863878,-5.492658320193082,-19.29311279112256,84.84123446933786,79.41337777288226,116.3343818528163,-197.12847405874288,-6.049601531583562,-37.15449540004734,30.27905686114145,-63.684638645866855,40.82240345035248,-5.492658320193082,143.66951873752498,-197.12847405874288,50.67319231522372,12
-13.775701224833838,-15.669701368687235,-58.12745037857596,-21.088966476635953,-87.372698334065,-18.795479274878804,31.985266863100886,-120.64941966622918,-29.318510123212388,-39.021600463866584,-120.81848478258884,-64.3390358318629,92.30511950163539,-32.46800673466759,-54.658662827433524,-70.58996743192019,-45.466404455278806,-53.158470593617565,-215.5012504832827,-24.615274854263454,-39.021600463866584,-55.6585065860145,-54.658662827433524,28.9074915841279,11
-58.25477248793725,17.516092440210016,35.38479933200294,10.648652947570174,9.3677568701343,-28.57328055867267,-25.263244633936417,78.2967812116361,-93.88885108187395,-257.66041915728675,-153.9447867824165,-58.79405305111333,-8.9324548266281,-33.17063160774817,63.069495626008205,-20.696707495769843,55.03525309443758,-88.25548613041563,65.7483280298083,18.911087947704075,-257.66041915728675,141.6130037573342,63.069495626008205,14.648377684344416,8
2.7974051657956673,-59.30210174688921,36.44319559997055,-66.56002764002605,-49.493205460628374,-39.66438320259584,3.283766887160845,-44.56988131816752,-122.573481546296,-45.79590192298143,64.7620377622884,-68.20478322625112,-36.73956410034306,88.41972518503724,42.629829931635015,36.52877802168424,42.6583897508951,4.5624503022478535,-126.90197507975606,17.10319706207755,-45.79590192298143,100.06613477209783,42.629829931635015,-72.78611296573403,4
-8.664091965611794,51.16773462245636,9.472423065273334,43.00150676463913,-151.65461057392253,7.6342479513019015,-20.001047271617075,-93.31888383759045,72.50450494167885,142.81979200652435,-1.3782001118578258,19.66477764043141,28.857579916278322,75.51244903504193,-141.581177024323,14.42574670057504,-48.45120226431138,114.87955472609661,30.188059512219105,-85.04052862323725,142.81979200652435,71.15275184666942,-141.581177024323,-169.5052175970108,18
-16.57112053647712,-36.44144753948248,75.28833934488262,51.99454896548695,-71.72480056888233,-3.5053956778682416,64.42397030865688,10.143473725572347,192.68962592661055,-20.32176903391069,-92.16842216890932,-49.61058345324061,5.3697135640326765,-27.96759563868087,245.58713591185534,-35.04782643060774,-33.84706633071448,-210.00718734844995,95.58473291998578,-9.821331047443065,-20.32176903391069,-193.80721947536216,245.58713591185534,-88.01853388153569,7
97.86833695108677,33.74367544977265,-8.397882947990789,60.68690168921964,-25.305184145284294,94.61717522962113,43.996242065790405,-142.9121650653626,-26.716485442495774,5.447196466879377,-74.1733537072834,-3.412143648385695,-81.12065830964866,61.923512112697026,131.24214705438186,21.60453877441412,-35.2989335356795,-110.36168780972329,-137.0618043159097,26.54034255641454,5.447196466879377,-6.009907709721478,131.24214705438186,-68.09967975997466,11
18.257168176165273,77.03576591506929,-235.4493708328084,-10.302350633680026,-62.42149601678969,35.46313001986447,85.12613384833087,2.8523746234674663,67.704258664837,404.6462059382822,-88.69109643328464,-48.67100678754226,4.987359958803297,147.46895389275602,-510.5382300374429,26.533309875841695,21.122106930461907,275.1758083049851,-8.160435148046759,23.5438371959695,404.6462059382822,112.31231656135868,-510.5382300374429,-88.02921729820147,13
34.263598596083796,28.286548276192555,-84.01102548590006,-21.611544860441217,139.15633771713686,-0.6512348948350473,-21.994531180693425,-99.59604143092285,111.02890310251105,144.78422569450208,63.92254610446759,36.9596999112706,93.11113414203875,-43.916547175673834,210.13841153338407,-9.142810949249697,6.985124170823567,-61.27860823895045,-181.15226461226547,-35.675152017247335,144.78422569450208,-91.34916990708436,210.13841153338407,-78.1659165846985,14
31.486809664236773,-12.329384842068826,164.80966550549897,16.10851296753673,124.58694410687498,-23.046803686509435,28.45794610108858,-1.7760425086372678,-22.479260452477455,145.6155644676574,-2.3561536851504883,120.71904870733417,-55.431832694612496,94.18731541780589,333.11003254570613,-4.378593028756674,28.065263258403927,56.130511210247214,112.15966308740957,1.707036917352943,145.6155644676574,-53.64393296625774,333.11003254570613,-235.95202682688327,4
-25.677629258208473,-14.909670568065277,-30.701644372687795,69.96075528546348,78.0075116005949,-65.50191729342566,-35.30981988711585,96.74478032830405,36.98912722857201,168.7131897199146,108.6648020723151,75.49310747303235,-49.003067931458006,98.69499069940738,172.33169335267337,38.02494797594714,-10.621104283975043,49.83572947289338,-54.18843873890451,52.76757812194248,168.7131897199146,-38.860676307684386,172.33169335267337,-178.7634026048055,2
-6.852882149905849,46.70575457878179,123.62957828737763,14.204183848176227,93.04275272088233,7.322157200307242,-8.258756141889068,-117.55573542893418,-29.665372332078405,288.2127155215509,56.82113185604506,-152.32206163935192,84.4130112231273,55.237487704602316,58.73737113308727,18.587944563944426,-39.27518734881054,116.16173875717122,6.383782791932755,-77.58740430748824,288.2127155215509,-127.76991237720156,58.73737113308727,-66.50732341210961,10
67.31080603367323,0.07264993826084686,-114.16992162860379,-45.12222088783156,55.2981253183593,24.680480033575,4.242080829992963,-119.04012583390617,36.35795618229302,255.03765509307243,97.89182930241509,-152.16916911841386,45.09031257100992,117.7371989014248,-152.93981642037062,-35.54377108629542,-28.6547892349681,-102.84942715817425,57.45209709309883,6.3603996719524005,255.03765509307243,46.353137253675385,-152.93981642037062,-2.231115853982417,4
8.764595366247907,49.153224303400265,-118.91465512708224,-30.729497581330797,114.79826520774094,10.085518015078282,15.724552597509149,-141.2078234413119,-67.89549788128352,102.28581559829522,60.71436249350783,41.32832081560267,19.80867820562976,-144.49211637964387,-40.741955691808755,-3.4753573102206383,-12.009714278564994,-42.37943240078589,79.5421588059231,22.78631148069112,102.28581559829522,30.640129411069907,-40.741955691808755,114.80435874539701,16
-65.86275472748343,50.657340257086545,-47.67328602840989,77.51525289137084,113.34074387502888,-24.294554244275197,43.12516766052356,-118.43287078941225,-168.64694619833347,186.15525836574017,-36.426494306385145,127.82515928707971,30.18689621947827,-94.9583587857467,187.15871105358065,8.574867008459236,-2.355250255154667,61.39601301600849,-86.93047362785063,11.5065263049424,186.15525836574017,-116.29663751476195,187.15871105358065,-75.12536888517646,2
-18.88318403822646,-41.97275802642861,46.35146265677419,-2.150043887206635,75.92780663360264,17.872436306729973,33.62199967987199,-39.468673164723,19.905122641706498,80.82703498238494,-63.871065481477146,-3.1911998074233683,19.38867948489145,71.5776890994371,-112.61675717389329,-43.09647283233645,-31.099637936667364,7.654877036030303,42.62555529710197,38.2094959472724,80.82703498238494,-103.74931939117641,-112.61675717389329,120.33224321589802,16
-27.68336378860505,49.75242610478936,-35.51128938880125,-2.2643426969061884,85.15053740975645,-13.297559650042706,-13.293921799722693,78.25588937017989,3.291231250897617,76.03869701827419,-25.340392192021348,-19.123936103856053,-43.96263896028914,-50.792524329151675,308.13594675991214,4.863095626751371,45.01663773057072,-46.73124988546958,60.20999526596246,-71.25282305263157,76.03869701827419,12.553259416652969,308.13594675991214,-203.0519164439192,9
-10.182722164555534,-7.562958788682045,-118.28392404036865,-72.53025792098828,-15.699670547201707,-33.60858787484437,5.656281046974634,138.61055576915578,-1.1591975577085334,-16.384037336353025,-70.80644300832904,-49.764568263409885,-160.91227412183613,-112.23133196448686,52.351175986130286,-29.026102013542143,19.00673283729015,-113.81236005569605,130.39357184069232,20.96335654299611,-16.384037336353025,-71.90425348201744,52.351175986130286,74.48214774746474,17
-50.20885807356458,-26.13273633014705,-196.6723500046641,-49.8485782188029,162.0351971690323,6.069378400244902,40.03192690394593,-184.95362261066592,-32.460819799659056,310.89014419150215,58.92871093959825,67.98643800903777,2.9190906116295556,-52.25134138896155,49.84275188759116,-56.81119969682434,47.06093235834053,-132.03738652585338,-24.920255143884305,-23.39144969233873,310.89014419150215,-144.3855948509655,49.84275188759116,60.172142234410174,20
-22.767172318337884,-1.285543715371622,-50.892663906337646,-58.5766411365013,-59.4504014504183,66.94675341333868,-5.928280352232855,-85.5353865971314,20.747622770438625,122.57262974449901,-52.150423229463996,46.94933007659377,-90.44706563690723,108.1862500690214,-173.04605747294403,-79.3247913574287,-94.07495558364744,83.19046613031041,-43.67895807718583,44.94919042217124,122.57262974449901,53.76359877772495,-173.04605747294403,-32.39025080444557,0
-27.79794503507981,-8.441483129661249,-64.20865676310474,-2.9354627496565056,-74.4814804344282,-11.411213782064149,44.80811399185203,11.61048626152288,24.38967651685357,-85.06962964113154,99.3082389826197,22.06591602373395,114.0361339089602,43.69945110035861,-194.82190426666483,1.808165062966596,75.99253632856491,-29.600886299126884,-120.63484942454909,-31.160931150992464,-85.06962964113154,29.79731855962094,-194.82190426666483,81.51836148138537,0
-35.37836534865909,-36.964547701496464,-78.18867661006266,31.704027798674552,26.04864533798854,23.33408741265732,37.20069611920395,76.80583532790182,-63.16608769188046,276.03978809436734,-22.03723182101232,67.6322179410407,-67.42630851070616,-117.36116024551329,322.1822354342006,-19.80233812892922,-18.96815336946834,12.454908747203808,81.816638730736,-30.332193102988533,276.03978809436734,-218.00218020013645,322.1822354342006,-215.38133727562297,17
34.88116503962711,-14.416283086533044,-126.72882512809625,13.08992625595668,-192.0811819115593,52.13112950208427,-4.861736251378687,-58.225499565729166,-40.05105495904622,313.43710598763005,85.87716928520082,-191.53036725981087,-112.86834275857473,-41.182418529893184,-441.23479257111444,22.91865475398657,44.12102397586744,281.1885207859875,20.85527416400985,-0.7523664543798549,313.43710598763005,17.875168633292912,-441.23479257111444,66.87473047904052,8
23.85142107189397,-10.306339420721054,8.601156458252879,54.38551128875189,-223.64358218456192,21.608031470903097,22.08935006247572,10.12587417538799,-73.91806091718547,-199.26140921185447,-134.67305671152823,-90.57858001150272,-10.185791945211875,-97.68045500223053,-232.69773860648945,3.969539625832689,49.14756601960127,42.401173084998234,7.604374216107659,73.48124240212496,-199.26140921185447,42.64489051658492,-232.69773860648945,119.00140396166769,3
23.53045617193104,-49.87706829767095,-64.57299162587928,-61.68193919076148,180.73799078030422,-38.56522476092203,25.134538352672493,9.408260038101472,-8.741334911222967,87.65971014094353,110.76458974226679,-201.95413517380797,131.8531048765772,-237.34916084025997,305.30759986636747,-44.391043288036116,52.487356614411596,-37.16123356079174,-106.44275651842622,-20.81864769897148,87.65971014094353,-98.30348032395489,305.30759986636747,-11.662448464330367,6
0.14509868530575842,-106.62598335636426,97.5862057460846,-12.86930959131751,55.608104150804536,22.55732526243513,-10.913694227758281,-104.44493870490655,-44.50135701974833,-180.2812691114159,-92.25527358491631,102.32489880768283,7.673883529097241,-33.683550580822796,2.299135167475886,23.577472206048895,-108.09544505027216,-25.214696599246082,29.562721331330046,-5.826307477261979,-180.2812691114159,57.834253580439906,2.299135167475886,114.37920281618206,5
-80.19379749122334,7.82195799270964,-22.673763189619052,25.08703185674085,-35.62137617485371,20.24706578447708,14.561193212495384,61.93595482409435,6.09388059125187,-61.010801817793606,-20.518020757741297,-58.768010047752455,59.46970689992452,-60.420770205588354,19.846792304585023,5.167829972724713,-11.04967350894113,-9.911597039138842,-112.3106698816806,12.543351425970075,-61.010801817793606,-86.14584220058973,19.846792304585023,35.87620982716591,15
-95.81075335084185,3.6096163565044352,74.76891324680929,59.60044775166874,101.29781200895101,-10.511913458875362,-2.964229866866014,41.820113539206375,123.32171143473865,135.11313049803098,55.806612471294855,-95.81277355948437,-138.19669270584282,195.50886337052935,-64.57853090619149,19.77465709019913,-35.005411034441366,60.41054770829668,-44.218831673610524,-71.1888377584041,135.11313049803098,-88.11726258892901,-64.57853090619149,89.90724237605697,13
-17.603837921495398,65.82253023061695,82.77759023531661,-27.641268049301008,-46.13100908581409,-68.40128680111177,63.4247615690703,22.10421407364492,108.3376567455565,26.26322522891854,140.95108024549592,-172.94251677297325,28.17085946433568,-23.97415391585934,-53.17952220562798,-44.40501810851107,53.13692871424554,96.59159079681052,-70.84073932943619,34.62797386572868,26.26322522891854,-79.53132976034385,-53.17952220562798,68.50752773303599,12
-114.81681850088768,-30.75993976737847,93.86759290423072,37.785379462458614,-2.9831587238748947,138.64291463140967,4.068608776442356,1.667407127573659,59.24426596912241,-81.34259118179892,-62.483511684868844,101.88328025907725,94.13946884318534,-32.64667728273541,111.64023697496971,-36.81311467566627,23.988816937168508,90.88753668221123,-69.08187169458861,26.08473075568595,-81.34259118179892,-5.567685897720609,111.64023697496971,-102.17115078776715,7
-60.23076555814434,-35.388098310285024,-20.80481157830418,32.07119071461521,-44.7480461576223,-49.226722227758295,65.37027198353476,-117.28249139422462,83.89387905467731,94.08514776331158,-42.165162716496155,-22.742529607982604,40.62183803649538,-23.30480590127791,-345.7599049210635,29.160597892676012,14.794814036419648,169.81769866949293,88.76860256806566,-8.418611879309147,94.08514776331158,115.6971941414838,-345.7599049210635,76.89973495665132,15
-49.11510607249507,-23.218136004554964,167.0239790532341,36.20648317649315,-134.6078853071113,35.67848918105138,-20.649730505862678,-13.010424848959437,-66.89642073284334,-294.81757512060403,-100.57910260052715,97.51342269884131,130.48802185713268,36.87664570671031,-42.21944468272745,-11.14122739740094,40.905384907937346,-116.50916285907604,127.7239593017125,18.804255603537126,-294.81757512060403,33.10874699949852,-42.21944468272745,22.257944847041294,5
-35.086360247012486,6.9312903270178685,-188.35865081094173,21.29105546285535,-6.310163369907533,1.7190367247131388,48.23236032036094,-120.07717147285231,-33.65395978760331,301.8716407496069,41.85264002449672,-142.5779755361155,-149.01978573047816,-25.964513694404864,-72.97547135783931,-53.76162059524914,0.0496064547692464,36.73938849681366,-24.858459992990024,-8.385945245038847,301.8716407496069,49.99240324192844,-72.97547135783931,-47.67987318376599,18
6.331228249329367,-9.547104558578507,-41.85795503249147,-28.614466651765124,165.07791536935463,-29.707301195180065,-48.00300165921455,-120.17394718992927,-14.269350561464456,-64.98531026932865,59.36206566393665,-51.201226046907124,-1.8132263953770522,-11.823054157894827,364.2468960962938,67.00885248133167,52.62021254310845,-234.76799673947826,-204.635603177862,45.48195135222176,-64.98531026932865,35.03898801234469,364.2468960962938,-51.40168715871255,16
-25.6081380254897,13.469631081251944,18.600503345336033,41.88529206078449,-25.551762388344038,19.400271421079548,5.497723896589455,8.030291371712352,50.97491231856087,21.407791366131118,-24.810311079222558,-83.54466477229644,-21.202477282836938,-133.61707492851156,237.7001552669988,-2.8123472901714086,40.234376872199704,-45.358503501356005,45.684322785774974,21.019971975231947,21.407791366131118,-68.5045003830514,237.7001552669988,-106.37222418774084,13
-0.3397276691557305,2.1479145953039147,-12.67231410918621,55.80247118385732,37.87891052021386,-0.9167633521315298,4.534659493566863,-142.61267775874936,-98.40800119421395,-20.87273627677898,61.39548192126611,-13.953087346444928,309.53781846365223,-77.06971284580901,-218.90518000929097,3.8662270988360565,25.26595262813238,125.29460677508067,-97.70498096114028,-47.63661354053327,-20.87273627677898,131.74065298541095,-218.90518000929097,58.68619390649508,17
-4.0904708270503995,14.141326428084684,105.53883368552184,-13.216464101510205,-45.058915717304934,26.491976319089815,-36.80979522579495,-25.53315285636165,29.258368541751025,-497.0846529608591,-64.61654174000083,-80.63837131293612,-118.0523617218611,-142.96796629733274,-58.452976512033736,-14.366711347969721,36.89481563472586,1.3346062955013682,-43.71598859734697,40.09947654293585,-497.0846529608591,278.12778263655537,-58.452976512033736,222.8765373658082,16
36.79083670290832,-0.6490307593492595,102.80023456136502,28.005698199399333,-5.256908269464384,11.666531271872131,-9.31167207921852,-32.919324819393665,-103.66059471843549,-50.07037454318703,23.77912694509675,42.10393640674436,-45.38003650697875,-66.3191769031047,216.56485489666807,-8.288005963345924,48.24845857334872,-5.268471986304286,79.32250151643068,-29.823661688321167,-50.07037454318703,10.180717827814645,216.56485489666807,-85.01277227198187,2
40.71303064120647,-4.423438840182742,-98.55128916083095,39.91669068335002,28.100331459742492,-24.842058392799856,-28.721703188954415,-44.272396404630015,64.5994839296524,181.38527036739976,39.17056411437998,162.52667453759256,112.25440948197954,74.37336890804134,-204.38641245721288,48.295946526946345,20.59426652694514,81.26958037905564,-14.688516539011358,8.982310749842666,181.38527036739976,-8.49905494870586,-204.38641245721288,-20.5218328705333,3
-50.68002266551601,-4.109578747979067,7.018928672410922,7.819450633233615,-155.99896903356137,-28.069739886412787,-61.49198431820138,-102.06729377375801,158.79401278174743,211.0593814745248,128.29725623702177,-137.16281992824716,107.94915315730363,99.54098419282798,-258.1809425651125,-17.546201184710437,-65.40551525972457,-7.771549208420283,71.43475535951539,-33.315102414828,211.0593814745248,-69.10226496949879,-258.1809425651125,-12.153045005218184,4
-18.655036012253735,7.508294028094308,-25.794275479605897,6.144371380928644,-53.14602511105492,1.8575667140468552,-18.347592614053593,135.70395332986095,53.002951817382865,-199.26727297768818,-216.09003413513057,-29.677885998037688,-225.77186552175618,-13.81914137558951,188.61515217082368,-42.22839503626268,-62.0993934026786,-94.30282460101608,-105.68145996641653,12.684546351715959,-199.26727297768818,-23.84792135994148,188.61515217082368,-17.958184383551497,14
-24.816704952219034,30.1187087610487,-46.665706934312766,12.892874094350447,-40.73295385275438,-31.161093330496644,14.192229312417524,-109.90840015403165,-245.58777231328997,168.68606324769073,127.87051307367683,-70.55438016264775,36.51544976598894,4.454840782357152,-44.40802197658171,-7.760971542097033,-2.190121799227082,102.58793414290946,-153.410607714428,-62.75136855031061,168.68606324769073,-5.919781201144074,-44.40802197658171,-43.961970268238744,11
13.902135455682052,38.715910061392506,1.9465106822202216,31.157613372105555,-177.95744026558864,5.541424114088791,-19.984915687442484,149.4668027511488,-96.05664676686806,21.531711701775563,-69.21219151574631,20.61676284358328,-184.2435563198228,-178.32375729757857,-23.876046152446886,40.9207133192795,35.28164712850332,163.62532136674383,95.58791862021536,-14.314223097914486,21.531711701775563,-186.78195688330499,-23.876046152446886,53.235800526565825,14
-4.304598390939567,16.75932776292171,-7.48081034073794,-34.4788820025967,-108.08510605430658,-42.86022248813114,21.65662952314621,-31.940374417363806,66.60608461972708,129.4089878996025,-14.77284200673791,-123.32566348068934,22.585499176160575,-50.609385229335246,-23.319034091015048,-14.558206193208695,6.926053073276539,62.29462861756835,170.97788743503344,-22.636242789139,129.4089878996025,110.98485579116516,-23.319034091015048,-191.14498692170423,19
48.37740750839537,0.36329214462705256,46.15368421822385,38.690386455119054,-103.46557671153356,-79.52899878832986,-42.312921364698006,-76.76355120430883,153.91791186892308,-126.02175530652188,25.17168003218086,93.50457637291898,14.34689748410749,-6.592512358031963,3.111085936537174,56.370946705855694,38.27902588238624,0.7202473448700353,4.850266744265701,-18.906926156217374,-126.02175530652188,144.75657793030993,3.111085936537174,-96.13424000730953,18
30.704412548365184,39.24213985869354,-123.00872035828347,-45.17648682853306,28.084510036775477,7.515664251476649,40.029458800433304,-7.955282972129272,-114.01058876215855,185.3825323983699,-60.21859515931148,11.740542410502659,34.88761187532273,-18.683536135337167,11.364009609415675,-11.533352651161932,13.520171084578582,-10.858865817656982,37.290401913650186,8.59379158703734,185.3825323983699,-37.58335675250531,11.364009609415675,-89.01006332170053,9
58.95840318404758,-14.86711122480383,-52.73411496696633,24.33285347266468,9.97003001489631,4.317653402396797,56.506628711416866,149.67811013004484,114.43484590122208,-97.83619884701329,22.457648665901253,-37.356094543495935,51.658096800253226,53.577068400858785,-291.88624273171274,-15.200519046260148,31.307975581383076,66.71882939953275,-68.06752148331401,26.52933374884029,-97.83619884701329,27.47244023260282,-291.88624273171274,184.05993790430642,15
-50.00967381934717,1.323938178630235,86.59404585325204,54.38203527374296,-14.839688043115453,-1.0366732471876667,-28.506430741916965,22.69229424895414,-20.16628853336644,-259.3588147247197,-120.23346587251497,-42.700025126843514,175.3927904243145,-43.725923712822464,-178.9298604720824,42.4921430423515,30.351550707670967,17.048385516858122,48.51032703466408,53.87199704190689,-259.3588147247197,107.63564123027788,-178.9298604720824,130.15281689744077,1
3.9362483581572856,61.997197680605474,-132.61753211900705,29.690176009747425,-41.0217866009529,26.73412859088589,-63.1113435896072,-76.80831836611235,114.15409008523767,179.15746619126128,30.73022052504498,65.75971270588045,-1.7840550475665484,-58.347816505953844,8.210717948929787,83.9565026175721,35.13045361561539,33.860228319251,-87.10635719694395,45.624537389782816,179.15746619126128,-45.838162422408644,8.210717948929787,-96.49808228449842,14
-5.785905630240461,24.00499743753492,180.60273516492117,53.113991308411535,34.628318677150915,59.10234603617671,3.8188316386228687,151.16652861007248,288.149397440782,-198.53758053897968,112.85179940093913,-24.63155348718674,-124.34776992476299,-61.399939412616746,210.46644927544037,-58.40969000416423,-29.131110255507743,51.20370746523662,-180.93207380026536,32.55943034296904,-198.53758053897968,-225.96689634589154,210.46644927544037,166.00956443324043,12
23.228409630554072,0.5439150321049945,-54.90058671549241,-14.977868532617105,73.0545875347889,18.64379549190303,-12.544113719460277,7.463331916266869,-13.106253947471984,29.81577591714121,-110.31323335844739,89.58735616838347,39.79553520255028,-146.11372485391684,139.67826366959406,3.8063333668752812,30.648932493913122,85.12409394062117,-10.93208621813365,2.916641401368072,29.81577591714121,17.918255109493746,139.67826366959406,-102.50147947799013,8
125.48595406275868,58.16812947528791,-38.69693180059888,-58.537439604241825,-55.98661974950492,-5.4801597029879465,16.943523904763392,15.998567838701083,-37.976473939938906,-115.30857964449825,3.4185869601237684,107.57806664595151,164.3207438304895,-29.98636228882979,-110.73232027774786,-68.35825537060798,-17.853894087379334,2.634470481064648,-122.35938098170949,-96.08881571471089,-115.30857964449825,-31.596790018050328,-110.73232027774786,58.92008455835171,16
14.625085444638676,39.42666715920598,76.83706896245309,1.338876510798785,30.621624415379056,15.309397947173757,-30.96302199613644,-21.83335074795022,16.02545448508314,15.822706165773766,17.504450509003956,-5.731378530325166,109.10935274056311,42.6284130573398,-100.62846387229443,-35.633084565471115,59.28572548934052,79.13995554742534,67.45853490882241,9.792976914018244,15.822706165773766,55.801753493254495,-100.62846387229443,-3.597762355006231,20
-80.9148985986149,64.40100457908429,-49.572118210939934,10.90666698366186,-6.071369715868755,22.207216153192135,16.44953654360757,-17.709654890842902,16.844387933379554,167.1031248361946,101.13591672115209,-61.63577116358388,-62.34857339032721,4.757821238459465,28.03351609866182,-30.814130129382256,-83.54276370433682,-7.391776477573915,6.766763435999956,76.20161984843824,167.1031248361946,-62.4631052131726,28.03351609866182,-29.07236937151933,4
66.66090696696399,-41.91759548253934,-155.3420523531969,-18.57022553300645,138.2547962338185,47.72022324379609,-35.95622500255833,-41.29024877978626,-100.28053483573038,355.4361394770871,-74.02369387720591,36.8843285062571,-23.122159493906054,-16.320638808282574,-13.997193092679385,42.844584956201246,-15.945852787762204,-29.149558307797076,113.3464590839732,-9.799349498006602,355.4361394770871,-178.12746759203543,-13.997193092679385,19.42107475373323,8
-94.97631919873818,14.954312712150958,-4.093826677102088,-9.794672154617343,-4.338996104001094,-41.388452054995014,27.59653695832883,-14.508462198766212,-92.85318117425072,-63.076334777210484,65.50466906962386,-83.13072260892703,1.5731821916212319,-118.88559506559932,-77.44135002136109,13.911537072987022,11.60005885171577,3.40062260010197,116.220731596011,-2.9065520518733354,-63.076334777210484,80.71772962490358,-77.44135002136109,111.70198198593148,10
36.023091284924405,33.593977480301106,72.2638553060525,-14.22611463117748,66.41526441122528,5.743104963428833,-74.03806128984516,14.410989571739652,21.34483800304274,-161.86178122972171,-123.50957372557163,160.67841598716103,-21.78854666791711,4.724082269808774,79.2633080703117,0.6046789024398445,-46.80239408528037,52.87548868762492,-0.9235963729913932,2.667993677652822,-161.86178122972171,104.16085262451676,79.2633080703117,-34.16023690354032,6
-13.441050969223218,-39.994120730807495,110.65799396566447,38.97233049098234,30.577801658204876,56.78670803174482,14.751463523027581,46.141261001974065,-40.02898888298445,-63.99143660526373,10.759070983518765,48.79888147049943,-34.48112101726526,-47.443913281297384,222.56703321533774,0.32882555152098786,26.176697235391014,47.7537208431379,30.693123868996814,-5.265313196960415,-63.99143660526373,-8.071499898003761,222.56703321533774,-87.91896970268866,2
-33.49887164887881,-30.701609977023377,-61.561731516201746,41.95911087279559,-11.700199509232059,-8.076504818828328,20.525726103696083,84.60928971216113,3.887160389926425,-11.492109486820299,77.78341572318398,25.406322325870576,6.1268141208350535,15.077960793241312,-37.37177307468039,14.110007884420279,1.749281363931958,100.62086412519352,-107.82478651179642,-12.427518691931649,-11.492109486820299,89.64250768226458,-37.37177307468039,-60.31204698453985,4
38.83907015764147,-0.9820332665091985,45.69757202318147,-28.530189636761783,-12.52041568240475,-0.7358880777295214,40.13909618375103,-162.5971693892359,-187.2357043589797,114.53776005841107,68.76919084314692,64.94373901769094,85.86579375485178,42.833438819976735,182.79282846150522,-15.389687411034398,-32.638083949880695,-75.2682428937766,-23.957089956963742,18.22351773014253,114.53776005841107,-47.23169760367032,182.79282846150522,-160.06134266838393,14
-41.6022547978492,81.84960322379777,2.378855986665487,-20.418334745953892,-130.28592224427354,-1.1419706251716246,-29.23712747511139,64.87559167575648,-26.997376420395195,-125.72274652783561,5.66573217441614,42.25777488501397,60.98913751243486,57.05796008942453,-205.4662777822097,-3.0051596185267297,-92.93664956923864,28.436826535845263,68.08900556705521,17.17311980239006,-125.72274652783561,136.11919588536227,-205.4662777822097,-14.184638184697214,2
-20.93039506592875,-44.60980711042833,79.69516958859052,-47.99345104613614,18.184166576998706,-30.784999305194596,26.292824906711893,58.94430723293187,60.51645161539909,35.24516087533271,-114.48179207067332,-36.322658972825586,-35.340519632336324,-33.662988306816366,98.51501704865493,9.405360516832776,-33.76812755061506,10.397752630844455,131.37538380047505,44.64780012752045,35.24516087533271,-109.34979942513912,98.51501704865493,-23.90262403413395,14
-31.055734999246543,67.77980485471629,64.33958254746777,-10.285083417337844,-49.094013993065445,27.08313380610029,-56.797938653016544,29.815853443892685,-63.48792071081515,-140.37666182790065,-2.5089275773851982,18.25144435398603,19.77867191848687,-95.99583804415434,88.4492589784246,17.728460884333664,-20.434421541014064,67.6008062167442,-48.6037952670387,41.41690664404274,-140.37666182790065,25.177196332066597,88.4492589784246,-24.745972326906585,12
29.66123772455338,1.76948468923116,-15.098550458118485,-55.05329158052042,4.908777988923152,42.273533187537,-42.45031717701259,53.57974369987208,45.007756716011215,5.698385808531585,-26.009636037664016,-24.48629413809586,93.43595053995887,-25.557988374398903,-49.3748042302457,9.88894565586262,-21.96495176830922,60.02166005622897,-2.6892395597786134,-44.89932837256292,5.698385808531585,14.959807333856926,-49.3748042302457,-27.465996134186554,1
20.188794194648338,13.29144507680332,-28.804899293794087,33.87098372777776,-20.379975420375082,-52.689531431143436,-7.163874278162701,33.75847624563699,19.86570452627284,54.024127139181914,63.84618933140652,90.44867723858738,64.41649502640026,-19.88929413477105,-123.89450212646244,32.20983228771756,30.80311631698098,62.963498042423765,86.7092977038851,23.364522076690953,54.024127139181914,-6.830625650702529,-123.89450212646244,12.93571211373525,0
-12.96071075013851,-87.38664191748585,-35.352317976403576,-5.916646067204148,-70.07343616597954,-28.413462594020697,49.31247596370379,-95.16501287416247,123.95118162089894,-153.3130972544816,-142.9346306648334,-2.1405203529416594,-184.4921780710848,-181.21409780527893,214.6308713558808,-22.32060631327572,20.297162509307782,-15.241089695302655,-86.76603026133897,-83.38057109149366,-153.3130972544816,132.43399399656724,214.6308713558808,-92.3344485142222,6
7.981365426981583,-40.24350414963159,110.54505388815687,4.447976880859837,22.237139373390654,50.87237482068163,-14.603375578813914,-40.66082286692129,-136.96596921875792,5.925326388606176,116.16085587087476,-14.26626080766943,85.04149448243962,-50.330492887247104,133.71907627890565,15.651766002410522,2.5807450029254317,10.141662347615664,132.17478183620153,17.670280070760107,5.925326388606176,40.69663785964488,133.71907627890565,-81.25968291270831,2
6.9407602760483735,3.144864232482811,-63.31614040134607,26.44210323647591,96.9600557035686,-23.249548544270908,5.969095267929817,28.106453928624475,-36.849269915005294,-90.67460764029573,-150.69023682533293,129.2157600324907,42.42338717844305,-71.03022690317212,-153.76440207177282,-50.18821665864117,20.246627000831268,49.7353096248587,107.8493861332366,-17.763932647819153,-90.67460764029573,113.39702451938173,-153.76440207177282,106.53548122590074,2
54.838991229120936,1.9667258129139054,-118.09323657194456,-51.37231433992226,52.26045928732377,-24.644749934535714,-11.4681660170889,63.82895881300803,-3.3238993126128324,103.07378813308293,-60.762791076364465,-196.56385470146768,-33.18859244217095,-53.054067945672415,-61.78340371099115,-6.141778056973787,-31.93083917670812,-43.101955755115696,2.276150480670567,-3.490564127898687,103.07378813308293,-80.5767129323919,-61.78340371099115,104.71311999402789,15
-17.950861563002608,-31.22584185448781,139.0042253457624,93.89247138007106,144.84463779371754,-74.56468841502272,-30.173139309534665,31.632522465601795,57.025269866137705,-84.75050092636064,158.4998391342527,84.33444228023752,-44.227908656031836,-143.07773329451405,295.6778256570163,26.09746707865101,-4.064965011723779,111.99318804556826,-76.86038478553746,-48.5715213615326,-84.75050092636064,-75.02581643133888,295.6778256570163,40.971432833483746,2
-6.772171456613025,-17.30498797850097,5.617813699132661,5.489592152198445,153.18712379618137,5.900425802709779,-23.899413883960833,-95.8305563905351,52.489247219597004,311.6926524358204,-69.98841829303034,-8.997049257785843,29.495813355977702,-136.44867198201803,135.2448262939725,14.588536599647433,12.92634275313231,77.41553451427242,104.23525100894894,-17.864206965436125,311.6926524358204,-220.5206904442488,135.2448262939725,-12.850499380431524,7
39.39116333095602,38.473107673358335,-25.837701963829403,30.354364160596894,29.42652648931613,-62.30571114623926,35.65200236276035,111.24996340687787,-105.98366874428731,-76.3773352441303,-63.178343979582515,-68.5669470847001,82.77281108584383,-82.97445442658322,94.7114356759482,-5.7213789631169485,24.76969005391919,77.22589841411924,-104.21353146888634,-15.869630077175971,-76.3773352441303,45.45950975886606,94.7114356759482,-72.90292398442985,11
33.07883572586762,-6.8255634147766,-47.22429915452736,-16.046880514750768,121.81361330751521,28.480584054342096,-65.0277652958714,-132.83865461631413,73.46586141225009,26.188455522591468,-120.37030204985739,99.48372351702301,66.99386798534053,4.448547888267633,-113.15679410480053,-12.368347682961096,35.000403809563764,-32.297869743392255,30.52051344864892,-41.123678032697896,26.188455522591468,48.609747530205055,-113.15679410480053,85.0133768368594,2
-77.88384190667601,-50.9263729165456,13.027912609259573,59.0007913307179,71.70973350199446,22.30668967533613,6.781726275232548,-5.955955981360184,85.73290924413118,133.16417208154678,-9.550147366742765,-39.09212970458761,50.944121196898315,102.13259263671368,-69.96673437032487,27.013296718652448,35.71735322829418,-47.68266215776572,116.91963235129964,32.617288366723656,133.16417208154678,-45.39032907105096,-69.96673437032487,8.228771487546659,15
-23.436907572151924,-17.054659238604472,116.203656651812,37.59748042922217,57.321997422127566,38.74769588813426,9.30503211905284,32.78790580129882,41.391002594020364,-206.04253806922785,-89.18871776469697,99.75417136586941,154.84060398905544,43.93035761040679,-120.77123226806953,27.884543934304578,5.143154073622719,63.84016546584235,15.882182371378097,-38.89716449848151,-206.04253806922785,88.6897945924244,-120.77123226806953,73.84703775865502,1
-23.769867795447826,46.27749242056417,-30.76169109417272,49.6405232890229,43.0919575974943,12.814616822382987,-62.34850228480373,5.234023705999951,-5.75774194272622,-114.63246476213486,-27.038821289906558,-126.64780708972059,-26.10073113297899,-43.01113138945185,143.6946574880866,11.881590701305917,-14.207006438125958,-58.48762167302329,-87.61413124719357,-10.024319078708437,-114.63246476213486,146.7532877427921,143.6946574880866,-58.71896548748264,18
30.761883984328552,-39.292227139710356,50.16913422036687,4.668296406989395,0.4869246769349944,-10.551797448927802,-16.13237065645486,-141.21888138979003,-104.73704218211985,-10.311764587808646,79.86554181127892,68.41794854424622,33.257462232396165,46.15455380049711,43.77577838167453,16.931363472488677,-62.77576366319015,-118.46471650680934,28.39672320925059,17.9794713861006,-10.311764587808646,-7.169810851250937,43.77577838167453,17.399011385854184,8
44.31048859490012,7.383923230149954,32.59723018513191,-15.97369848809228,-61.92193873116102,46.390283248225934,2.739205464136411,-63.98556568451696,106.27262154367195,-128.37559794220857,48.47697302955712,-23.74837903081631,8.557812653665087,-98.45769799052104,232.43373590957944,-11.609502327998326,-7.136140529572604,-86.6377351724045,21.34985221012186,-38.149100591081876,-128.37559794220857,152.2425562006598,232.43373590957944,-175.08349452900723,17
69.79800607438031,42.23087202808739,-7.691331919790665,-38.03847369300231,46.02803757058881,6.852339006435856,12.638748929462665,126.55301110799655,9.918137305506276,-43.14623796911412,-116.58033942603612,65.08881212352308,-31.668166887606766,-39.41427087172463,216.2598271861076,-80.87259877544517,11.208249491794271,53.85444462443192,-76.09249910353489,-71.79266054730275,-43.14623796911412,-19.73698230327546,216.2598271861076,-137.18720273707075,6
33.03957028386161,56.26241335110131,-0.15803698147121903,-10.976612249929062,-63.37564710162518,3.478088214456923,48.821076018843776,-18.337798953099362,-59.814230898761096,-72.78232569957402,8.320454253234226,-32.7453137950828,46.784640980093606,-35.89844610703775,138.37648725906627,-13.593937758506394,-30.75703425673099,-96.8267286012642,-113.73079030197343,78.6206078721041,-72.78232569957402,-59.04409717977611,138.37648725906627,-45.63486808277905,18
4.497735387179619,-76.186974858878,-87.96605195049432,23.80241161985406,96.49828941984762,-36.51884408233086,2.8456224646766977,-6.306627269816145,-13.239183965801598,77.60414814659127,47.820874848373464,109.65730878344608,-11.290531625312124,47.14611419383839,-68.96570021294119,66.07665854227066,-29.989411469918323,-14.795366809109751,-35.24846415609296,69.72380088955737,77.60414814659127,-25.844264423090685,-68.96570021294119,76.27017878407672,7
-8.305700426119634,-45.57757727927082,-56.752978733676976,4.357030788951804,-92.5567617912638,-42.4381782949058,28.74045706682745,20.611546359565942,-35.52320666992355,101.99612789655717,18.011046047246595,-154.21520896819618,-95.64362483117276,-22.932631958296508,-206.48931716819945,-5.673687474485181,-22.34725765392487,104.26163521214741,-62.62901691798689,29.384298365319435,101.99612789655717,-83.91788454386574,-206.48931716819945,130.16183323948502,10
2.742039807716803,-7.717521843032097,35.34832581489934,63.54528291903377,8.601369502353782,-38.77094936402285,5.8530860895433605,-8.88380522461973,-182.02712022466437,67.87993278032546,196.90212848917622,21.46074958626075,-32.28378199546267,-54.27360545889606,18.998776286634946,-76.68561710323837,56.05675283613942,131.13543691659106,-101.9229896533891,57.299098140267446,67.87993278032546,-105.79841804248092,18.998776286634946,83.9211962327365,11
-4.081863633600695,2.609795640552381,-0.11136895023427851,-7.161240134202433,-171.28645993121012,-56.75621389465938,-61.175948880409706,136.18425174809533,-114.25567769528578,-117.47857976577235,48.12046132960111,92.96723794751844,-38.25304393171428,-55.25366680349371,-107.06337189132888,-11.883739219021345,-18.619642529653827,55.60221432228084,69.43197157115281,-9.502393792500957,-117.47857976577235,-29.724244058140243,-107.06337189132888,43.86087191952234,14
11.101236263161152,-23.58014633404991,128.65618699446577,-4.355230093499673,-99.21118779390582,-82.46995218020301,19.380270376844845,-88.95670056427129,-35.514205364808184,-182.9199430781852,45.94682817444847,-49.13296297915218,12.403103880765208,60.36307650479459,141.52041391692396,-0.07116459385873038,-17.859980963793838,-98.20839033628268,-63.48230842353171,12.611969447838252,-182.9199430781852,111.88243520597105,141.52041391692396,-103.05237030903572,5
30.764774011415103,48.164166830048664,21.803894076861063,-47.800475459256745,49.898424522177514,20.073116452678754,37.08441628156172,38.69931501264959,-22.7888203247458,-15.076644525682191,-40.77023449388232,40.50691527911178,241.80614354979178,55.892658075434,-151.0745706700967,-40.03835109107637,16.564316219613286,30.18909142082901,98.82174359353094,44.73323644478459,-15.076644525682191,72.68832794348212,-151.0745706700967,-24.669987637664196,11
5.447629525382905,-14.719435168019164,85.19559244704354,-3.2230843855607345,164.7466321869261,-36.6829876720691,83.85738732972175,12.27381029814605,-124.41679252244819,89.44745104898992,-76.50231680675034,-5.480290092238924,47.54375361054556,46.48961330506378,-96.61289431699898,1.031321950049806,13.376431887736366,157.83836352814012,13.659944243740743,-23.914009465792766,89.44745104898992,-76.44151599711162,-96.61289431699898,121.79472389561,19
2.56924484749391,-68.51252136061763,-34.28927243055726,-6.591618405678861,-2.85742341945177,43.744998749431815,46.73772984024033,-61.17890890363158,-65.82618975229133,-38.084530557549904,-97.74073868479573,44.306261790324214,-27.648197881713692,-20.71231736917631,-150.52830041463426,-15.558586614655567,93.52801370533751,-56.330585154934866,105.06240805753481,-22.58788206610644,-38.084530557549904,17.105857885412696,-150.52830041463426,136.46257647762337,10
9.471838243311892,17.352662972597233,-31.71753894668217,22.46922672526935,34.39208371907433,-52.62123069150907,-50.69767092363949,-25.35257249689508,102.08135089438503,117.8946015718109,116.08909335586446,-70.77773512943412,-79.05875573623348,7.351815245127993,164.35284094086893,2.782137661975214,-7.227484108891019,-5.902581917443763,-18.318174578209245,82.0346674444349,117.8946015718109,72.01260324246407,164.35284094086893,-150.8175151530919,14
5.205106107933322,-26.50321853368233,-38.9471915114586,-73.76525979723226,80.626215841428,63.20627674714472,24.35731166471922,54.79921115392722,-16.42646900179357,-238.15662125370676,-27.938452687966976,19.566722891620714,197.75213301097034,-87.90296947996227,214.1583627892686,-48.302433522217676,44.330821320777964,-126.32878225691114,-108.63771508618761,-10.84756357184183,-238.15662125370676,133.02911180395802,214.1583627892686,-96.86572678527556,19
-18.238174822986345,-20.19627779066923,141.1593684796512,107.80138048217572,114.43514937268037,43.86990657734283,56.322155091271384,-21.418383485934527,25.962564884312627,9.176206109826891,128.62677745424133,-26.587508359466383,-35.97819525554208,23.636552718404964,100.7332341082978,-78.73733425441911,37.161982294520456,37.23790276719855,175.6739649383536,-29.37196536694416,9.176206109826891,110.14259006279772,100.7332341082978,-27.52732551879399,7
-14.899924235532715,13.586441528409344,-65.64097127605564,7.827952680847728,-133.56305983332481,8.318786733365673,43.474779624654204,-1.3007694481912102,48.541208425582134,79.9302174977569,-2.495114851964715,4.183431700064775,-8.551458609565845,1.0317729788510999,-172.4453632127292,20.797283299490566,-25.80466952387802,117.05494511976325,-160.33705220639217,-62.2017915613696,79.9302174977569,-97.27402781644665,-172.4453632127292,26.24517652100799,12
-63.658345864338514,11.07494130448102,-137.23192629981045,0.7888163327806694,19.51875310990017,10.329069850063672,-49.0765297444503,-85.5602451718788,212.31742516707814,174.0755100881321,82.14815937593315,-82.96036182934029,114.58994772985079,-84.58455079604741,-261.99770706253,-20.624509744511297,18.017076908649223,-29.016265919704978,73.86594671526123,10.928071113193209,174.0755100881321,-50.314787324870814,-261.99770706253,152.05252097754965,10
-1.4111368849358328,-21.632767893495796,-80.1348639786407,5.863788462640377,242.20861191810098,-5.024064549031582,11.048479593680018,-88.75435356918842,-176.23187593937087,255.8623397144154,31.456907691782988,26.952105914803717,161.16390544902708,45.48075227427938,66.8622423992868,-44.95504366149973,-30.747165246537737,-168.77082877786881,53.271683002875214,-46.135532625340154,255.8623397144154,-190.55926690390208,66.8622423992868,73.16370425631014,8
7.619770133538337,29.37274537277419,-160.788113267875,98.31813218447776,74.27460554360714,-14.0874010160112,-38.67043783810015,63.102124287887364,74.83946001026163,148.88580457029798,101.3895494009995,49.186157237939334,30.829733774990096,-63.281591807912264,24.548779291857944,-54.70989257251241,46.32061980885687,26.277659798296895,-70.33435665688268,72.43549150800764,148.88580457029798,-52.19150219359801,24.548779291857944,-26.955373298232654,0
-132.95588674411493,1.2031705763789389,30.44432079728346,-53.360451764226994,-34.44450801498953,-29.042747168239217,26.401247456219362,14.558038512624973,61.35694309192816,138.27129983249094,51.35922062939018,11.92494206932838,-44.799232220507676,38.71337710768691,116.60943115211847,-33.98641962677085,4.465621898204082,13.373609108345557,48.04004222960357,-12.14472543932106,138.27129983249094,-76.69693634413355,116.60943115211847,-137.85777632764132,4
68.03000268615024,30.226542282983676,-103.6239949171872,-2.049257990690952,-45.011579652417595,52.912308020943414,14.647771664936913,-76.15558079767303,-48.68669903940002,75.4690010252751,141.78344396047518,-79.32106604067587,-83.72538239112947,-149.94819745446182,-21.74198200759284,67.9873552977997,-26.456488274672868,73.30604854379786,-23.149575248779,23.883620780099285,75.4690010252751,102.8240405403076,-21.74198200759284,1.1717072388658334,6
-7.825613467592426,21.945549730227853,-116.35327724128445,25.613698870290218,-17.156127283129507,27.10777869924446,35.35336487436976,-92.43508786999136,-50.55820117952535,249.2942133567831,134.47316409072042,-40.8646179681609,-13.459909225472106,60.82215093471868,-19.906125176215912,11.081715672750274,-2.7730518810331612,-136.15851903819973,140.96967028609188,24.8185079960281,249.2942133567831,11.315841783989411,-19.906125176215912,-89.70804486090228,20
8.717070478324322,32.902664579552344,21.13522148290505,-48.512769476735514,6.431409089635447,1.943952669549631,-2.414130149861475,54.65660970839284,156.34942957369944,35.96722417206735,158.3067526501968,142.67352376276204,-6.977122402616844,135.07875356967145,-174.69609776920186,-10.440961075783594,-18.682254565027556,206.62158811636164,-55.953507454834515,-11.450895767890572,35.96722417206735,128.7272773680886,-174.69609776920186,-45.95963179832886,4
96.26090070271529,64.23811061931214,81.16203771503378,78.98960284285627,121.02947552065244,79.43080727347915,0.6483258486429773,-12.45626024852105,-56.11058925146955,67.1562747232341,-66.28730058451745,-43.857260509556816,-40.00169604940241,133.7797427035024,78.51237886513887,2.9361122829251665,65.06890113361437,-23.19350974094453,-0.15707999164115805,-11.217282456410162,67.1562747232341,-51.91698381064511,78.51237886513887,0.21008787428725917,4
57.690964288887265,-50.6304809678344,149.8821897887331,-36.95265830949249,-143.9233106421156,30.902103616647718,5.26013936418685,-160.06411285484447,86.74491799936678,-106.96073271218953,110.59509016822136,-103.70931292475092,75.73903631204101,61.182891481857595,-37.15788879893997,-30.475349230644767,-1.658061150733026,-79.651442578536,3.354485995649279,50.41812513624686,-106.96073271218953,73.14227114305437,-37.15788879893997,-20.370861395228886,12
-20.811599583688057,21.947302939279556,29.740904609958562,12.7598448501716,267.641861435578,11.50502528228557,-41.21768481626107,49.24573900682763,-93.0415210929818,-50.01156613544322,62.99654894767643,26.772502916097302,179.74420627020044,-135.66502303908766,274.6969524825183,16.938747221358426,21.536937267273583,113.11848637134524,-109.10046283728322,-11.998221581704733,-50.01156613544322,84.31550681028779,274.6969524825183,-74.91687647194931,6
52.61148119274023,0.5565222680026543,-131.7588943148311,65.17119058982061,19.19858566162315,-33.69696099842545,14.300791342449326,-28.193916045929956,-89.17884977319443,148.3456017483208,-4.208427871491964,-101.99629513361673,-33.63673559586125,14.139183491555238,28.915993487051324,20.997682654284603,87.18014451456594,-57.73674927819292,-51.161394309356666,63.28702758401326,148.3456017483208,10.756487469485826,28.915993487051324,-63.23457976889098,18
29.064765457816474,-9.120316029373774,55.91427122001805,59.386475088771526,-7.412998684076895,5.634784117873567,-49.99985042945791,-89.87086781675934,17.364061861568505,-99.88045679644458,-103.30819792587582,10.661244312686598,8.187456482179991,18.289231552333316,-44.6199355928522,18.123447945988374,-9.39344525191644,-43.32596983723249,44.525259405693006,-0.5583744511945895,-99.88045679644458,77.06320088951053,-44.6199355928522,32.967736487569766,2
-4.008367973455117,-13.743732985422287,125.10162292916576,58.798896327835415,-154.19549629915724,30.480680504846887,-65.87891399579966,-38.73322626977276,153.69261456973481,-104.27661729444951,-18.03364501657871,-32.06368332362554,-3.8535139171089705,-184.4934235281251,208.97487854888567,-10.034597009242699,-61.288160273257205,86.0873965190811,-60.55562352593468,59.77715336831312,-104.27661729444951,-55.994841064011936,208.97487854888567,-119.59573204679373,1
31.777539835577407,-32.741857904361396,-125.91481573085672,-18.977795221109506,-175.0579927533208,-83.65931563087281,16.487408398575493,-64.80210731292996,-7.769038277675788,108.93290405887122,-52.67284218740797,-51.54455774604444,-163.98629615900276,55.1729450501025,-234.76356134073924,12.900716800886133,-2.3206246220474958,-5.182006636605796,12.315414194969199,-22.69283311451884,108.93290405887122,37.65311445545435,-234.76356134073924,15.49875358928742,18
-20.166302729206265,-30.55516133275888,131.55431976768003,34.12676678593012,-68.44407988241795,22.317596034308895,31.90850295725673,-87.70476115657296,10.664021828981136,-251.82160405657325,-40.91186927801285,-50.02456648873672,-74.97617647236706,-100.4376174529235,249.255069549975,-87.46342478328515,7.531174502834034,-78.60069331562767,-33.50521019737567,9.749887939079894,-251.82160405657325,95.70082417269825,249.255069549975,-52.33512618472865,15
-46.31711189483346,25.61286377538421,-121.53055368333594,33.217620364657265,-9.56820923522522,21.8523412962813,44.95322598922989,42.283247251915476,-41.78271334888269,168.4429091154338,-29.22851299291748,-38.645330512690805,106.3996187610289,-63.98564439021676,-236.0366417518063,-14.787271687404486,41.63808823108573,93.20382300543493,1.8420079320050142,-39.10057713628804,168.4429091154338,-127.16761851335919,-236.0366417518063,102.44914811875742,9
4.4493793765155925,-101.34169926399635,-63.315058071748766,22.844530200075255,121.70656541731336,64.57052964248766,-56.01915808337501,-142.94550607642572,68.38236589200021,212.66064881087775,50.193516253814614,18.216704596228197,-46.36194746287462,22.743705683334433,65.68684859188916,20.88182977424244,15.926969908945285,-5.396920968496057,-83.82888637822303,-68.52283194728886,212.66064881087775,-47.718264915847556,65.68684859188916,-12.611364007273265,11
-15.630105561186479,-5.521274398785801,-68.3918673713538,10.145225639088329,136.7274906185389,-17.37899213938929,-28.868523987203268,-43.13470077573253,94.28975369448304,324.646943414418,36.11034453684587,-42.84864643793217,86.59357225719188,21.97054403321755,-88.04598194653208,22.64486739462739,-40.28722434792595,33.945480738037375,89.34365648154312,16.78272042444547,324.646943414418,-123.397752328494,-88.04598194653208,18.280728957545087,10
39.49399384357168,-47.81068623210672,-52.492164987308826,8.547646397750938,5.459101936952653,-44.67795847949553,69.15202318241536,-79.49960730793097,97.29759677320446,136.72342456386235,-53.745547158041454,101.88111452174361,60.924749995904705,177.905377806578,-227.49585650398754,30.030988139216767,5.128362889026189,101.49022295514042,-91.69661601276033,71.10758715025202,136.72342456386235,75.25570020433969,-227.49585650398754,-65.05458911647455,7
-10.948417078711156,-10.571129112492804,-153.92005434433392,-41.97023878852238,-34.71260421919882,-108.02230303058326,11.57881229718618,-20.50181913176674,-163.53126826839457,100.47643376686108,-47.24393777413244,13.003192345869907,119.9143608477538,104.72377978931377,-213.80726574188378,5.837949108793298,-78.23932614379625,-150.7696501732509,45.778110549256496,-8.207773835922147,100.47643376686108,-23.6842188623897,-213.80726574188378,32.40096137598342,3
43.86316896616301,-32.42784436249594,119.26238548592451,9.512142988319207,-53.13700514480411,-9.058601851788007,6.801309608257066,57.247404366554946,-13.944699468396244,-106.76173970657784,-22.135176339343694,48.379561152963824,4.982539277240052,102.27225930238049,136.48391393475345,46.56170354212645,-14.134107160378518,-59.60175823698904,-56.88683862607849,-10.763966165848515,-106.76173970657784,-89.00642867224025,136.48391393475345,-63.95544296076055,14
20.715137523474034,53.913187597230504,94.5718616052052,20.33238237407415,225.04598452257954,30.860475417823476,-21.632594237705547,54.074144664802844,33.9418428192644,-97.9715385808552,-101.94052428503545,137.1439319150746,-84.18290969025028,-33.38432015601417,431.58611606287985,8.695306423345743,57.23056824159161,-87.99114412757322,48.52906032124183,56.03394520552291,-97.9715385808552,-29.112977038827346,431.58611606287985,-81.24316756334719,7
5.958853490806099,44.410762003440816,-70.79359575770813,51.515073602670405,-4.160231055221164,9.975692912068881,22.024156245609277,-108.51770762509462,-32.040461510028564,71.31340249935444,36.47478831654565,3.8908944241844967,-56.64415627416461,8.740934528655586,-110.84348026694468,20.55379260556288,52.96631619649724,-27.458603697692272,52.11921507668763,-22.081615365610872,71.31340249935444,86.29258504546243,-110.84348026694468,37.61481262156154,18
0.5696732005377796,6.374977185401496,18.800157472819777,9.105040713167412,14.542609141771061,-63.15927008774458,-39.64150590033243,-129.9955579773412,-95.38435654837755,70.01757023451526,65.87705040529909,-19.8581399184881,150.71929604351556,-0.2866891153225204,-65.59714247701206,-33.18457914770305,-27.94209756879912,44.36327520038194,-72.46641480779144,-24.189429163945015,70.01757023451526,2.4444465634425994,-65.59714247701206,5.503269935274844,5
61.73143885601299,-7.068167441896663,22.96070178269194,30.160668304814713,94.86699255485185,-1.0750208107174164,55.93250323716566,118.5547670948759,-23.254012360216,-114.45275174153389,-131.69068981545104,-3.010671796107429,2.324681568681921,64.68330057738287,31.467044511940326,5.839755068302822,5.318498990250944,-133.9853436984038,150.31814251620625,-18.38034532787813,-114.45275174153389,21.564790613278333,31.467044511940326,44.7295471716906,1
24.844394186154663,-49.84793404935281,-128.46857027532732,-122.05843681686167,132.23972180582,26.109369293657416,-22.815697779058304,30.664562282278112,106.0797820737879,45.231902804799375,-24.446189733742223,172.46887086166353,-91.46791313746014,-60.51313844553405,-34.2971654116266,-6.482995360193798,41.07035709679483,119.44435125654857,-24.4175431488111,-7.628838719174725,45.231902804799375,99.46451166300022,-34.2971654116266,17.699028270046977,0
14.030183603261023,-59.648296763157454,-39.245669972913674,-18.463056316381877,-72.32713174714355,-7.652771922173988,17.33924301536128,-112.08115171490758,92.50615821420872,290.8464419147387,20.255179226067128,-271.65875706761716,35.80947246824054,25.082984334370913,-25.962163091821964,9.84814938666206,-87.39928537799463,-135.75472824437753,101.72723716686332,-26.015172228162122,290.8464419147387,-153.97493539641994,-25.962163091821964,-47.9832216753958,4
-61.5101252684648,66.26844108805757,4.814140790419517,12.006112496264631,-175.17325126167876,-18.12400377122764,4.329250406429063,-100.62897970519239,1.8623257663613302,295.24189651772326,63.779002850692414,77.10530839413131,108.08341845427911,63.6222738498237,-395.72543726985606,76.71080592361106,32.09915310858106,183.9883580698483,148.4083418518196,-34.92930385417563,295.24189651772326,-109.26604009580785,-395.72543726985606,1.4449601148770075,9
-14.897896857464982,50.73750381282097,-8.86496222906775,-5.204885922720379,-145.2911269796307,32.177548226170465,-32.73308494284212,-178.3159933547236,10.880477302495795,-72.50828837512303,-89.13099931397362,82.86941173523797,-10.257455167756682,8.274403089502913,-104.50571220595666,-43.31637576095411,-65.56568450691546,-37.81817191804796,-32.05497883090718,6.430304181975325,-72.50828837512303,91.27650735792542,-104.50571220595666,-25.348104789071833,12
-29.981851618100436,-11.384364566022402,6.9287853364615515,2.9608058612646184,-82.01219599269777,25.095165576563076,-13.718859811368267,49.49062459349516,117.95900495433796,126.83029126630844,21.965674106265638,-54.906087740064386,8.797941318236875,22.815305288303847,-169.3178021288017,-12.823450882426123,-59.43996466941048,91.85851908920718,1.3122753201282134,5.046755352228728,126.83029126630844,-159.41539471296946,-169.3178021288017,62.20247361011033,15
14.065933108263344,-15.608632941934212,-89.40849429329731,-18.026918391750698,-114.17631793858938,-4.966917899553157,-56.77373176802199,-113.5476263536066,9.75920287382455,38.59075173075047,72.08546098281408,-123.3479124369898,-39.99344270368575,-81.36445241152943,-150.16034247767334,41.98538341919267,-35.11983709005434,45.07006010766293,-66.76217712609406,16.129955458866277,38.59075173075047,100.12375976680059,-150.16034247767334,32.904921073666664,6
-18.83537733946925,70.96566076841842,15.802976077264862,31.390888276806223,-31.776354465850165,-58.36381805025938,-18.462336599164026,19.084410451295835,-30.408245625146044,-28.757434259866393,-59.874098520312344,37.461717778693234,117.43275986462749,19.33829255339932,-46.639781394801155,33.8548607257229,-23.6951880368937,78.66619601849234,-83.50390248324702,8.085426350929179,-28.757434259866393,6.683645296264595,-46.639781394801155,-57.628100040715395,5
41.11369869515081,55.880234346914634,45.92632243206854,33.699533987342775,-81.24601404659998,8.027279980485199,-52.575522190490034,-213.52366230818683,-16.37945709832128,235.5224447498367,49.66131124944867,33.220005455243765,84.86826861890887,45.11420354220192,-26.434920273578754,-29.749125424696814,-36.334994924297916,-45.69392387620483,115.05558411076603,-39.126599908913136,235.5224447498367,-107.37368834084702,-26.434920273578754,-92.11000838541048,9
77.34681539411385,-85.85170485845401,-30.375211794155,-13.972909848930158,-69.26815388274315,-41.75088201588962,-2.7110872990679713,-10.164315274742002,-40.71026376368632,7.2984265105224955,60.343063666267945,-99.5428179463486,-8.43696585836331,111.63429504243464,129.42568609340694,-7.82005394355214,-4.720742756686349,-118.10282912575474,-71.24862851755427,-24.065421870867226,7.2984265105224955,106.8859450188888,129.42568609340694,-199.13908001901888,11
-19.232396716803848,-36.66359493749952,-3.212508992740748,-1.1794420103141694,58.08136996594391,-42.75430617072665,-47.090293213310765,-73.86720114694343,-6.48560862753313,-80.84463605286174,-23.871047403523953,17.855785638491216,155.09014665336548,28.720207888335413,-349.15059312639846,36.05321195492938,12.687315938927801,16.807345459367646,17.509512359351067,-4.62393838253908,-80.84463605286174,59.66241812737104,-349.15059312639846,248.52099900469835,5
95.43860103479567,8.193154377773835,-40.73248312579263,-57.936351708589775,-85.40660185341909,-0.969700288235733,93.19462887228684,-127.86115223373949,69.59481819190782,104.66586105302439,-183.7135219503982,-56.173162928947974,54.42990715760493,84.23033412799143,-143.3987954444284,35.02305735798832,-15.860448775086962,11.027306613411563,-154.27759513450826,14.508604395360095,104.66586105302439,-65.28223666046333,-143.3987954444284,-32.54345441256076,7
5.843807371181765,-0.7097072807416877,82.40423470276912,19.1755470149597,-56.982196089932216,-31.779200549164187,-3.771885256492839,99.7758231526558,-86.28079484972339,21.351469484294945,-85.29069239172729,60.870833191232904,66.76246653156801,88.55174187266856,81.5712180908042,25.46928426235646,-9.138012044031846,99.6388535340885,73.17662605974766,-39.937788572045186,21.351469484294945,49.85936501672313,81.5712180908042,-252.50365447075745,2
-36.46278435011802,-8.689875842005456,-30.086492111732767,-0.7669483864456171,12.517323929969688,16.40085198653044,-17.955411964360557,-21.952175106717753,-50.623978530347074,59.736963822743135,-90.87904034716509,-7.37020515035991,-18.191699537381105,-15.009213642729517,109.97915752904177,2.439750134582995,-34.030023365935264,-75.6047541537766,52.351778019897786,61.740389561065356,59.736963822743135,-33.96151573162996,109.97915752904177,-74.73140450403108,19
41.12802436085333,22.906494038851186,-35.26686176970788,-40.36512939288364,-81.45297932025848,44.934614716822736,19.74865411685329,-31.15321336446864,168.24664584795107,84.00911912309626,-59.681563468122995,67.0435884499379,-171.2108444145337,-46.7107343712863,55.79453139275799,33.76807300428824,-14.089135361338156,83.65058227005584,71.71447422169321,77.61172811875514,84.00911912309626,77.25369118055801,55.79453139275799,-157.85153970380395,13
28.709133108790024,-97.40530225610581,50.85896703675145,50.68796775452554,-22.80897105394893,-3.8715985735572387,-59.575374195936206,94.079549131705,-9.529604826953948,-21.375794748684168,48.92232303592632,-60.229658804090164,158.39192120215583,-50.23719267181593,-68.67654311780248,11.666131892495656,83.31932966265109,177.7582349514728,-68.81494269124559,-46.684969813394076,-21.375794748684168,-6.245647623850763,-68.67654311780248,-19.975553930904173,9
21.625359851996716,2.351588429481086,-42.19722785293939,22.66523783561937,-4.800302405465993,7.974604591570605,-43.00734201421908,-146.18509130090627,135.94012942178512,164.3025134737108,-39.40414933898013,-89.8793004002699,156.97092936016256,-158.47452072845533,147.17047048794225,-16.015345177168314,-3.032607583985359,-4.424412646748372,-151.63276089302715,52.06164670401308,164.3025134737108,-176.36377925119552,147.17047048794225,-83.55878725346344,7
-23.512027758956418,-92.86657393315346,51.293833384239775,-2.8700489272721597,10.507859769573775,4.375782503325648,-0.5985388250048359,47.430908659133166,-50.621895921667885,-113.93073309491884,-75.10339798766307,-121.59067558246107,0.4731038509082941,-183.873974957469,147.90232014972926,-35.1820784635298,47.81878890628877,25.960773076840134,-98.13217074487648,-6.595861592398675,-113.93073309491884,-136.8808710271517,147.90232014972926,99.09782956542367,11
-15.460345461096521,54.930298072018225,37.97026598055436,-23.231462308150274,-23.390316466156584,17.1178560956834,-57.571865807021105,67.17229233019151,78.53689625440671,-115.59574972631484,-70.38813003376909,45.0525267611852,-0.8568674839258916,6.293506621113001,59.802541718769405,-28.20118697437398,-25.704056339864056,58.194815028385385,-57.91789022172299,-24.08939712599501,-115.59574972631484,66.4172617609967,59.802541718769405,-85.70067148811987,1
-15.065015079802935,73.03014103368442,-9.884449284348031,-78.52382136097923,9.721296543246943,-15.285186481089132,-30.37591764964487,27.79734407265614,49.28079780805555,198.9329120201911,-16.454713323718074,-67.88274361701701,221.9476085409187,20.85856802925435,3.8824618935213895,64.2794728050395,33.24514441384337,132.0318133618182,80.45212091606126,56.73401636065574,198.9329120201911,95.1608148984787,3.8824618935213895,-287.92336947118423,9
-18.151932555176522,-9.32201539819032,-10.260133618810361,0.21092971042537242,57.749018086112265,5.134620812863421,32.33574933878902,-4.0613408058718115,-29.845255237674102,-253.68225088085035,-60.85049136577553,114.62437699989158,148.82309032716145,-152.23129225713456,-37.91849728086777,23.993911019336437,-2.3178732674792673,-5.3575107589121895,58.42756028124796,-68.74458262342668,-253.68225088085035,179.42130129235488,-37.91849728086777,69.27843845181548,2
-79.8968201969202,-49.683325921129395,47.5277300239015,5.903963872375941,113.31646421625167,-75.60654614728855,26.625063163695515,111.29930176190595,166.3188094588977,-148.00754563767623,104.37893843887805,-2.4233424921159274,-72.5058830917771,-34.067774694410986,305.27187150975726,-102.74028858690264,-20.52871655262587,-54.01258408754222,9.256295009858405,69.66478611545229,-148.00754563767623,129.52682401527073,305.27187150975726,-106.38990904597698,12
-90.19946899661015,2.1004823928200005,59.203554048046726,29.434736143504914,-11.186786686905439,87.4759637299576,-24.9089024376187,201.18568581974668,-21.913998547027404,52.08367709116838,23.93345771212344,3.013928385291842,-190.39461131912958,-25.841796646533417,229.09826237729874,25.91433377349933,-5.280452351987175,102.61870472855404,6.216391935096599,-55.783659842554705,52.08367709116838,-161.5958107635805,229.09826237729874,-77.60118679740405,14
3.2069747995104825,57.444655400245296,-109.52772381415542,51.16835227103871,-3.609841807520162,-20.9361207135152,16.20716996288309,37.31566402997013,-52.71302730896609,9.98977760134702,-135.42175487632142,48.35685786622271,59.88804646504485,-10.225604851983654,-208.41911789417532,31.42948030781071,29.54845321963117,85.42976837197006,1.4258741251673168,-44.67445175710928,9.98977760134702,80.18510070966408,-208.41911789417532,18.811284029150496,13
32.86592859444316,-23.989571877798284,-78.92421853762124,20.699804978062545,33.47839485989305,-0.5922674624218226,-70.44372353066902,112.09820018156057,-29.40097112022848,-6.196626113944004,-40.253268261346015,113.19727095323394,48.17649802437086,-22.64724394113376,-218.0441642985184,25.46556739734511,3.1046844024003906,187.97405837141685,-98.42003000488248,79.51687912657009,-6.196626113944004,-15.882602571341788,-218.0441642985184,109.31233881817403,13
75.10439832203357,-33.063320309974145,-146.07710086357994,45.05263551414779,73.91908758911187,-43.03187796447142,-48.13254673087533,56.85484042537947,-25.050057670083497,78.23387185093306,13.194284143325024,-74.21797533859743,-21.535493711004783,-111.40487511900321,50.630650063512626,7.902365876618517,-15.51779648731198,-74.00887778176818,103.30212336024987,-41.573696097812785,78.23387185093306,31.440936470323344,50.630650063512626,-0.3151728600037451,17
138.58002060661602,12.104245521591146,-10.442912966860739,15.829944283037475,-192.23822415628626,-48.08198471839529,54.537402246884426,12.434350274678696,89.77466959960927,63.91604879765169,91.60706775964682,64.6948246625145,9.009257311770194,106.40780910067824,-162.7082337396948,-26.293728309564464,26.688769174996168,24.995321671770196,98.26972501842874,-4.841569419539829,63.91604879765169,64.40068384423694,-162.7082337396948,-132.71089280497264,18
-44.46081352450043,4.974884456866257,41.20094250519223,-7.500429125218496,81.39119640522796,1.6786191676385485,17.293559828586602,95.19924037761874,-127.95866698853324,-250.84563419459826,-330.5764462184244,148.89845361925222,-57.81312393697689,115.76828546465543,-42.84576431097398,40.81013288240434,47.611875870479146,-16.00178880311109,63.9013240408873,-23.769579142988313,-250.84563419459826,163.71447237449132,-42.84576431097398,20.396700495153205,13
-25.99003053342114,59.026568759789384,170.39553368744015,-45.61686514836417,-20.12247705872059,7.856063917755183,3.6560556352634324,43.43590908873072,-85.49099514867378,-52.2765590912303,35.63393340919822,39.88357600354639,-70.21775409678224,157.33186167046424,-28.476382727957148,-16.110181784911827,19.476671331041292,63.097015113859236,59.34490324727871,-8.670227518573876,-52.2765590912303,-1.0228521135725988,-28.476382727957148,12.1116021204746,10
-77.24276419788632,4.58475559114911,13.153065358019775,46.05053731555114,-15.454937811074787,-31.264845547746365,36.29733119377063,25.469282357515716,34.4125842507903,31.79778631134075,4.655879930440796,9.267472425231302,-110.3157053434149,-94.73753582867005,301.20611535084964,79.87200770575762,-32.2080412826063,-12.699092313156854,-48.25462165856757,-70.45403356246729,31.79778631134075,-104.73058239251625,301.20611535084964,-121.84425848917331,4
-27.504473516943747,-6.834375386611989,-93.31879970496658,-83.1896301176583,-73.6223189299539,-12.832582915096967,65.71842857077785,53.70816151847673,69.06650748978058,112.56406762487863,-82.87829922851887,-115.13554465968262,37.4069452522197,178.88080506871532,-456.5901412003029,75.43057839278107,7.13537038029091,103.36662389048813,-5.506028818590156,34.548048309114165,112.56406762487863,72.95732987664232,-456.5901412003029,67.85498892663652,13
-25.98819026085483,27.62044848194662,-6.225948447770566,52.51633209804557,172.9311544864517,40.094697068460476,10.150455636366205,21.022356957877264,136.59209136212704,24.48340427362873,71.5795024434882,109.97276089326252,-112.1866303039517,-25.527153991565932,160.84879233606733,-54.55578361368811,-102.48538940576937,53.65082762211952,-108.47422518925426,32.70784168149276,24.48340427362873,-43.73496633142656,160.84879233606733,44.77456088635505,4
-45.59741834397684,-15.78500583570494,23.826921625801766,-94.76823575628865,6.921716477723834,50.654667154060604,-12.071813231692987,94.7202628573549,-55.25569315075888,-124.09820460046846,-106.2934852380952,118.92435795479558,-117.46851735622279,-125.68708654840015,49.306339417835645,-1.6750468878722435,73.93942688863089,33.82365470677064,94.40276008199905,1.2635673209951779,-124.09820460046846,-70.31957747634249,49.306339417835645,108.2104689076738,9
-12.040099324645082,14.82298072716617,-118.52856950336061,-18.02849062021306,156.5086300814845,52.684080997651975,-44.766698207724446,-123.45513105929632,18.51287835459427,160.0319190347834,13.758258885599904,47.0180674561189,32.77091158503096,-37.74646615310488,39.049616551710024,24.054055207282502,-10.466503085802575,-119.67742317752035,-50.21884516968663,-32.32609581025245,160.0319190347834,-127.88501061383084,39.049616551710024,103.4402318806527,20
-47.03461860559722,1.379826432217892,-100.1112830514221,-15.842944779633026,75.05468325263087,33.46469704497113,-0.6559949216475146,-124.59686714901397,107.46536341804952,254.39562398289291,67.17848549208009,62.72843701101061,48.2896786079316,7.136453030778371,234.2496777505605,24.335436604387564,-35.50832005241363,-157.65133663419246,-142.82082168644976,-37.4294461232476,254.39562398289291,-241.64510018333561,234.2496777505605,-93.48300158637507,20
-4.988453979595927,-36.29895506875211,154.27398911286622,0.30515059824819735,55.096648437823035,35.922140284486375,-41.05334318190428,41.34340462872744,112.52066694570667,-273.4696555549744,-162.23104660888583,69.71076249830284,-13.697702356596686,-3.440727343490959,-3.015172581334562,-53.18464969509695,10.00025663611859,10.427769500471067,42.08931810871696,17.78158659150066,-273.4696555549744,35.53376594951112,-3.015172581334562,128.10176616134572,1
-22.809634360011422,-29.323524673693605,129.3557556331731,15.336519529088097,274.8889201284394,-0.817841894368536,6.363352084925675,-167.7777937781592,126.18960682642195,133.3351070198588,-131.60121113870306,121.76983268133478,-57.81014752262671,125.62404338811419,77.23242774623421,52.26546289997904,5.342454860499533,88.34467036632276,-66.57787201184591,-61.5845177663148,133.3351070198588,-73.95646839460312,77.23242774623421,64.3721515935974,4
-12.66427023488622,-15.75391397663359,32.071508491397296,-26.405992982041283,108.06267867046677,-20.95585634935619,31.987293751574136,80.65239200549644,18.147239478352564,-143.73963731006404,96.98715480877725,-36.60147715434735,11.77058223994926,2.0848986072003406,268.2687194220442,-6.19344983504945,23.660353961893147,-67.55352637218894,-162.53959673675524,13.452539525413803,-143.73963731006404,38.63993453749217,268.2687194220442,-49.46111803061658,19
-27.74695464998335,-22.07910383761634,93.60535692122991,-14.104334391441826,-63.45440744724744,19.871625630855853,-16.905127398014653,151.31326121465494,-130.75709928696202,-186.42047610519512,-30.118253867634426,-51.12197515171992,130.00273766886613,-71.62663974558234,-29.64197661031693,7.759833867242689,30.996421288052105,43.95697450973037,31.179036153847022,-78.97151253491045,-186.42047610519512,-53.24114748963355,-29.64197661031693,65.05714108665033,3
50.31823977575252,-4.753110606821773,-18.966543214658707,23.556370361483744,63.31352960341906,-33.53296519472088,68.1956130364257,78.93153794574141,32.80555534521411,-66.87698575270953,-61.60204354186908,-13.561106997019618,-131.33178272219754,-9.209556702482411,125.00720834944778,-99.32796568306284,-8.972617119316377,-1.158766758410259,78.91179831440337,-51.550467887721126,-66.87698575270953,169.92246549885323,125.00720834944778,-93.75304796447844,17
94.46015924801958,-13.753375396073096,-81.99515179073423,2.3303107329858626,-33.58238860510919,0.6059031124772193,-7.936770597886424,65.45299621940083,56.69479565852201,-51.32262392434268,-118.98654205963389,-5.005912368136354,15.371823532237642,61.69790250003707,-121.07719627621861,22.545308779332615,-35.82057532386876,-44.99330202631626,-66.90069515733984,42.53983356500176,-51.32262392434268,5.700930364867078,-121.07719627621861,27.731403891574907,0
-5.964776798116263,-19.795392756228743,40.269073362725855,-23.496883171372843,-5.831817782817481,8.410998682298512,-43.26802059313743,249.66546166257345,174.68435120014433,-145.28273979841526,-108.91706210961296,42.26719753955184,-58.465169746073286,15.21842613819388,-1.0604883750722722,-41.82610887830101,-7.669580542444283,-28.632774979762665,205.99096130731127,27.005608978567484,-145.28273979841526,-1.3730350652021706,-1.0604883750722722,8.516859752509953,13
-11.41471200789626,38.471969049343784,-224.28099084254993,-24.41974535255425,-15.974276183907019,19.216517714666047,-38.59404131451299,43.629162865459186,-234.4542734765226,131.03715163657716,-171.51228801817075,73.45539214625276,-87.1255681384028,-43.29534927337464,-107.16449862390428,-1.3957563713447774,-45.342856696311,16.253673181727866,-20.364201775769992,-15.280488239584429,131.03715163657716,-47.01016656620826,-107.16449862390428,16.714071843346254,19
-3.831570946681333,5.661299956734283,103.17286567770553,17.29251344025829,66.22252981150814,17.507336355133617,-137.5385805656939,-102.71720543295649,-23.447526519170324,82.0481872841105,-62.6778578093494,53.256069700270075,-12.910366092212104,19.252114615083876,6.091601591681439,-5.854513339413467,-8.455158929510008,128.79428661505875,37.66224205449207,49.040321610343696,82.0481872841105,3.4308608613203617,6.091601591681439,-20.347617040662893,1
11.047510474440134,14.058570240186473,-22.59591221781959,23.71660604403944,-22.164959430264073,-81.95347257330049,-62.572590389915405,82.68717681205732,-47.03525818578037,2.690430112415197,20.478892810976532,-55.63709494684456,10.740551756025845,-36.27388312220036,-233.03909416764722,72.4008717568766,-42.891354330304196,63.756265314442246,153.38192568050854,17.429305198165142,2.690430112415197,21.688933528916433,-233.03909416764722,135.76105436142382,2
-32.1889935720234,-9.605759735678458,-161.72002694149572,-10.340801826716051,33.326182577838324,39.30564484693725,32.09366368387661,-46.050169150080045,73.04915252087157,103.62026598043386,-68.29307883386606,13.32777906489853,-21.129845126192116,-25.575041550519366,-292.62305893024694,36.29333498817524,-95.68760398399928,44.503297919773665,108.07534505018309,-15.160273582918615,103.62026598043386,128.54985606500003,-292.62305893024694,91.13381979245828,12
-50.30606009591701,-31.94771884343032,64.89251223601102,28.537314349517672,-13.73255259085723,52.31180710996234,-77.43210787847993,92.35483448567462,27.769664054164274,-104.31496883919039,39.60944579601544,35.72251395889537,0.15692049437848077,5.955634990250678,73.642478069011,9.197159123045713,-21.853727232163997,15.413880706260743,-7.899725808324822,32.301064972866904,-104.31496883919039,-6.399681029340658,73.642478069011,-20.07637093674818,7
-60.065796872314465,-60.12608303002607,-71.21613911573198,70.01115297080997,-30.561040435762592,29.451679772222526,-30.974647277883435,-60.78707074968945,72.8046477186257,1.4167987569390452,-8.127732252363842,-52.287483727702835,30.94890048708662,-21.9553281807425,-386.6521735268152,10.532481255162441,-25.659666771940906,121.9061795054789,14.220379571370646,58.222730023858645,1.4167987569390452,136.33342540701153,-386.6521735268152,166.93949295597872,10
74.69387512589779,9.227197364566162,184.413874446076,-29.06523386084902,-162.35085234206855,47.08527169271068,-5.234209512806687,88.45400228791652,-82.82323797086626,-140.91360555447903,-3.6634944190823404,82.63750954899186,100.16096985772674,116.86057085254191,60.51915132986342,2.27605797934617,32.11280847153628,-85.11599233440234,-17.005074364200397,13.963875541299917,-140.91360555447903,-233.84703090413848,60.51915132986342,-11.9936774980971,14
30.27447090266781,-29.102157739600717,158.280273610365,38.2468975114817,-126.71637616957025,7.814216443136289,-38.2243781687566,-89.79048289697509,71.92403595819071,118.97318466186209,72.10681752164268,-128.2636971113232,-68.96424689520218,122.55615590196798,-23.038166890691446,-41.66284907547572,33.20220710449851,87.94355257945227,-38.91428506234382,26.17176124144757,118.97318466186209,-79.93163071408719,-23.038166890691446,-62.36843083595527,10
27.68426765808369,2.266125726290112,-181.9400687288658,-30.366295669831672,24.613645140988982,6.891928144755921,46.74045805874891,146.4538978007146,-8.729070096727387,130.17208987698862,152.2317464897865,42.462093627575086,78.50477054203282,-35.87499760207299,118.47944846816358,53.04715767590523,-47.625879258987325,-156.90653880744543,91.83142290864745,-39.707823758424496,130.17208987698862,-65.39145848360945,118.47944846816358,-113.95219494913506,14
-47.053450312115636,-17.88952889246213,50.69531652985867,30.179605175057205,0.12349138326331666,-28.654573857809392,12.373705279483726,-9.78849732160553,-158.26678469537796,-0.8822620970698091,143.73129624043196,-184.11737644738787,-36.30923069701563,-94.50629415251453,84.09972853887905,-87.09820131191547,23.362868239338393,-22.22925438249878,-5.974830947186458,-70.49407727324186,-0.8822620970698091,-79.22989457513151,84.09972853887905,106.50891158356862,2
-63.96040434007876,3.6007044100284435,-17.718280575080524,31.08336676612435,64.20533500233859,-1.551287380377928,23.134258901634432,-15.017266790369579,-59.005458375958156,12.9652780073156,-24.388115157231383,-21.101348580398245,-59.55281684099199,46.17869593016358,125.33448976025063,81.69661661358226,6.4151349454662,-66.78422163208846,-93.61683545171147,31.69743618957344,12.9652780073156,-24.99088026966656,125.33448976025063,-16.06125393275108,4
-8.419428099249712,35.81428325236461,138.57049665246603,11.929666549278572,-70.48554036759272,-2.079460823842006,56.55467887950776,99.54711577923432,8.780322888965987,-300.4469913895706,-28.73255901643567,-2.1105155326615854,-65.71033377394619,-95.80447238523419,77.6930294846451,69.30421740799052,67.75934373259896,104.52056924176206,-78.87727608029523,4.298862435760416,-300.4469913895706,46.09602042696853,77.6930294846451,55.469658637330504,15
34.68379373486882,24.08128165780331,91.06018743547114,-30.893059026519897,148.8016430790412,118.52362475991418,22.156071792519786,-63.82969995148791,125.24938870688592,4.519386602454992,-4.964214947444265,91.07064838301784,-29.973391865569454,26.715463565053057,162.7837267449127,55.04311304125102,-46.771739201597896,78.41538456836736,-51.333533998096854,-38.94158761905005,4.519386602454992,58.61980041995495,162.7837267449127,-68.07765427839591,4
-38.248991068658285,74.91850960411321,6.723410103437182,-21.363188838547572,17.22601228137922,35.070055056169316,-21.45576538377292,-39.47291055880795,118.79839622136295,71.63091752478987,31.36761640951626,61.2621275342996,-87.36169340802206,-0.9231203676008448,179.94583464859681,27.824484162779015,-6.4300572368334645,-13.035672821874922,-15.244989378897564,32.22950846907662,71.63091752478987,-19.261724621076244,179.94583464859681,-116.73633211700142,1
76.33987796043616,43.54685074612536,48.702767831226275,8.300718852321681,44.301499512574836,3.347563773873241,61.37688480997064,-93.44137125436052,-81.09403659057148,-49.34397904946927,43.26396313501816,-10.980143394936173,-26.2649616964542,2.876029004797318,29.753395865023144,51.637453395735584,15.601104847214174,7.562932546749113,19.477954783103026,-2.4856130722840604,-49.34397904946927,138.14715074949086,29.753395865023144,-0.9332948822426967,1
-17.923397425717415,57.63688532138676,-11.641700069039072,64.03896804383383,-172.4699186822501,-62.33203125508127,-28.153594772750367,97.35279570755019,-36.52513883101478,-118.33010512386903,-244.52968240109638,53.34123449918643,45.41370768303022,117.27070708957754,-131.88294650079118,36.50599494204228,-66.89167126130206,33.52674020466117,-72.94041671685649,-97.52873895829077,-118.33010512386903,41.72901565990162,-131.88294650079118,-119.43750823639792,17
-5.280167886392525,14.60474759714782,170.74320300035328,-38.454089508262804,55.032347467136816,-30.88092257872693,-80.05943889239929,-69.91251061230732,35.454815317622455,-250.92456983397423,-8.648186447370714,-21.822168312863152,-19.447173080156936,-108.23247440462816,306.46338791427047,-23.132601759245922,-16.228301671696766,-113.79039192501808,44.66937953031209,-32.70276134213139,-250.92456983397423,66.16444784763797,306.46338791427047,-4.247852595980728,12
-84.56449123386639,67.50722469409939,-62.9198418570212,-19.491873911259624,-72.6636098599811,8.271343353270701,-33.85339425213576,-14.240548171048495,-89.83175574783073,-84.96154125432854,-28.215984091147305,27.15543693337949,30.802659684181208,2.7704950877799472,-58.43805421263205,-38.1338849201567,17.29302683459301,-85.58274328805011,58.05011987254686,-26.512273523867176,-84.96154125432854,130.78326929856178,-58.43805421263205,-43.105215087912576,19
23.54014796445757,74.53403905791761,-112.59233521813334,0.07352772129143101,2.026587468954517,13.357834369952354,20.628223423523778,9.803784158949087,-128.29222248821063,246.19561730958236,107.64915852585685,140.21064745654337,91.8687390622614,-7.763071745944488,12.837332592949009,-32.435229771060804,5.881125728607088,2.4436153143417805,67.45748153889747,17.2317347967819,246.19561730958236,-115.96377639785356,12.837332592949009,-106.98577839094523,20
-54.24161495464674,15.464900566296794,-27.13720806630451,133.64636375309755,-84.24211323147156,6.242780594662586,55.01115100949994,-18.29405164421976,137.25125900260062,179.93645886239736,81.73730029809852,-73.87869626379485,16.495034228230317,48.30734904892186,-203.92957767343248,58.4524233840661,-2.9241208085221593,1.1806158657640964,42.004153173165115,15.939551525012732,179.93645886239736,-156.40490259749046,-203.92957767343248,83.8537723549419,10
5.728588683122782,-52.108213016960825,-106.90470853551595,71.1202698712359,14.46850043827098,-163.58313022170074,-12.37357749210215,-103.77715564663058,212.37674192055727,302.88265691031876,105.0656947141378,45.47013228757551,-45.49460497138598,72.66792332536797,-14.308541485915168,-27.86610855622093,-38.89519296301946,-25.11976510418591,-54.774817393541184,-64.73618703596982,302.88265691031876,-121.25941161704391,-14.308541485915168,-61.7347773744871,0
41.06950042865458,54.828870425888525,70.62219456568783,48.999103209913706,-80.74780293770726,29.83916653782703,-45.52211663735875,65.25461016094175,-29.00422792255089,-35.74309202334686,26.58537525716899,-56.52214138541677,-46.32569675355108,23.80486461754436,87.05628692549948,18.514160383554163,9.547585831881749,-40.411445741082375,17.218706982528506,73.11031063476244,-35.74309202334686,-86.7434005815086,87.05628692549948,-26.249074361956065,12
-11.874104623080989,6.857301240070979,-1.9813628444569975,-37.618921751195835,-9.613626459072409,26.1133953713102,-54.88578258163581,-68.58314620590149,-42.49905591597486,19.51610678684187,30.952132257838933,-112.18226200272909,-125.12950942387062,1.6795566386788519,94.24108934287382,-26.171337250479638,23.44061950267612,-64.4392855633007,2.525627726461339,-5.448529044453184,19.51610678684187,57.49104323429539,94.24108934287382,-26.37734078788285,19
-19.46286831776709,-23.50067861710165,62.26791972410279,-5.382786775056911,-149.65708024885356,-12.05851608590404,-12.776549279616411,117.60135119310746,-67.88506478487182,71.2588810490374,-55.666677168137255,-110.30384007490923,58.50939993131053,84.76956961651345,-167.16452985495138,-8.332520028952139,-7.038021280105916,26.315202842277536,45.4438162152681,-12.73512299334813,71.2588810490374,-227.29369838000733,-167.16452985495138,50.55316559140948,11
10.312043887502808,25.373139149112166,-68.47570373144828,28.82296098513716,-154.5554948369527,-56.85662090525017,12.268847824337659,24.537469079880715,-59.21148062611713,-79.85412330949703,67.32368206114167,-28.33933599992216,20.253244456182742,3.1005001423098655,-108.64178802223987,-12.906339044378791,38.62558968437583,-28.94543629500979,-76.81674404622234,30.800070303215207,-79.85412330949703,57.305923026062366,-108.64178802223987,-7.968770614981899,3
21.775679584977933,21.898408539138057,108.42233308462565,-16.856096665381312,15.072765152463292,-4.681393783042304,-7.292786034443392,-47.010638546485495,52.05620790096761,-50.03651027005101,59.85169477556303,39.91528354267986,-163.1608226749886,-38.72153040887484,306.4170822208269,71.00291322468722,-8.633321846009643,0.14243153302432088,0.17013689138619448,59.44862775494252,-50.03651027005101,38.128047001341486,306.4170822208269,-118.5030736621404,17
5.290084590657095,-23.613207775398845,25.07351639248613,38.03489277107826,-95.05391791086,55.30900114627322,38.392514753919954,40.10462717756088,10.753769072943786,-115.62040351545505,-31.957647324094935,-15.474696492875918,24.898464144093026,-111.98790931105522,10.77722842703714,13.045487883849907,50.377352086102135,60.45494660740449,-84.63684555938619,15.754412178629156,-115.62040351545505,-51.50434947706789,10.77722842703714,27.24223156363394,3
41.181349373799925,-68.37239340015648,67.22501671801353,-95.9065824533597,-112.03339867534692,-75.00899097819088,54.27452978535691,74.52106680523897,-51.57012967794451,-61.88339060417653,95.89062886879289,-74.93261635275368,74.93044471393026,-19.594080705894502,179.1310693421213,-3.419503435844511,55.68888142536827,-108.8681628056577,24.553786723812394,15.55584245345895,-61.88339060417653,-87.13423500852876,179.1310693421213,-107.4237006953935,0
41.76289427151892,-4.255290536682362,62.8627251727233,-30.349983954745916,148.7816616889453,16.190731762428097,20.055395136996943,-20.248492385061407,56.84031427608581,-203.73541782826317,-41.214701637798576,-13.105055012354399,-102.196371429317,-14.471665158260176,104.44661094932322,-87.73736798699036,43.7177345408313,-113.96445363399638,41.70896840332986,11.208592448051768,-203.73541782826317,104.31787348433787,104.44661094932322,138.63659790982157,15
-92.37062258880393,-23.90697451920465,-144.67609986025383,8.061753697676814,-62.972683569929714,-37.871989539363334,-26.560148981590665,-41.62848314736661,29.1905241326657,179.59873484691653,26.86838198544036,-97.61973114563519,-25.990853351120904,23.624063402322932,-64.72194833013596,-54.274929798069536,8.999491463153603,7.459082941529993,-53.181086881459514,-56.92320266098949,179.59873484691653,60.785377172668746,-64.72194833013596,-117.24064114178573,2
-59.3371380004337,40.55490050922164,-157.02917409588974,-10.974142937263204,-88.89521670590486,58.79799868531332,-42.59645253223685,-66.67670976681194,-93.10249038954328,255.2065808966758,148.39369612714106,2.708425896798521,163.75839029402215,-63.17249550552394,-178.25892053527173,-33.39058042098632,15.164527392207454,-7.410700747588916,175.01921700850215,-47.35712764434679,255.2065808966758,24.939648416827083,-178.25892053527173,-91.5892436540384,20
-55.10182306553155,25.843071156804093,-64.53351683770997,-58.05769996706269,23.97531672687684,-1.8651826446841917,-18.384125378761013,32.986801939787966,30.530449271821894,161.09161809726842,54.60282940875263,-177.71283830385698,-80.99882585864475,-73.93167320863574,86.72824365958787,-87.27341283582075,-43.97753025228668,49.84186361733588,113.21741638629702,20.863221755441902,161.09161809726842,100.4482048841343,86.72824365958787,-133.64568777772504,19
41.97726058594163,32.39317267488453,-89.11805502813358,-8.122293966911647,9.92772327445592,20.984575411586157,-0.08214372588545327,196.31881891688292,-115.31316506140008,-209.40267826493448,-39.390242460427494,9.58666297049767,20.99900339927817,-89.37798128104578,-150.81675745865545,71.65872605024978,-34.57511117590441,-16.41200354877542,117.20716024092724,9.929020368591772,-209.40267826493448,120.6497321446939,-150.81675745865545,139.16640949199294,2
-34.21010702503534,21.997490030973044,-82.88544461100028,-14.564334662768344,106.42162883414242,-2.9403513855582153,-11.43212751842202,77.05088459816383,-0.5782704648267956,340.71636751063687,110.82543237681806,-174.18711055511108,3.899797281831998,51.13415857658717,27.00537525259522,64.41954287096954,-9.676958157027633,8.074439882936657,10.669667255467017,-31.0873032772572,340.71636751063687,-186.61142683697693,27.00537525259522,-17.743200883630898,15
-19.600177119601707,104.46651676714697,-29.130696067690174,33.82424945320888,-40.07169633621057,33.1320570223448,-36.88987398802179,-96.4486524803163,-135.8421942371266,112.90631389010072,60.078686785669255,-12.696738442720168,60.521555808782566,-72.5431068710566,88.5010589684849,-18.169144632494994,-9.41788520580857,39.89570649352464,-83.37974204553504,11.38256071120219,112.90631389010072,-36.417655133090314,88.5010589684849,-99.4122008502923,5
7.714501394522566,-45.111780823075165,-23.489978880003495,47.57956540593999,132.30808878556013,8.414093534402157,-23.52804003721282,72.79547248434694,15.049673734177773,313.5663453589804,-1.335537493446206,-243.3597273277422,-96.46752345616622,223.15550743213012,-231.17201191725016,-32.09114964006207,28.533282269876608,30.43336842269816,297.39926945931285,58.702120482305524,313.5663453589804,91.84138212527735,-231.17201191725016,3.2116242236487214,17
13.22045629323016,6.671927602375053,-106.83016031876187,-43.11367038951306,15.717238812592829,21.30980402444907,67.93573205858239,-134.71039158895536,-59.520276383208596,169.08455123447115,-34.0630050283652,-120.75262757915338,-139.59944398297262,-57.17840184962681,149.2927128321475,-72.5839254997675,-1.3890943201779737,-93.34373857355253,-13.457503317774616,34.11861752102778,169.08455123447115,3.0172680591270495,149.2927128321475,-75.4997735273092,18
-16.265329372977824,-43.91439874040778,72.86084916562173,15.916095007913864,8.230952681918495,17.832102583156807,64.94124114090836,-44.16736956889345,-60.185582361882496,234.36442725008413,-36.53113781007866,-132.4494090142795,30.801685540343904,162.7215081502576,-247.3990461465773,-12.16225161177637,-36.07114204724707,135.62077694602215,195.5524665799496,9.462992635738864,234.36442725008413,63.03127809890226,-247.3990461465773,-42.15735729582185,17
-14.142129017927019,-7.586530141898229,-142.20091446017824,-32.117001113826966,-17.62388607702148,18.084619096975374,-25.867319685455485,49.02297596542791,56.344515905092805,155.85142854450166,-111.0903051525193,-71.27530232257672,33.72016966292526,43.070444635918584,-161.67917254858958,-75.68257668334452,38.98920524487955,-59.35571685785179,-67.27347260038437,44.69487728901838,155.85142854450166,-194.576448730991,-161.67917254858958,86.58586322739389,15
7.746354598745593,54.259128314338724,-108.15594335086371,-47.81454347866915,-34.35649842194229,59.68387333260946,-33.23655717926103,-6.38121072068738,-68.494163407017,83.19463925906138,20.088350380472875,-101.99422013958335,-79.71724416257877,-43.05493038676214,195.24138787028377,14.342199130478825,-0.7016475471861566,-69.7300355221306,-22.127783481621137,51.72667314545957,83.19463925906138,85.4041159041875,195.24138787028377,-196.43178194164733,6
-45.08777291280766,-0.23763661980821188,297.58208626858817,-4.78316513730973,33.39356983902155,19.551588871639304,-38.594660364965,207.03022514080575,39.204502739112414,-391.0408441300426,72.98503367800828,60.56871399070431,-110.31672521199225,68.57342816840979,83.45345147240562,23.1686728395728,14.045441484474797,167.62526063536401,-21.005959660017083,11.012260620705291,-391.0408441300426,109.64489145984007,83.45345147240562,88.07320260650044,13
26.302299166933377,10.602895639865856,76.80179175545493,5.2044304646672614,38.69272230364222,-10.21241579108777,24.21184241697975,-11.632800819090079,-34.251329076625325,-255.6202950537693,90.55419971941296,72.77645663071004,41.942894449396945,-5.701285669963094,258.27423919244814,-4.789710351239293,40.490003820173406,-55.54415205149914,-268.2221151615494,28.746841342546695,-255.6202950537693,49.99851287560091,258.27423919244814,-34.4109933828807,19
43.88385508075832,-11.690127842210195,-92.65737240205127,-15.53150382749497,28.014604532693728,28.003297781441777,25.454121374735543,-65.41407208636588,21.149604061217147,261.4192501111157,31.57872231366892,40.90637712691678,30.077545998653612,54.695091143606675,-146.58587110575655,-64.64520063376384,-14.413387864220473,97.00252168380644,-2.510229505700221,22.115624666925324,261.4192501111157,-23.35047181982663,-146.58587110575655,-42.22871203024853,7
-9.39990906975233,18.40866388260032,-95.26606207395169,7.867228303303416,-75.27018088226085,56.374066754268135,19.23792387971812,-53.57457906417366,-20.947939626111154,103.24189003002745,-24.684193222731317,-32.78047938210226,61.222062441955316,2.2480771870054905,-240.67169763469948,55.260880663332046,39.1655696737896,104.7819724119477,9.480864456801639,29.504501396435586,103.24189003002745,114.65158185370184,-240.67169763469948,-37.92250465380854,18
-7.945093877093262,30.20789586213214,-53.026716273141254,48.79977286747922,39.984948349962295,-27.93800987736728,7.404278340908132,-7.394623541456067,-54.9925795825206,84.35966032606791,-41.87358699307187,-0.7055233767052194,16.017600576744734,-64.13752671062525,-115.42516717817179,-17.429583637721677,28.66749953535701,117.51896076451371,-3.9737367888122233,-18.096215778945012,84.35966032606791,-12.772218530562602,-115.42516717817179,63.4450238838638,9
4.93157875141159,-37.56763798297027,-25.343472994276244,-63.88047926757558,55.658445322141716,-10.788135034842302,19.82751924860836,95.94022654717803,-71.9193447444679,107.84911401390099,-53.37459393798739,-66.59165350241864,-4.1138355624943745,133.79370485775698,-157.91813785859293,19.421633914177132,9.4264511026268,-12.5551241123285,122.5463670425085,41.34398332262449,107.84911401390099,-27.296575308895097,-157.91813785859293,53.33847242549215,17
20.10940037921354,42.17373229540631,53.13265610610105,39.26149205157251,-31.47727972573044,67.69045891245247,-16.801665880402442,85.85507994046156,-48.89729314975792,-153.81282079873776,-32.95642751084411,-105.8216350598542,29.647513730420787,121.64756852702286,1.6865632880672223,52.244220329617335,-62.23446488898007,-14.235287827689973,-216.3573422133248,-4.7992887099704,-153.81282079873776,-0.9109969391017669,1.6865632880672223,14.715562337491424,15
18.769501886739274,-3.968774905166818,95.80112415692766,14.79362001850246,2.588036661723283,26.050431950111708,34.408758482257845,-73.28797801399512,76.79535211269004,-5.59878486311843,-56.57505147136429,-51.342959707418956,73.45764696780736,-7.329640644795141,12.65090945257122,41.88896456862706,33.47339771646085,20.021872900983464,-38.415896637023494,49.852094826614035,-5.59878486311843,-73.10278457179544,12.65090945257122,22.23074023812206,7
21.640552481585193,37.68395083676318,60.542992533678884,34.13234938761822,86.47133711652717,-11.984016703675803,-54.334567320876,-113.15004345730877,-118.7370172095784,36.6422805941169,-23.322978420106296,48.37076811022176,-49.59775253680691,101.97188365735482,56.89815205457988,51.93507761479613,-4.838024995137643,-138.0681346229182,145.80845447313072,-43.12124545312865,36.6422805941169,11.806192739549521,56.89815205457988,22.520057491835743,5
-9.848836108632401,7.492354037106896,183.89976897664752,-20.644276032554707,-46.049822146933195,-19.866714622907814,117.12309233786326,179.10632437080412,158.75797337058677,-263.86527414950757,49.74042551174064,-81.00459196405833,-72.42056607110871,-74.03337332336511,-40.65860200904103,-55.070671001719546,45.70107387408299,130.7333481176943,19.71311979809183,0.7682322344238319,-263.86527414950757,-26.68638824163903,-40.65860200904103,177.8942419200301,12
-42.62352926944777,-13.07721632157985,-74.31680150367619,-1.7494210894162499,-36.4026227822192,-25.799767832124413,3.721492342293608,163.0570120980766,12.873597172086907,49.7714043796642,53.0496995238791,55.70407763583659,-96.37031053142965,-35.29639684357848,7.230890400143099,38.11075348591522,21.63465817119649,129.07601323601116,-64.72408600401671,42.966707766603996,49.7714043796642,-53.061198539434926,7.230890400143099,-34.879745941888864,14
-62.71038697650369,-57.82575611909219,24.3614229396781,-70.53970488262961,-34.747318402971196,61.36095228587295,15.732005539097255,28.834499260304916,-47.6699448441329,-161.48468793247955,146.6739283414829,43.22439417063626,-137.81547933739563,-43.508435695389,136.07624476281455,12.7922092820838,-39.68204104668172,-18.07000567480469,-120.46305054409812,11.736824378135237,-161.48468793247955,24.898624385749514,136.07624476281455,45.940377838141735,16
41.056330161095616,20.62984026669556,-59.57711793980094,-26.874785242506015,-43.83034278668282,-20.752433912413977,-65.77547034535715,-25.47866129779525,92.39495335963059,173.98234725787742,-134.47541356775585,-22.011516707442542,-19.963690437550603,142.89915187769375,-117.4089899470525,-12.526619936301506,-12.603053579813025,-3.988062834831343,103.78485808360867,-5.111938316987153,173.98234725787742,70.94610453764655,-117.4089899470525,-155.35171702962802,13
62.665701736308186,7.162208589378428,-36.279666899868886,-37.46029968687032,87.77109129859838,17.494226911046596,-103.23612272604025,100.7047584264646,5.780504910159996,-43.15268476788369,-201.22900524749633,-50.84360701310693,19.140742306169017,-37.19895693561525,165.2522354355189,-2.8078899321485524,33.121253776265895,-32.86464832923108,83.62366826594531,-2.8311533741539896,-43.15268476788369,113.82637658055589,165.2522354355189,-157.8273068688951,11
-37.144285414777485,-48.4333585751279,99.5843148629584,31.742761307212998,5.034420928541903,-0.12726012469703102,-2.821148621892889,44.80912017261087,27.457739453511813,-73.63254008389018,-38.88700640570673,-25.12707811764284,-58.130955468843396,105.253120239855,-10.275749154994848,5.061435011621245,17.44024509281944,46.01240131741892,-34.80569958436587,-70.20008173154277,-73.63254008389018,21.015086215230387,-10.275749154994848,11.275179222971392,13
7.392028223922111,7.073726048972927,-119.16602195111487,-20.48270003336784,7.988172840114283,-35.267125368914726,34.466857827075245,44.80642107243483,-115.83328047336872,47.58300885416738,3.5251380098634044,-79.20692777481187,-62.75991066447972,-159.30567310385308,34.62703559926243,-11.506725260128533,26.213602153436337,69.66720715680914,-54.04531991377637,-65.48664351506304,47.58300885416738,2.565165456871119,34.62703559926243,19.10927882518292,10
5.509295038563092,16.57803022149548,-111.48483671267698,48.522348055852625,7.992137153083414,21.60832749291484,-27.668342249401817,169.385533771506,45.25476305006825,104.6201437411597,18.933168100747835,-21.43523237862816,-41.602962206621285,190.66235108361775,-4.1192907088947255,35.82334373961046,-5.357243039529044,-59.32512842776306,11.157494783906037,25.822860260907564,104.6201437411597,60.405795296247575,-4.1192907088947255,-162.72856086864812,18
-0.7741686561923522,-118.57658446313499,63.54779927629045,-31.050727436943273,174.42624417487218,6.972067506912287,-15.563244449319363,102.15796146683655,148.57776537658037,-200.57467804995218,-80.56002998293809,140.96226651786446,125.7372270426037,-105.1119404605624,460.7553750869769,-7.7607562853560115,-111.17605437501196,-89.2188108708213,27.76203754478397,6.202120998907109,-200.57467804995218,93.48564754531652,460.7553750869769,-230.04788712815372,7
-25.372720346538877,35.24024845607769,-101.66339408137549,-50.27253313158509,-85.8036275221325,38.30090613960306,7.760708473293304,57.94614909210935,16.57243791942797,34.09163872521506,-104.1281317047459,-106.77604297026086,-41.46307751010541,77.00155149068576,-365.8571232177169,24.41433922484842,48.16304169029709,145.74805919008807,13.611339413113491,58.166184635215814,34.09163872521506,181.34025190986273,-365.8571232177169,22.10823952837223,13
-108.96034662317838,13.33820675858865,96.54412902442263,-67.43408332220133,-10.746116385312359,-27.93490049648223,-57.73524213799298,6.1076238144383055,-17.328821609407417,-48.39055036572253,85.84571349092914,-90.64835861700854,43.511376180484135,-97.53939496801485,171.62213189732526,-8.553505257074765,10.473755263874843,22.395264819468643,20.845155556540355,26.582075531545577,-48.39055036572253,0.97267943378891,171.62213189732526,-62.51671140643728,15
-3.502197463296755,-67.29059582719393,130.65143442090292,53.71487909549267,168.77009230766515,36.75255314662172,10.628250834918184,-92.3183045339425,38.75653819602924,54.457267547716945,39.58841232925035,11.513665363544035,16.516890075736658,31.985268783009133,99.41906097353966,18.563757237104316,-42.89125245575206,87.36048432657553,60.70373744435709,76.21117459258839,54.457267547716945,84.04991662144869,99.41906097353966,-38.23694393070264,1
-2.3056198838378563,-9.1052799723372,131.81521642242848,-2.3212767720683676,-38.07860222399551,32.03311226767754,-4.08182277026386,-86.00614947898136,22.925290443332393,-353.0811453241967,-46.35999410904847,-90.05583290393471,146.2924553616526,3.0200023390275543,-48.62764140570296,-31.798972197772347,-2.787737209362403,-122.3104948791297,-58.764274760921786,-16.450492425868674,-353.0811453241967,147.4731825059691,-48.62764140570296,109.91864558152872,8
-20.7107038464028,45.95949761287086,-225.4112838424395,-116.35504907497948,284.25160381650625,-8.87746654401097,-25.80524651055026,-13.830962964941719,4.936593662331004,108.27530397104398,10.648139800058791,-62.88264033132933,-110.23842812083697,50.48461128966996,-54.04203214054579,-22.363528744062325,67.56268031121303,-76.78573805729913,-25.8340072575759,81.00976378309917,108.27530397104398,204.21170514833034,-54.04203214054579,93.87705929220024,4
-61.86878475502045,-48.03277902361444,20.62889729104393,-77.02353396751721,-1.015882286391765,-39.271679227772104,-24.33489460600444,-49.60406702442829,-83.00452341549608,-53.31357427063996,-0.783985805801497,-34.77000685378965,-31.761027827650132,-8.288532783116867,127.17167666916052,10.146525925193474,20.115251334778137,-57.74650840182646,-74.14829414051027,18.613397590359998,-53.31357427063996,12.810314893584259,127.17167666916052,-25.92954382182297,8
18.78285696410584,1.186731040017281,-110.33902047391804,-37.69205754478239,132.91044659413765,-6.240860218953039,64.00233868890388,-88.23260136499208,40.613276845717856,-138.09129628073936,9.002105771794291,-6.74010702439531,-0.5478411417869467,51.03350773631429,-0.6959046385911088,8.417322212353257,-4.56769240542369,-116.51588289886206,-175.6725232851572,-32.671831529688504,-138.09129628073936,240.39636416253285,-0.6959046385911088,42.47840553217635,4
9.32588749734862,24.268525842379802,-80.30971862178092,-36.19331649692863,118.33044710905045,84.95921881527721,-37.90930662491779,-135.29985245240252,-4.402445280157785,-11.719853105541038,-68.00742731404316,157.13958189701935,70.94170343984496,-30.261255751602107,6.779582485812141,-27.586431718321528,15.066258533990087,8.696067169564676,-129.9007420935855,4.279479119124151,-11.719853105541038,88.71570283235825,6.779582485812141,1.8334869864691816,2
-72.0608364282212,35.36658661115559,169.91207132743318,53.000426253985054,-82.23366225631761,-17.95522350706889,32.44943511796719,23.68998747963427,-11.480276585693554,-151.44108715810546,47.821467699182065,30.356087451598334,-31.925230415921106,-136.06234924574412,71.36557529063059,33.427289113623615,-62.2757265327988,203.66058739027423,-172.04647752089627,31.24560283469133,-151.44108715810546,-145.01477228607175,71.36557529063059,100.53635376728135,11
8.109465763679525,-46.03884043904194,-164.85449688975723,-7.24043008273831,1.466875428387664,-56.04309827595763,-21.83863849094778,35.85083100322538,67.02522418517282,259.288100041684,-28.80342169766086,-2.678628059782122,25.03582769685378,49.1444865484139,-404.79027431025054,-28.369450897311623,23.880010875159353,123.57070782308196,119.60656388368864,-41.24271826001112,259.288100041684,-5.065035520479695,-404.79027431025054,84.47793694069873,2
14.167796602748894,38.52172286071118,58.425714725085456,-35.90882372758052,-100.19614709137346,-32.17491710669483,-43.36452444175485,95.5797206570771,-269.1037378551796,-189.40477906885693,89.50010241110337,74.4562150160358,165.38590317282555,-59.71638623272298,-169.29899247790786,45.98428507406096,-71.47519064993975,70.57172062799734,-3.1540183712728265,59.31807434678149,-189.40477906885693,-38.533380223968585,-169.29899247790786,142.96355380527143,3
-58.341684339652986,34.3232262175931,16.869327440663785,71.77847204072121,53.734132175160305,-90.56477516582511,-116.52390994890598,-120.25439890501801,16.536140861896623,218.40655324691087,31.179362458881418,-93.98221971519753,34.540924517791154,38.51356632722733,-192.7052858923061,-52.05061196031886,8.197912303839498,63.56703541563174,98.81157212552023,25.695929097669875,218.40655324691087,-45.72053363844486,-192.7052858923061,93.2890524309735,10
-25.97722746995562,-65.89716634510725,-37.36874692162517,30.276269462971463,-68.76305497741272,0.07534603801528687,-5.97232288887069,-34.729010997452264,59.46543577455354,-57.86491544494295,130.2035540139626,54.0574557722455,-12.133148543838885,-12.140948195172276,-88.2530028977304,32.024280881832645,54.47632113298531,43.97361288194945,6.246154022443333,-62.9699323217704,-57.86491544494295,192.18441695314382,-88.2530028977304,-45.6399580800953,0
-53.50055875563645,-103.58539574865618,-234.92077670342937,32.133577373165664,-95.548226655055,-4.451497779287584,20.170678992364568,-106.03931872693661,-96.67732626955768,352.4099237620238,-124.42216550719245,-31.077356316480476,-82.75888913532586,3.7300243652437093,-343.24166157206764,-10.599584690704916,28.842017245222333,80.05650110753481,-30.50190846112443,39.16134611852394,352.4099237620238,-132.31685016698282,-343.24166157206764,81.44550787087228,10
-22.41531286117018,-24.83950842305478,-178.90268538891553,21.723519325566283,133.92321224284785,6.304891212654683,-1.0264723685008035,-5.686399117621033,51.24808295814903,250.44485242680253,72.75524775863984,-85.37054083054105,-120.00208240899912,-21.336374433137397,-1.6133174330730415,102.54810101742804,22.596196060239706,17.963503574635,61.92524028853838,42.08013790577149,250.44485242680253,94.2027101233529,-1.6133174330730415,-41.23537717867457,4
1.984649227282453,-18.983316235980343,-34.23258162594887,-24.668278151797992,-107.94465633436363,-5.684978057025356,-3.5340807581661755,-13.438427948158393,77.47539129942697,38.388750518312314,-61.398857239893644,45.440060500158445,36.97815650561048,62.292204097972515,-300.76231232307657,-91.6316788753445,-54.95602890742682,87.17711152344191,26.7288996073541,-33.52347129365769,38.388750518312314,24.217355766952473,-300.76231232307657,39.06292632604903,0
77.48150128870321,-43.84168413536039,36.534692915813785,68.67065967804325,-68.58194352939333,48.32317270158378,-34.851613397743876,-46.77298697666824,-167.97232494111458,-71.94907747910062,-93.20565265337969,45.666184666540104,141.46826370423375,-54.58546359244396,-103.21566558617442,-1.4383421801791871,37.39689496493545,40.03786105095577,49.762370144971285,-7.9477901536314155,-71.94907747910062,20.413729004715535,-103.21566558617442,11.16722203105975,1
-78.89995308324333,37.675719094590946,12.519834777490857,37.534386939523806,-158.00142832015783,-9.952895211555102,2.4654634858160462,-54.520662305787596,133.64190051290126,34.86878549673227,65.1857617778157,42.466031148221305,59.13754825490605,27.36822581876971,-206.82586588682932,49.01739982063317,49.73926183842261,78.77976261935183,86.49018078599157,5.874277662467899,34.86878549673227,90.50229525937968,-206.82586588682932,-67.74890391318338,18
6.67280128060482,101.05547401545094,-49.79821227015245,39.74192917169165,27.151611032536238,10.513406439018354,19.657505172980724,38.23259372991953,-1.128928970592371,-61.134650494985586,-96.43716881812094,-26.58742542084336,-35.74485890863322,-23.512832454554644,-7.912287189120324,-46.10502396750448,-28.49105787756196,-22.972513157567374,87.42142162857036,10.827332931645252,-61.134650494985586,145.5664682740683,-7.912287189120324,-33.27487753929105,17
-34.986073764527326,-5.9609533798799905,85.25039895600074,64.84381537969077,-27.73264900025027,52.237809957219376,5.091929519446992,35.69891623820284,-32.70543429474643,19.21158624279247,-51.66497572748593,59.606555849884266,-40.86962037734295,89.7323856378594,69.01961794995182,24.200013313390127,13.850522767578449,41.27988874090867,-24.03504051447242,-27.329180412252377,19.21158624279247,-86.91031857215606,69.01961794995182,-67.60748931262268,17
-91.49040351546576,3.191823590539885,147.45685223830014,-25.658587783528827,-132.79859507305952,-18.57809656872239,-57.309655075432275,109.87660262528746,-201.79814640939588,-243.44845838805844,0.7770628350137265,14.977802082548779,38.14920596909208,149.50183240748274,142.81117979634823,14.975173349749493,-33.01131102686354,-118.6991030502952,-76.12318064626622,-19.17161285844751,-243.44845838805844,-30.12785556150139,142.81117979634823,-88.11626943268172,11
-14.236277551796604,48.67073936949927,-211.9192562851667,30.49543336536975,104.1480663721664,-19.314419981493863,-18.012351782428926,-31.646207226081586,107.95897093366924,385.2591764945679,-28.811843843468765,20.919157744871697,222.96052290159312,42.49370713983345,-144.37498271219107,-51.94053130380652,42.726193043421894,56.853546593199,70.36448927248335,-47.39672267508722,385.2591764945679,41.04434590322997,-144.37498271219107,-195.79637608716507,9
-16.94928386336493,-41.89374891535835,100.82334304302091,27.641731276083053,-78.26666868644148,-58.38810175997851,25.483463463616957,98.155933207905,-77.96613788954036,-364.1263614900812,59.98062162413422,82.61715096381542,-153.80870000559133,-38.510459387590906,231.97053921509692,-7.088001179947378,-39.646573122106595,-92.83097337938558,-106.96625426877993,55.60252904899103,-364.1263614900812,22.474336112897113,231.97053921509692,45.37989376228656,16
-3.892118582371218,-93.39562744701047,-154.36972544796166,-31.105115800168463,95.69135943434695,8.918104472572958,18.19156967494245,22.383344707582353,-2.5784032513655664,106.93164874849104,82.99982092210757,115.55330052748589,24.74280177361291,-124.88466881886586,96.12661417727224,15.279128458015734,19.548206314302888,-5.167167139305393,-64.63081754191096,17.460619808835915,106.93164874849104,-77.13977761509386,96.12661417727224,2.9815165102419883,2
-33.29109185677793,112.15158557864477,50.40949883307894,45.50936261280509,60.005292789720684,-59.87781699915672,-18.41105498020019,1.4460578804790014,83.9815402430518,-168.1028738988109,-1.0159607937270998,80.34308197312382,61.89974890102089,34.85253584004421,-57.01536533061418,-67.84050337038794,-19.932500186672634,-34.04313935359298,-2.1976924499564987,4.1489663865178175,-168.1028738988109,77.38582953175447,-57.01536533061418,89.49785820013211,5
71.98712449188749,2.8722528078681893,-70.74941926303381,-19.195038020359448,115.7949162036897,23.829341410878296,23.094904354329554,-68.93430536199907,-40.29945601710644,129.77864451657774,-18.862548294584236,35.46469346541218,-122.71748578217651,149.51767765275815,142.199596648575,12.87920208220287,51.15297684283849,-53.33735108542305,-136.50455107995037,-4.547646930891035,129.77864451657774,49.834739682076226,142.199596648575,-115.02180483718237,16
42.59907647592798,39.98602599306623,42.46650994566154,43.61642711173119,238.66138168858356,35.161844149423246,-31.557493345241415,157.19809280717465,-43.1192061103965,-243.07470713924945,-59.51981634027305,162.6361528759257,-32.38123172999196,-184.54323112024605,251.06642709676834,-30.653752934296108,-8.490358769119982,35.61013613839805,-13.870856448177564,8.781863579255422,-243.07470713924945,-23.5145194268342,251.06642709676834,138.40357298685322,13
-20.66562528005452,-0.1005343973978755,10.731383785070596,-52.699584484704985,15.153820446409402,26.047412367940197,-81.71855596716944,44.966487746804574,19.689114856582066,163.90707716078336,3.7004796696373887,-94.05025321157801,87.3506619793919,49.05651252351813,4.268891329711984,90.6056881329499,1.9860262231432835,7.676914835975075,88.2280447946834,36.59107037560572,163.90707716078336,-69.25429733739504,4.268891329711984,-92.05714356417559,9
81.52487989873124,-6.397881854826359,-30.51220717521676,-18.340784027492372,-54.086530868967564,5.791590137174572,11.451342771077819,-87.05458390658315,16.92870227899324,-47.12458757035142,76.16549571314465,3.8685779027310474,-19.611070664715996,-97.82604047404644,33.850690494238385,6.261474319872674,27.87504744891722,-26.321635892024577,-11.675729927634881,-18.95606247392584,-47.12458757035142,79.09376144887153,33.850690494238385,-10.979259229474852,18
-29.499982023577168,-79.57951960060848,53.127556255051985,-7.94520238679997,-153.85648637249267,30.95072726252409,-39.02247924536866,112.8718079948534,131.20368834229194,-175.74276416479702,-107.87239228273339,-3.4175014117832037,18.687365961871887,-32.69132385151306,195.08323388317757,-15.220740926557635,-21.79743160128975,-120.24290359777652,-60.92763843320283,-41.20028366500183,-175.74276416479702,-130.32547874116986,195.08323388317757,-103.6259603744476,12
32.962765420696265,11.534238800676528,-29.12155970649132,-21.77567905964544,-50.67999151319441,-24.67014282939042,18.73861373554028,239.09996549650558,88.99428805478803,39.48199395844364,35.24902671602247,-137.22181373209543,31.88411911664746,-181.8017746928405,335.36548149421947,30.524702573544364,22.214732613625507,-46.67489922176454,109.21591447749705,36.49673711822065,39.48199395844364,-124.67091689282584,335.36548149421947,-213.1663762801192,9
19.743257113545265,-40.61273733902701,12.995522187476256,-29.598776091403813,-27.053044090100713,29.863621092645403,-11.48614887041598,32.25297533642069,-40.96009705279834,-341.08821817791926,24.34535306067226,-44.51676718551227,-36.172191281351495,-73.27652691177686,160.35754034607402,-150.837381392686,-19.83641125419438,-175.32500056438937,-128.0388576925233,-132.25957843054206,-341.08821817791926,80.83205407385022,160.35754034607402,81.49959884566502,8
3.869123719231353,-35.46634497944747,96.01976573406375,-22.914863146083597,64.96182717499377,25.211182232443225,-43.833090015761435,56.02789742811676,-40.93878468153324,-197.98932616019067,38.70682744709156,2.751806376048389,-5.355077606221634,-21.961670838247798,156.8656054877787,-65.14974273101224,4.011282316221595,-37.867804025935605,-25.41773656220819,49.981652055245846,-197.98932616019067,46.34800823048231,156.8656054877787,33.18471329528978,16
105.3000772406856,16.824675133518685,-20.35091179389939,4.6152241124342295,-124.61692801973193,-38.164646739660455,-69.04065735708787,-5.868186827059656,-72.3005410138118,-120.35837789871184,13.411477386504354,-26.676565052742617,77.23997983609613,-41.281793869207775,-35.049215714824754,-39.27092677709397,-36.9241764852289,48.71933659331237,-203.93262726337252,12.37418480754105,-120.35837789871184,37.64301864305401,-35.049215714824754,-27.16207232941109,11
25.950670744529944,48.027828362872356,-46.56732306404617,49.341380027798465,-20.1357547168342,-53.109404081966154,-3.919164662147857,-21.675343420944184,-187.96843279074383,281.6392836981114,-34.458067184170964,-59.65703153276556,82.96813419582243,164.28591323884874,-166.03587314789655,-11.43338179594261,14.156296317970956,9.952755627111713,140.56872014352138,-20.394216044416908,281.6392836981114,-17.918078115914064,-166.03587314789655,-111.64577538237467,11
23.121347033127762,22.843008769344458,19.99546975543656,-23.427695009424156,-15.948428068207896,58.417726095255475,-65.45202346220722,-13.232029953503268,-43.34462403487259,-204.39651249596122,-32.00154627292438,-115.62557295605245,-33.92191214043827,-172.13747533315944,80.98684110560757,-13.913872210668949,10.744209903165443,-33.07511431102039,-144.4379455059564,-47.59059075153136,-204.39651249596122,-46.27083229668681,80.98684110560757,164.8703684616075,19
52.80165367725508,55.260024684013615,145.99855286824092,-4.386785013331095,-11.314353974556788,-51.27856665258474,63.85196434976515,10.701325444909111,-24.210438442408755,-2.397215595410784,112.36765390921825,12.253414051779226,7.776369286418423,-6.299501579829485,50.441843076724865,-0.5666411391671203,-14.55100756619606,27.287544402140533,65.37733474859874,32.83915164514501,-2.397215595410784,-139.331260192757,50.441843076724865,65.4438189419251,3
-8.569389992232086,-34.20853009995805,6.979557670420182,-11.105859907943865,-20.784252542589677,16.823317001273,-57.067109396328526,232.9894371245444,21.713049260902466,-84.78132168372935,108.78540766083279,105.52208962913939,80.1403178101063,-39.36368629186045,-10.58363688744606,58.49648667091002,66.34953764445008,138.2191874343825,46.11367680095533,-36.56739772860041,-84.78132168372935,45.446275044946645,-10.58363688744606,-69.7726266639209,4
-7.3699366745308446,29.539294231624748,127.98119045978541,32.35234887586706,54.3547200494184,16.49671613645203,29.515438831727934,-144.2091229292924,-172.54374928481946,244.5518899587222,77.58408839068282,59.6710143779185,-4.377608987409629,61.96295751996372,206.57599986623083,25.164560334841344,-19.129250903867007,5.855141689395804,136.90747355227447,-22.65678157846518,244.5518899587222,-105.61074664488282,206.57599986623083,-152.66015240851587,14
16.256398997481686,-9.896063655048332,-78.78181902635846,74.46518832492777,67.5338546996002,-82.66294624191568,10.122157677252622,100.61140028932189,54.398364396053054,86.43710349226949,-22.804518169328098,9.498687617744842,13.035170352481114,55.592760630052574,-87.10190459783203,-4.863945768300205,20.89200262779093,58.21009626478359,-16.22275008394641,1.6093537046147999,86.43710349226949,0.865844811730172,-87.10190459783203,-5.026506558242674,1
33.777718740913116,-41.27501487219171,40.18475595156504,-23.13515277446639,-106.7913259989003,37.620424009935604,7.71512653381296,-227.51695678637793,-157.74292167468676,257.97489077195837,40.281060250971166,-146.99394493355896,-64.13352666209218,87.47227624209977,-134.38497257211932,34.17725767213027,-31.857939439861262,67.3213377788879,-3.2573498759703234,14.700295726950065,257.97489077195837,-37.47358361706637,-134.38497257211932,-23.204650211137775,6
-4.069398550443804,-54.6701634758552,-19.924041260815144,-32.725752978593704,-2.5155237704793354,35.57436513880907,-1.4528648122819874,8.2462067103598,-25.30973342674819,186.81850840931475,-243.92516185563622,0.768166769026406,44.25651387870461,23.07328192384287,-21.973509793317266,-23.70556152780206,10.884866674746373,41.99556874738203,221.8642072072363,-20.018940773061292,186.81850840931475,5.496629053475348,-21.973509793317266,-182.30139650299935,19
-61.87686664306795,-54.40447747318643,-5.08092784977574,-10.259549345537263,130.0281108808565,32.63345115633421,-70.9208325367692,-110.81207264828507,18.21196793916208,376.1694478819868,88.69140791073163,-33.716888785512836,91.17699993649977,6.260935145421769,-109.12193465603227,-40.17747296557788,31.154991996063824,220.79676978350594,25.799989697984806,40.5781956614709,376.1694478819868,-65.03710420460774,-109.12193465603227,-29.3246921917836,10
-89.90917930721133,19.979398045066347,-159.13461792798915,23.19685102962729,67.1373688623838,-18.686978414029983,-5.738168453156892,-139.3377272289833,-5.192034110863566,241.14935349538828,88.78833911953761,50.6285862355384,88.85990941588491,-61.65793091813935,-223.11646480443034,38.83412674827313,-56.86180622770539,157.72775882041546,-72.65547172363483,44.112179234282706,241.14935349538828,53.18417784870672,-223.11646480443034,37.32315867239096,5
72.40384830901468,-12.62047966615027,-6.277563990515689,82.44917020244503,-117.58622529191369,52.59788443206481,16.89711038418266,151.65796527094716,-102.6156221000712,-253.45186601340515,-204.34500247547223,-64.23932400432493,193.58190577276147,-65.92426884357657,-158.40179743693048,-66.94155109019253,28.37977496034832,-21.79252157459785,43.63911119470916,31.123876995364018,-253.45186601340515,49.49414722544637,-158.40179743693048,39.18423792891349,20
1.0975173985244964,-20.154501433017167,-274.48543705654606,13.862647668351222,138.23824412920084,34.49149002494535,54.1467468164595,-41.547813752497845,74.88259713925098,237.98784205832374,-139.67569382672994,-98.2963753084386,154.29503559266212,35.76653686224887,-355.5410452314361,-13.411534711671251,54.52062800932555,-139.749256733213,119.68643251158959,-9.934274583900592,237.98784205832374,3.7862845349982965,-355.5410452314361,147.71409049011373,8
77.97077306676334,-2.216559275988591,-28.567630975273232,-23.610132371611662,19.619334509776873,-26.99348594532626,1.3111470814617507,1.8725672520041226,-34.291615899829104,228.6696520485744,-91.1677424039425,62.7783371110058,-40.62933983517247,-27.736110361609576,56.664884473299594,-23.15493501038935,42.90800642201272,73.8524075981137,34.75861292543709,-36.90678204969845,228.6696520485744,-197.02721630809668,56.664884473299594,-52.90381929793973,7
-2.6022419361883413,-6.301920205189368,-51.556015368002555,-17.33004546314178,-51.59250804871614,35.91113169342656,-30.84509974774567,-155.8191984065619,79.44669995113958,322.1491446329121,-45.131684334025564,-40.22803432546807,11.232166157584654,144.01764454186258,-338.38202419541693,30.35458824591681,21.561350716769027,84.94833039249649,133.3461474447046,-35.7730998004178,322.1491446329121,25.246395972874165,-338.38202419541693,-28.593948308317074,15
71.85674671547967,3.8133257738458424,-19.040936895596488,14.475981038295078,-86.82000597331864,32.192713785558226,-40.791581222971345,-84.53518660658358,149.94485674533388,-55.29659345228072,65.050155450036,93.2475247088885,0.44035478286292395,-88.77576267891668,-18.430723166166672,26.919921879097103,8.764348657649368,-14.579382878269875,-22.237152397021937,75.9775110200437,-55.29659345228072,12.12292690405485,-18.430723166166672,14.534663609607081,6
-51.2647873526942,-10.970851145575411,52.41052250396528,-40.41223787843678,110.55888222650758,49.024287549384944,30.77763717851458,177.5799948561426,-93.38399993070375,-201.07924846908918,5.457414816701602,7.107575446991037,-33.14983482401216,-72.2592003050484,219.22352090989006,-65.08387246463472,-40.07565267364314,80.29480377631134,-69.98311018130411,-16.26853399544358,-201.07924846908918,97.5872556751167,219.22352090989006,-35.16285779578067,16
19.583453751511254,-0.8581150913211882,63.05939127369969,18.715819657244793,-34.941232937233735,-22.997122393538334,21.136394934504462,6.7064550452766,60.10436415314942,46.64267102093085,-50.4372451222826,-61.02086065124709,-20.680799644350518,38.37114946590823,52.97881361520798,-0.12670643096876907,-62.65495390844252,39.39717882631393,-55.26209510510167,-48.36154857420084,46.64267102093085,-88.95293035765565,52.97881361520798,-51.01378936419083,15
-32.77659696783021,61.09771773925215,11.090350971757719,-1.921880975996776,-66.77144203239926,32.33749746772043,16.266188060411807,18.714221778986015,60.14186989958947,-38.672497741625335,75.45105203367073,-85.56584034673071,47.657630619230815,-10.492794563252655,-158.29604852235988,12.658678855053672,-2.091008251003725,126.43698817621157,-39.85791821570135,-7.906125670413458,-38.672497741625335,116.4900377510788,-158.29604852235988,6.014398900192264,16
-50.57028400245048,35.12073275211677,-65.40974900250643,-7.163406595463579,-15.647359140388364,24.487625443998287,-4.998160167192467,-45.09637088880439,49.65361467930926,-86.88326869205775,-181.53492406429237,140.77447324852668,105.21571614579031,-88.54457274543428,81.92604800505481,85.86817945859472,22.06161109528893,-101.07748282375357,19.690313256379298,-18.49082415045068,-86.88326869205775,23.10374113837268,81.92604800505481,-88.34036903219217,8
-3.8550054790389976,-15.391367289190821,-14.491162169916212,18.19831254648467,124.15895934771356,-14.188085799522733,74.1218246915198,-84.57495607926057,18.71894416622048,244.4276757407568,13.202665627617254,-59.5852201447382,-33.90191572422061,-98.80342188560141,137.88240846613095,-17.747807657486646,-67.5231800242314,5.213532822920586,159.41579238158465,14.237626467332905,244.4276757407568,-68.83843307523857,137.88240846613095,-43.544434810636176,19
-42.02969737493535,29.065699354349395,-102.49325102642032,-36.1918071338144,49.036112759091395,-8.584937373535,4.148085529950004,-153.48821287213937,-1.7140046133781528,88.86628922814774,-9.334006534437549,42.31141025027959,-17.340086349564487,33.71513607598911,60.14722507645422,45.51700569500528,-0.438980277256628,-170.3649873466145,-25.117104901216926,41.39931773289856,88.86628922814774,13.773016576083172,60.14722507645422,-26.420123228789755,4
-23.826980171612803,-21.47842581298612,-15.212780377066233,-1.613685519344563,71.20656711714503,-2.5769411414340517,39.0788807536483,-31.033481255905162,49.58262567725512,287.51174221124063,-6.183996469400679,141.74299646608196,-7.083261272991863,95.29113253927707,-186.5939945772787,34.147957770478065,-5.210326673422062,286.9607135298602,-63.82517214828621,31.941189813107904,287.51174221124063,-68.52791361121382,-186.5939945772787,-24.31496127872667,4
-12.217207048741283,77.43107717968832,101.57789889082034,60.238957429569325,-14.630458832489639,46.180346663255314,-23.115083658377774,-14.613045367930294,-13.434770133969156,-104.01190915110483,-136.98495641480753,82.46159629137921,-28.883511492288278,7.32573119819993,59.54303726292602,15.34354648908554,-11.457927289863798,-60.463477620395864,88.0940806157016,-26.42069315109085,-104.01190915110483,-67.3486470593442,59.54303726292602,33.49463713218919,5
-17.83557653316222,36.2173207511627,-161.5268335109414,-21.490387250157408,-88.03150419692487,-32.03612566453865,-84.16304046348337,71.46905692095034,-25.575316140948043,-168.84419965748407,-134.763447951748,124.43721409414209,0.5372521763479998,18.09840981897552,-79.06745803825939,44.481254650371184,1.4917178691756523,-13.115366427399739,-124.92703878701414,-49.30903019566992,-168.84419965748407,205.38177750105532,-79.06745803825939,-104.03236636079241,19
-18.600565281388768,-11.07242308744402,-40.73704612393948,-27.375862309861873,-133.63194811852617,23.205150860376026,98.56546402529011,-38.83602583106715,-5.240556107200605,-2.345105352785186,78.05738059827,161.90791567712193,-73.22361478863655,-15.634464630197229,14.63186083449255,-19.51836726310908,-46.134916261212666,45.5064150760508,-104.86330450620346,-29.770613294664834,-2.345105352785186,-9.826981765049974,14.63186083449255,-70.3839678056134,9
17.433108402829443,-28.74975887930322,5.454679071736175,-2.667124958248273,-57.55179042341233,-1.478490347156811,-14.184693867220076,43.20271512186446,-37.79204446834009,-45.12663074314296,-189.4913393905803,234.36898173327654,180.89589111809852,246.97383864760167,-415.6807658009201,-15.250905531495922,-31.214769136117198,169.76998311772513,-261.9212369895097,4.8646950460500955,-45.12663074314296,-103.41022864192948,-415.6807658009201,107.84650347697169,1
-2.4097859251239755,-10.485656518878608,-72.6473716283453,31.740021242937132,-49.79091756118082,-21.425868537288846,16.380204746046193,4.699323143704319,-13.38176597022981,26.46540968034342,-50.06746987214399,64.06194939538724,-68.6580091482235,-67.88350020184839,-63.79903872701452,10.494738961044343,-48.59059261889868,-38.774230417862924,103.5539967280439,2.25981276779149,26.46540968034342,-53.85939251197925,-63.79903872701452,60.688980639273176,17
-30.819466557475973,29.64141638922582,143.2077853615824,-61.430567399686915,-64.10769095832097,4.762887987709766,-52.828147139663784,23.918853485246252,50.41682922648719,-358.96466594508354,22.163503141299813,-18.764500197018677,-28.25366354576407,-122.57429618931724,18.571386891354045,-29.56138856014281,-86.34524423057046,68.4023709483175,-105.42530915091298,49.56606475604583,-358.96466594508354,79.74467777387157,18.571386891354045,143.67548997925394,16
-35.45829603199541,34.8486979420874,-85.89222953015869,78.34040322491718,27.444536222683453,38.88740789070643,-94.1521181207767,90.65318997834078,-26.931104790369425,-30.17913333928552,172.66651075836606,37.332963088632255,-10.71672849340123,-4.51567096541809,-70.20973746298333,49.50999352655363,-64.8541587112097,-23.507765111664426,-19.68494045189505,-30.769827664320083,-30.17913333928552,22.977360104490554,-70.20973746298333,94.13403081810529,3
-9.960378158948018,-14.966067974509233,-76.64320186921117,-65.45594908236306,26.822314871858353,30.007027103839153,-4.004703577746925,-96.50307719651552,-52.47040693620855,156.57835222902744,-33.20965146283296,9.462526594717229,14.277302052990425,-15.264169758840588,79.35946282435413,-89.55178184634512,-23.4975586277508,-67.30187579604376,-97.4317725851684,54.784057775085806,156.57835222902744,-150.61164008197642,79.35946282435413,-13.958195880617739,20
-58.5331350944857,-28.881498051397546,74.16022021829076,75.67286902144146,47.49434317090223,1.2591617698156994,-0.8123965312187995,14.85694558465739,-56.27461960850688,-121.20030160740315,-6.4323861644231295,-66.76545769655006,-53.089689029511504,-45.22897547277782,119.83144658845535,80.28751138623193,0.312326253471309,-89.70027902276479,150.25688932990147,-33.83526608210774,-121.20030160740315,75.79298924399296,119.83144658845535,27.41423895880562,10
2.5813092325769023,22.04590359880619,-62.06979298034703,42.35285863628694,-100.12659130236841,23.61635003132532,-44.128668962307174,-111.67708914876991,6.604280564262792,176.69766017562557,-37.08474937222028,32.917637780589075,-79.34111883310904,-38.16415190345968,-43.484657862881576,-18.017844521890215,39.73397525269762,3.3848810354373082,129.44831740829034,12.293401695102922,176.69766017562557,-9.504489360787947,-43.484657862881576,-85.26189237734499,19
36.598430034877715,-45.63023860302331,-89.5607205387833,-12.395859388082393,73.22302488797104,-19.179586011532727,7.9384036427268,-20.74850689159577,-148.63785548384948,291.88733207614035,101.2487481132896,-114.48866487792296,-57.788728178991775,16.572952719976325,-70.71315324820561,39.99507464123148,51.515231584858626,53.22524410419382,73.16614667495318,-40.08606850473062,291.88733207614035,-41.348534907603835,-70.71315324820561,18.088097576265657,13
-21.452765941957935,46.82089105295561,111.53878154159702,19.35098371312484,129.74013052288169,-2.88766747166119,-38.90025627610936,-106.81504270556246,-237.25376319777607,-102.0117104595214,-55.216125504180326,-91.16409121798324,-148.3548998182185,-196.63908351173447,422.44649969032963,26.493922996476734,1.3167199009742512,9.56726738842046,1.6534813520445457,-20.498963330848884,-102.0117104595214,89.69331255069476,422.44649969032963,-55.535856242645885,17
-63.14451222970242,59.5265571964039,22.613315869489227,9.024530148296913,39.393925592014334,12.693064068408976,-17.977788021195092,-38.165881203768386,-7.046501211882492,36.33039469746762,51.95427817110371,124.68609915959533,-162.4378352011811,4.139912582519152,172.69516013074875,44.32348222827368,-11.513398856287726,48.84976822236624,-155.51814006040962,21.75343842292238,36.33039469746762,-101.25698487408582,172.69516013074875,-0.42524736665541685,2
-56.83619508382005,5.067909856688,4.949087862870143,0.6688082298698873,-51.65111030735511,-48.25430275328014,-39.78097527421196,-143.72291848780233,175.2899215373007,229.49665875050647,26.25616686877305,-110.33189437785694,54.72929374372608,53.695567942539896,-216.58013302476763,26.67816155764132,135.56538711729593,39.68353725263648,21.11904315195842,18.50205178293799,229.49665875050647,-103.06053256318896,-216.58013302476763,51.50261370442121,10
21.915158877710454,24.723298046031008,-80.60001025447878,-53.38281734031705,-37.01489642741336,-19.42336163220844,12.646340434274496,-109.99934391244227,-25.45841707977198,131.8134938876457,-51.03039686993206,86.77890042294732,56.56748773596046,-34.97444847539673,-147.54815681698113,48.15545270561288,71.28541907224766,100.1103849277092,-16.122140258956165,40.89452543258936,131.8134938876457,19.9527233214803,-147.54815681698113,-32.24527138065035,0
10.211262488544495,-3.12159932586126,-17.23975042128867,-6.376562373363271,-63.25147229415574,11.247236021264417,-27.669234149532972,153.32365366072995,-129.64905871724065,-28.74067973282075,-28.003310871816716,-78.89886751011218,-28.673029034052462,-195.80646513974327,188.3636115344389,-45.00943969584135,-6.334496320998207,49.244238208667554,86.35211385509385,-27.550690215553647,-28.74067973282075,-34.60479105369119,188.3636115344389,-102.61774594866864,5
-96.20049456139347,21.256252631380534,-145.65221747151443,23.775633106158747,63.56616847488921,-84.38804606746223,-53.00618137748099,40.005052619423154,-62.89577282898533,-6.004546221078918,17.219331708823013,-80.72245266072422,-15.836070543296827,-141.8776574107038,40.85893417057369,73.98833147190578,27.745747388280734,-74.59992100549853,29.017300667556604,36.52211444128086,-6.004546221078918,52.27398547668325,40.85893417057369,51.54938139170973,17
11.160190893655347,-7.855620065085791,-20.8611197931522,55.59457487084907,42.65104089346223,89.75692193634953,-23.384730115504595,-115.4795703222573,-30.61814835343752,68.9792805319573,45.6114864641839,90.87767266058394,-21.372129939264966,-24.318472349713886,39.10260282791965,12.322735633964989,-41.933818177353494,20.381291858686723,-170.31848742261383,53.81216525460988,68.9792805319573,-122.48892445651336,39.10260282791965,74.67165212462702,2
-62.69464075522566,-122.20509974915487,100.55176292300897,15.909165281675099,94.01589094675536,-29.2889915046076,-13.990969156627031,-91.80742205351996,78.08959652320986,92.08159504664229,30.39348555541231,-182.32521359977204,-13.758734469673213,109.98543730015317,70.18276664080254,24.916090122931067,-8.805607634083332,-63.71372052338202,-109.51237229704986,44.12478951446203,92.08159504664229,-135.90441240868745,70.18276664080254,77.7263883986737,16
49.55485944942381,2.5088215262770057,28.162689545464943,-41.73032040339078,-1.788494577915385,-47.234723163339126,-38.24350664346734,-17.086803193196328,-96.35381054555822,-37.30169263283241,-2.1871469741012017,22.821576844929226,42.70980020859898,29.872314723752993,-39.56287494756821,-9.692165609073221,-49.38893575345897,55.84586003163216,-78.06640767790225,-6.342141930026596,-37.30169263283241,23.991221446728346,-39.56287494756821,9.147371609674174,1
-22.99052393181837,-15.959440163562213,-38.95771081615505,34.23912457837464,-38.75462524310019,53.41114937875474,46.05403364518695,-74.26502120174771,94.23051916533578,151.6385766881051,3.253678019861219,27.902668607266747,-20.567517262025277,126.96283023962832,-299.8782787244125,9.226674048624432,-44.617687875096394,36.57183920574819,95.47071960154636,-7.141055323509758,151.6385766881051,26.370235594810296,-299.8782787244125,57.949254540539236,15
-21.01837176166267,-9.492677373842554,43.34464315964014,-53.43498692546081,38.48442659337559,62.376665502128866,-14.681125287779501,-31.1100688240341,143.75759473258555,-147.11579830326806,-29.387892480658955,66.61779713828358,31.675409430087527,-13.991626813933795,21.34802713501692,-50.407843260420925,21.72382314212944,-83.86692851537988,-6.162476058077755,-89.68233614055221,-147.11579830326806,5.823983972706426,21.34802713501692,81.30836261624167,6
-59.832820435689854,-93.50978717870927,69.32823057357285,-16.812709998684763,30.500171886074078,-15.403588344717091,-56.052517572249734,-96.96574340906295,0.08439261518924823,-103.35493813600466,-161.90366365695132,-48.10497579551206,92.25182137114282,11.102894278100948,-52.64785694907455,6.97044300697902,-28.24970568095154,6.359588059297301,21.08894152735793,19.030593066469365,-103.35493813600466,135.69076317591885,-52.64785694907455,-7.358569073833228,6
-22.90578579843324,-7.195065602518901,7.519097876329379,-44.76968463422399,-24.3321536511867,15.848941622963435,61.521043291404595,-114.98493084227803,-31.045270003141372,46.12011850356615,-99.96180762664586,-0.831942623054478,-104.61912144691873,25.72530383975794,30.980855168871724,17.72444221141619,21.764264557829502,-55.55469873130516,-24.01345564318219,-27.847791196563975,46.12011850356615,-62.085740002247725,30.980855168871724,19.066153331884628,4
-93.30382515698821,26.86729108964096,150.80368145969842,-38.7706154273952,-29.424226026732327,2.4749777828790513,28.662083850337183,66.48418328573587,-108.91824028794105,-399.30592761610615,-101.5216573431578,172.72052517493262,43.96419417848254,-83.22881086108356,-30.091467272095528,14.138763573666411,26.819996099995308,60.5501319554142,69.29128895255096,2.385753560677864,-399.30592761610615,132.28764504959526,-30.091467272095528,104.90880362934774,2
76.52157552827991,61.19737022246018,-9.31532217111382,16.409695678375332,54.44347889651107,-21.676996359334694,6.250471058413574,-12.638104218733277,-140.0250951045702,136.33640320269737,56.563655866926524,-127.65617220865165,-5.247703034738551,19.03027987404564,108.70481674386264,-26.20546858310036,-11.519335731327828,-17.003564561671602,-24.047984671521476,44.767269403015284,136.33640320269737,-44.95736548761454,108.70481674386264,-52.48990727605744,11
29.982525860288685,-25.50541034645416,-177.23445729916813,78.54239954566933,-97.22820718516454,-34.95863393703906,29.838523014253035,-133.65946573293115,72.60836817402868,534.3032114442519,22.250695128804026,-159.028099444986,44.84044607385809,186.93652903364864,-359.33448945040885,25.16136807826202,41.48764959810642,113.56875599593253,20.82206759315585,-4.61442942626719,534.3032114442519,-6.433355392707192,-359.33448945040885,-158.3416430615788,13
28.456447836273988,-21.850708947079447,-86.36115980813884,-21.293212354252052,76.56999777814627,-49.101593144924706,11.17928074202813,-48.6357689462188,30.92672076463549,104.22648955281042,-34.92547996273525,154.92903666368528,-42.194523744914,85.1458887957838,105.43959630218531,-38.680089970713354,3.3424372926043553,-77.22113332515171,27.654900180267585,5.556307890687391,104.22648955281042,70.93807561322544,105.43959630218531,-152.0301827057286,1
-7.959173936100573,47.90990057531616,-121.66928896116289,13.286587777578925,82.88973960640178,58.890330535328,-44.5490440952438,2.542552172981618,86.23914663749466,-80.13554222332613,-215.77301876355452,20.47579358305123,108.06776219547288,5.00176292514416,-337.80009783428847,30.829225537939337,-1.15542667001545,48.97117571105318,-100.92210060478875,-24.507183114586724,-80.13554222332613,64.24159513478133,-337.80009783428847,205.4024051911205,15
-17.23773629316731,-4.394161976484013,47.66338244590094,15.268524139893149,73.00368854443313,-13.499754236012622,7.2464586607146995,-98.69719841541531,138.43512212832573,157.91340555096787,109.10028178860014,-79.3539167033831,77.76125957336234,-9.606138895445309,109.91615182142688,-29.476698430903397,-11.65006834528354,-19.969955793712664,12.32344708727326,24.730982186300153,157.91340555096787,-70.56634834485678,109.91615182142688,-53.57564105540252,10
-15.516828751870728,-34.992157198421204,-24.843066306054165,87.86402782658577,-19.11479655509375,-13.626859328606711,-2.8372291013076287,-52.8301107945558,-12.100656266727707,130.26649713423683,40.05708573507485,-60.92040852748468,22.870869217153455,-21.012556811218236,-25.078885139478896,-21.925677696047977,-34.53775636515865,108.50814319292422,-102.59136546514472,-9.021828844317048,130.26649713423683,-23.957176239582694,-25.078885139478896,-45.777721315935366,5
11.397541925076457,5.13168689415841,72.10063155396,-33.979596509722306,196.19186812910255,-53.404442645179024,1.599890898760652,257.79198373871924,-106.94457799581984,-299.670464045403,-174.296958972092,19.68073675460718,-138.87737584046727,191.8587518619657,-71.95184571680122,1.3028715547354666,1.737007546325364,-117.33399401259014,183.235104638714,-38.936944406170696,-299.670464045403,138.34082173892878,-71.95184571680122,205.78044750476468,1
-30.60604957077393,4.494478885456787,66.67929842666551,-28.61957258329766,121.78342772769398,-35.91148801013134,-20.023744654003774,-26.08768147808433,144.35738195171302,199.49992891118018,180.74992441983932,49.6955315278224,-59.48218144012864,157.4739053642273,-5.023229751931893,-24.536742566617036,-68.44436556806573,174.84054594449776,-31.65831458151983,65.00182353054775,199.49992891118018,58.22372266525072,-5.023229751931893,-85.178647020944,1
-70.96335042924562,7.905080463914256,-68.88326904401687,49.863812244103485,-79.03153391558203,48.89985109218628,12.203640020099373,6.977146599009609,-19.04842512206427,207.26513852544454,-132.31534721566726,-149.13172073008693,115.35083979239994,-22.19176337702286,-9.11347770686558,3.456766213448486,-31.81174169660467,-22.26958365519094,17.067600716691448,65.88503372051295,207.26513852544454,-158.22867021502145,-9.11347770686558,-116.07391951033627,13
10.260574059154163,70.10320688083944,77.29756324701407,19.21726205023315,154.2585425149307,12.94943893443709,-21.937911819672024,-177.9703447593495,125.02057997810367,171.29748105434774,-187.26416707520826,89.37597681153599,-96.50206928827274,144.480914344463,45.00483680124793,-7.858596804568014,-9.141077322190034,90.78672607621328,-78.03017004533046,21.42716982599298,171.29748105434774,-32.155967264184675,45.00483680124793,-44.10611568557953,4
-70.91379601429628,-47.98674711451668,349.7661714172448,-76.0436191900729,-135.845076468369,24.194186027353354,-15.085494495477612,83.75373876862457,-29.401236592309843,-717.39381629273,-23.941419156610326,-101.22654031527946,38.992659910076014,-16.96415747725961,4.858577665998614,42.871241099008756,-14.667698097089863,-45.168146893447116,32.519365870818916,-27.651748458947395,-717.39381629273,268.73748086225334,4.858577665998614,154.77498126649468,16
-24.65154831845596,44.02408299437651,-14.77323578715946,52.26935984855923,73.95151175136701,53.971182061289525,21.49319172722167,-44.438058299999824,148.62266360629474,230.283073051009,69.20164634055105,80.12479412997448,-15.698340865952822,-16.23490507923274,238.40237097668418,-28.75266962447941,-26.821455684196977,-1.305996162101648,-10.913785178648308,32.216021200593175,230.283073051009,-140.11638311487266,238.40237097668418,-158.0504214379479,20
76.18054682443751,29.226751395123635,129.51482526737027,-13.661044814177313,137.91044116152366,-4.96372362817948,12.919355893964324,-22.7841352848022,-15.972242993758785,-51.828838721560295,149.25842949882724,83.66566046746968,84.873441994646,-162.60504165078717,234.64550749448108,7.466172793859726,-101.98915945293021,80.29253987649342,49.09291919111283,-99.02942148467278,-51.828838721560295,-13.993131310565996,234.64550749448108,-0.1506241259128105,2
28.37873280594261,0.037935170452610675,-240.02769520572696,3.1886336471467507,-38.374697572633416,37.881808476173966,49.49577931860727,-114.9519067468286,-29.835233207940732,54.74998141764431,77.10093829330606,-22.63655220935881,-17.95716166975776,64.96834799237787,-379.7192496772924,-10.489111637834757,-44.78553112897296,26.877931921747198,-175.31133445159767,-36.134711563946325,54.74998141764431,217.6465366338319,-379.7192496772924,107.42062396501196,5
15.196089582717665,-9.66104399348473,-247.02308976430672,45.24286178120551,-67.43335602075297,9.81456578010411,-59.39318868698027,-235.2569856644206,195.6854392245541,623.0721112805484,218.47217298885244,-233.75763361526208,115.90530700000905,86.18472983717616,-600.6058953139582,66.13292598350552,-26.61922012991851,240.15260927351767,-101.275093070697,-69.88132605247775,623.0721112805484,-9.090315796756254,-600.6058953139582,40.3836604981413,16
-46.647369730718395,45.10024687240565,84.50310136658892,-8.859213125952829,-107.97615888660656,-12.819439419228477,-27.653352063942137,-159.02948355624812,37.606752186670306,-158.34298864627524,48.59305039599601,121.69272460760882,70.29746104854208,-70.25251431234543,-59.163366712854966,47.914405377022184,93.24210599090934,-52.75851153311102,-8.603937432492215,-18.83362967972295,-158.34298864627524,-20.780519503188522,-59.163366712854966,104.96301966501196,5
81.98278594184697,27.681535995090123,-46.73472831021119,-29.71587406746093,-100.36436305823159,18.681733101919306,-15.605562911009041,-55.74112679627454,-24.494303983007157,23.406392218097317,30.343414847506303,-53.86924792541528,-44.12630439592008,-79.20221570724452,46.07301296184018,-42.918627919414135,-121.02169812942006,30.570176400536667,-43.02702241827299,76.39159021598329,23.406392218097317,69.85736693086416,46.07301296184018,-99.56005077246267,13
13.09187953610611,0.730584043351129,-96.89755128770501,2.0725119743249056,190.62223993711967,8.97947508498239,-39.247897903081544,-122.06053812613192,-109.99732746857694,145.0913446523122,-114.36682363798893,89.93713392163677,52.8534735025442,63.268417233168464,-72.49204979648992,17.015450951902388,-21.675204100150363,17.35907084791355,-8.283591705760562,54.11323497885364,145.0913446523122,92.48898867862783,-72.49204979648992,-2.148486471931088,9
-55.90094517119134,-19.11481227644564,-79.25072376428625,20.15700268555672,-111.1422793600805,60.120225913970685,59.34704591909059,-46.82249797199895,-21.994054431063343,13.206465716894034,-93.60414622418531,-53.66743949336674,37.78597565622353,-33.13758794820196,-188.7466074540676,-80.86487058288215,4.367632382020522,86.06699523922171,-59.88310227446828,29.186760087230773,13.206465716894034,88.00071754294717,-188.7466074540676,-22.311824928815955,18
-17.334184745025333,52.7697711640198,132.2252275200311,-23.955356674279752,-203.54980961239565,-35.00056100131333,18.285431195396033,45.258009208396324,-156.21256269077998,-297.5569798590666,176.64499927031733,122.11692323070957,204.94433253555303,123.84930079796364,-282.99295361266405,-3.651855292892447,46.55491026013158,-70.37724306497354,150.35118111656823,-30.896650913883413,-297.5569798590666,140.29332428752954,-282.99295361266405,72.1467239258921,7
-80.84556899261614,12.304766022573663,-27.532776032123472,-42.47023755347281,71.84471128908217,-13.527936082496272,20.253454378507417,40.04736990094513,4.8949718380483365,-120.57797188145045,-48.82923398996745,-14.767496069339359,-66.15898289698254,-22.14551752207896,272.39911018839865,33.35350935961132,-51.81867679613612,-230.66483019963607,-34.344764968971624,-37.62067244373953,-120.57797188145045,-47.53215778251903,272.39911018839865,-2.7962755746048673,20
25.916751083194825,33.301561926365046,53.50067577763674,-28.02120931435993,58.14771268927265,65.65956059552205,4.017547306906212,-139.1157660044536,-169.5560992119431,101.69884497998478,86.26948926783811,77.21640561073507,72.37501263462005,38.906733342507934,153.57519882204048,14.017303183872782,-128.31422169849293,-46.2919710553744,12.689339594036646,-2.9769047613534756,101.69884497998478,-15.989115509370603,153.57519882204048,-102.4058362633857,14
-22.55656441331082,-43.44538972159989,-119.32449211363412,25.23030703982549,23.30242562904595,-6.679968155632575,-10.364978257203028,59.89586588723603,-156.72845698767506,-61.10135448218061,-234.41175235018292,-87.85159414773702,112.32134604874418,-43.773941984112675,-90.96861594747395,50.383739986070246,85.79852392970146,-68.43807966821873,7.291254347259355,8.526005987053612,-61.10135448218061,45.071820920900535,-90.96861594747395,27.457498089322144,20
67.84453786754256,35.1113715702752,-54.67537347185111,52.35166608165809,86.54208939965142,-31.585249066144343,80.91333789838819,-14.308435482712563,-49.24528344145743,208.46800959733318,-46.56684138056793,-20.273541432656472,180.58345632088896,24.275914524239283,12.267015230216993,3.293005184376124,-13.506359771577817,39.49355402999128,25.043911048497762,51.21974045291474,208.46800959733318,-17.330952711222398,12.267015230216993,-144.38817218100343,9
-27.013632555851245,2.243366769193167,-103.1565411210277,-0.6270449950649282,0.7250781378047222,-16.30666714844232,45.13276057838559,-78.96557220701405,12.182251745056547,18.140460528381297,-23.745587977572256,-18.61564716051354,-60.886242950042345,-87.6055202400861,16.64182317723708,4.374060799090579,-1.0055756794665,-41.498860717205595,-76.64005960661214,38.716147880229926,18.140460528381297,9.879948927900983,16.64182317723708,38.38217302988883,8
28.46142141508068,27.219289984114017,-96.76221486095976,-27.0844336636576,-193.85289120372906,22.788560372969812,-0.5658967948699702,-55.56240556852357,-70.9315640864668,-16.427448775764763,60.508989511399456,90.4895773900702,-98.44119103617315,-22.613110324537196,-149.6450551579584,9.473056448578388,-37.181479280238825,19.1244259567316,-27.56682552953461,32.224398045142486,-16.427448775764763,71.49781498501815,-149.6450551579584,-5.657252642774937,9
-42.37539845166816,-44.9093992888967,14.934969605253876,-20.97639100912734,14.43435305851084,5.003846446540729,-19.91498879825332,79.03955887290651,-41.99985820780775,56.77484757918179,77.08187228163844,-58.25816325520247,38.31187376851324,-24.81768251837336,59.62610314702484,-60.95425886339881,28.629500902689053,64.8099507211199,-34.67908134616475,-41.44968867677207,56.77484757918179,-69.15992214365747,59.62610314702484,-29.93746163853462,2
18.60520762925659,-21.764896880016366,-199.5151793903167,-8.751272437590561,-62.29220538690869,52.35245926731132,-55.25826516020069,-226.49791986070312,-26.546534367186837,270.5746144583695,72.05712443297998,49.79451176549736,-34.116152365607704,60.88305840648381,-438.554969273464,-61.17180955584591,44.42564399649412,44.65412416949313,55.21265366847352,-47.91468886683263,270.5746144583695,110.40451940346966,-438.554969273464,94.3790646087848,3
54.486988727255685,-26.403139343118536,53.41358132972723,32.51222122861816,107.4169045386433,63.25212809915185,-12.775817764167272,80.24481321590486,107.65330392831271,19.46968237519067,-19.355529629509128,-152.81225088182237,-33.898407811099425,-89.44305374115646,441.5542295856715,-11.189194903968138,2.332221609386083,0.20605210149297282,-91.97980968269735,-3.325056199336904,19.46968237519067,-35.85725330490027,441.5542295856715,-205.96722489702103,11
-78.24799478771266,-8.304173117437756,-180.1339833061597,-35.10985675878699,9.669001651122716,-10.512809005794043,-4.003914387765255,87.85735365039642,-40.37819634411035,120.01411857470089,4.574852126288906,-79.9888112099476,-113.45209740912658,-62.75722388922539,-54.223457570369284,-36.798303386011156,-10.800237974329594,104.4771899684391,-52.81313719759163,-17.13711621875348,120.01411857470089,81.22634064424297,-54.223457570369284,-38.02157308860602,10
-5.660735454733179,-13.486664989539499,42.38777549535541,-30.724234464751564,58.42294326366961,-15.003924518984114,-12.32933594654863,25.84920949815258,-14.021470219937378,121.3059504562711,43.41566187565444,-114.78207278598944,-78.71738535621793,123.2023692710516,7.420088462676722,39.19895551433727,-30.490337751429443,43.1696862506152,41.70541858870714,8.650259840837318,121.3059504562711,37.92817110342536,7.420088462676722,-50.83652561247828,12
67.73365800679541,11.523549365305023,-124.54462434115463,42.76609441349849,128.00121817506746,2.1858289945617098,21.941984105543703,-40.96957893434174,-56.899400890648124,188.65484319434884,1.639222151676698,2.6248198838998382,40.494152022512026,-74.9754449655729,44.24278619499891,-48.801047956691896,-1.3368880005567259,-37.65878286813076,148.11871917549766,-61.47468072930843,188.65484319434884,45.96906160547158,44.24278619499891,-59.94296956429652,8
66.43346074268506,40.86101790662351,-91.7801032564793,-64.1006358891289,-28.200383710665413,-56.390340620365905,-31.9538954738592,-31.56362027718862,54.85348330353739,224.34641616767394,163.79601556917052,-37.0287022231184,-19.55553801904978,9.423524556992051,94.6304057989214,-33.49751869004873,12.424025331829917,-32.57069747373977,-4.851156483727372,-10.80284979185025,224.34641616767394,-30.523936967031577,94.6304057989214,-153.20140980412236,6
-28.175230467571318,56.052170610628515,-5.6185194095904745,-53.8596699528323,-126.56066087985474,16.992010987437073,11.081358641575356,-49.10192774653295,-9.244615376004877,-13.494200178756675,-92.5128180133014,82.04805495559093,124.17500939064593,72.14628641798818,-147.84229494348804,52.09703464304334,80.9575190253195,-6.938356729805246,-78.58974619069761,-23.82078067479413,-13.494200178756675,-58.225049814439046,-147.84229494348804,-24.577784431557788,12
13.434221023814576,-54.70491542770358,52.53451961895804,51.24573334439081,-146.79336473130476,47.89644249365363,1.5404414809946427,32.13534154882143,51.22811122397154,-53.09107386297492,51.54596853419828,61.304414858935026,-43.18022117427341,102.80016228185974,-145.60840892690126,21.312875166294685,54.92498120665617,31.05268737677396,-5.979026883364349,-24.83308200321439,-53.09107386297492,-18.732476185146464,-145.60840892690126,20.626806934756992,11
18.033602296217186,-23.030496110747954,22.281262241138755,11.592728345734084,125.58633644654812,49.34131900104987,-19.976819479495028,-51.10319582735434,-68.82218378494407,22.58641141238482,141.84427445416787,49.59958559956233,-154.01499099986412,94.02077099987395,102.92615581776688,-34.17626355840392,26.866600519535595,1.9292301356402008,-122.05139645299825,102.02427843138278,22.58641141238482,25.42962141003363,102.92615581776688,54.26508786034725,4
-53.03684809263058,11.203124266137891,-166.38882293285775,-20.886885831665424,143.45108550397262,-51.469749821166445,53.906918687828764,102.29411435148367,-118.42262332080435,-5.007431172232489,-96.0587458448801,6.295818896888994,48.1349973532032,70.94101701805279,-2.218780022564259,45.95986004090629,-12.880786502962714,-182.3471190186106,16.838910359834742,6.523777394718575,-5.007431172232489,36.14078591586122,-2.218780022564259,28.253773134584392,20
54.28221036430933,-78.55704571251916,18.208911029825696,-63.4831101406024,-168.9137898492318,21.863533350717567,24.83358169549748,35.8367648118275,17.72928759413376,-172.64910129026407,45.82543304959877,8.681622459814529,115.50016949268858,-57.91343227509523,-226.42163205907988,29.05634123091573,0.169487564759398,24.27064435267947,-54.95260966482357,31.73397410576792,-172.64910129026407,-46.59140613710312,-226.42163205907988,148.52973671579457,15
-8.0843096600019,13.341544426828008,-93.12800299940365,5.023210665278461,22.960236925061636,24.168988797821747,28.988822044233817,-10.360947947306762,7.612543612621971,247.07229213240635,-20.12786959258569,-0.14724901710487348,32.729241837281876,-7.080587304998982,-229.7567990682646,31.596962929873435,-39.21218856759541,127.71998781530634,106.17642768722686,-74.2871013611462,247.07229213240635,-36.19135170498279,-229.7567990682646,29.092784315707085,3
59.085543228010806,25.091771261781307,63.60862235046463,-19.367977907862066,86.33286334451287,-36.68121830820248,29.166789223140558,-83.97279614127257,59.96684947585264,-114.69722781586105,-26.69466808024156,30.844625314141815,155.66130440551058,-14.922731774615276,163.3835084697989,57.06090379582172,-77.55945983699522,-67.26970537900354,-131.36237660738448,-41.536563656047704,-114.69722781586105,17.237433474546844,163.3835084697989,-41.89075949213276,6
21.396805537845083,-68.557399773341,-23.053445272111173,-12.32984642588655,-101.57808738117076,21.28943135120581,-50.7703397319526,-64.88627464497183,113.5107946924386,12.218549422643035,89.98087788528757,-5.622096822843958,-52.96789369052664,-62.687002032737915,-82.96639261192772,6.016023440762986,98.11852915085379,54.446739953298234,-25.297700508813872,41.699728304016745,12.218549422643035,31.78985484827094,-82.96639261192772,19.59975428444747,6
-58.59115187199179,-16.643242520741136,26.14852297761578,24.623212364066745,16.0716633881556,-64.80166201754744,-41.970097462087324,-77.25038247275519,90.11553129467062,58.59218756640419,154.6076815526166,-114.16035576739084,15.112428176187036,29.187888058359004,145.39269796174898,40.83706657337271,-48.464681160966954,-35.615456893874764,-77.46052207705745,55.87273363864287,58.59218756640419,64.70806465775253,145.39269796174898,-119.87235710566677,11
16.93917399059044,-35.30593816456382,131.9607555630263,-8.715856059231747,1.1479118091033769,52.728542517625236,-52.90892408604951,101.91901573030465,86.58408523174455,-5.485045028108826,73.33838179200416,-136.66455124453324,-59.79791877090703,-21.41933496309635,197.07100512584506,6.29390080260995,60.81377679610959,72.41097205198416,4.563316528101309,2.310835351425992,-5.485045028108826,-52.25976910651704,197.07100512584506,-79.59514416506869,15
-68.5548639749612,65.97591606171592,16.893913948283988,-5.213318201292459,128.96944930910738,-43.14102795879105,9.59658442192323,-131.57662121380804,-64.70066566363995,182.24554359772614,33.558210077980036,-44.267098803488295,-10.207391962421166,36.081958060526595,-28.526114704689146,-3.7916365851149174,3.2093697373358143,67.23329411854012,83.00901267414689,28.11792523199269,182.24554359772614,81.6497838850265,-28.526114704689146,-14.55644985684617,1
16.55136663977562,-28.0643979536014,208.46325027795075,20.73560978441502,-80.01071449894187,-4.630613274286088,-26.048577728961668,111.42908751796975,-69.70597326470424,-269.6711395169749,3.7744400179156035,4.401000453085029,-82.99586011516439,61.10843999258498,297.37446088070266,47.9082710556359,51.01634674358621,-3.2976580989244564,-57.28413290767237,3.5526022417059933,-269.6711395169749,64.10661108307364,297.37446088070266,-157.75698171289548,13
16.77293152779374,59.63089036068395,47.80416953362705,6.945905170528455,-158.56811842921053,-13.32261771736797,-41.019453256944296,11.338439671160723,101.28860584229022,97.42819651437797,-70.76308558752962,-201.05216249450947,90.78152652385901,34.56519622485901,-387.5689794904872,-59.89781319904819,21.7251266033214,-14.209950454005158,264.79549559668294,16.76615226560886,97.42819651437797,-120.1019576750436,-387.5689794904872,154.72154952844747,14
-27.400819865975002,11.994983791419546,-41.41338408435922,-14.983364105881915,19.942247207790125,-0.8556957030996203,-26.494498962727025,-62.47302538785719,-112.03844988623769,-78.4096168962974,-32.44065486012527,-54.74428292666198,-68.78382972714897,2.77261606133131,124.93695927578067,62.54419586631198,20.398138272092034,-109.90159396135596,-45.78896300730414,32.25806576633027,-78.4096168962974,140.1685760887959,124.93695927578067,-57.39369476211844,18
-14.451891081368014,62.94610039292106,-26.796305085889777,-9.273722430388581,11.101961332949921,-4.296662095723503,-43.93350284197336,149.90724794808372,-25.310111529478068,-31.923584954020914,-130.04335220189148,-64.79804421079314,93.63012519134074,99.73704527632977,-214.75667438767385,31.940611409386438,4.042519373377852,82.90165490088596,31.02864408657501,43.785004703094764,-31.923584954020914,94.17150585535768,-214.75667438767385,-3.678903718778974,5
28.704178041787443,23.04723694370377,-21.483138484432178,-59.532724040965846,-22.164564818718766,-11.880583447626227,-60.36132692647797,5.317026302057002,-129.0217451228684,5.3839614271090666,36.80484377685367,-74.62294280998262,-45.36075273259472,-52.82633281428055,112.0443862967362,71.0183604341257,-6.597304177391599,-30.916124140807206,-38.25341551019289,0.7252273743865613,5.3839614271090666,-19.158605059075747,112.0443862967362,-26.021887050919545,2
-58.14676055901036,15.716539074989392,75.6429522171276,-6.457841185268779,-71.40639750282695,-42.03685424618479,-19.50532440858236,52.05243044625412,-58.969742126570246,-42.150130052438506,-107.24419249429063,-31.467216709913863,-57.774428434767145,134.36484322495465,61.78753078541518,-3.913352961921931,-91.87541634671177,-123.23673230760384,6.405937869713161,6.432811672013075,-42.150130052438506,-132.98358536185833,61.78753078541518,-12.447120421568695,14
12.14603427423379,6.689718766054085,-127.51736463871538,-55.95123581132106,-105.899622563897,29.56253782215622,-31.032573955205297,70.27031883717783,14.51863503731646,-14.979134033655024,-11.293376970204312,61.998199359326804,11.679854122668525,-87.88198851971654,-24.09533433288456,47.15967040109335,-45.743684183771755,-68.19975770519343,74.10915563071035,-42.86159773161014,-14.979134033655024,1.2408218170824536,-24.09533433288456,-49.30707448200374,0
9.723303373895991,35.061437203317254,-178.66427563084858,-24.539966482964243,-61.570921984403896,-79.05818222672805,10.7192991901206,36.117850871240535,-68.3593097178006,314.71902575372036,-11.24673642384641,6.518718123493374,-4.267766563545234,164.21427487991326,-383.0766006003771,56.915349105202836,-15.190367751910166,237.12845041331977,-90.2870783699559,-8.493377897343754,314.71902575372036,45.84755762422446,-383.0766006003771,-70.15530290878303,4
-27.338405022950276,13.168937361614713,-33.37187392755151,-9.355572651053947,-27.095907065202354,37.948690096848516,-33.772950056849986,132.0882958537125,69.57046782305424,-98.72389611352708,37.44127246415605,110.70673837152708,83.0136210539758,-99.45639461685255,-233.80807253916345,16.980733952484535,-35.97267080533896,101.36602042775411,54.45761516604193,90.98303569398455,-98.72389611352708,-45.24222151518024,-233.80807253916345,180.9208283813183,15
6.760679825814504,-59.05703185642058,-27.33278238612892,42.23982304055469,103.46296033981551,23.399254553217897,-4.214436909333407,67.14382155574194,5.170930831896117,108.13700510045149,75.57834409371551,-48.29955361840607,96.88840162439169,8.799311130271663,-95.2907729545841,-24.36661690297905,-14.38295128312423,27.418922052936942,17.53000156629649,39.80891642642434,108.13700510045149,-103.474595147025,-95.2907729545841,108.20143406911306,10
20.796912803534635,-22.18222965901362,-85.56526399536574,10.123443430613502,-82.99001489344093,-1.291571893334115,33.76205085711517,28.8084519676501,100.43546351472611,118.01868729436757,162.92647370512816,27.52978976849964,-40.5545131958952,-40.04680755981596,-40.07725408304015,16.224791694953677,86.5111796717762,112.55058155715307,-123.26047704298605,-46.879610599774885,118.01868729436757,-49.47182405421286,-40.07725408304015,-41.77978908589374,16
-70.87477039888732,26.020152401047124,-29.688392029224417,-30.201436892665605,-56.47491800286423,4.295812190397956,37.19845047858735,-137.791751484303,-151.11612464910792,-14.139413987165083,-1.6736432753211083,106.72339776970875,-8.84964814437529,-6.7034949043017455,-199.0223503101372,31.864806604896273,-53.427865771081564,-142.6345541176317,137.89381184874892,56.754177092500385,-14.139413987165083,-70.9643333580639,-199.0223503101372,212.06581006433083,5
17.07419016582947,-20.924838224867628,-71.00141331780341,30.209964086777514,-52.81350577651011,-29.288886660316024,-76.73871150081052,-26.662600132750377,92.41798239307705,28.16061370461144,117.0432348733253,-15.49959246439708,-27.127747465725047,-66.05029305499598,37.35795958411384,-4.300149120680249,33.410064458942784,-36.300117347283994,-13.08114806361495,-40.56732395125238,28.16061370461144,35.3044243577853,37.35795958411384,-43.71373305831235,6
19.735722331380526,34.53550559104004,3.4212890045837074,58.742783779088384,-137.03518976870686,-29.734473959612885,-73.44995559539838,127.40366464726938,76.26024241268746,-127.30762851332807,-63.49259068728326,-69.78943395309611,-158.3180693302237,-102.11282728831836,21.617617467837885,-40.799859696739176,-21.49519151530397,40.72493874528536,-11.612577921817886,-26.86866071754023,-127.30762851332807,-39.549852408112244,21.617617467837885,34.91759435279733,16
81.52638977604069,-39.84800002380962,0.3422858983356125,-74.01773490496483,19.788034288142224,-34.0405323303404,55.924966107456,-78.29081647739136,-35.17962205182404,243.19171037279713,-7.816461508048356,34.9214826783675,134.63260121120567,52.307976761849645,-15.038636556283189,-33.88187830937274,7.258062893619702,50.23810673976415,38.891891468764456,-63.38031748508291,243.19171037279713,-91.04139615967846,-15.038636556283189,-122.2981377172235,20
-32.60255339058713,-30.366703652972113,-56.93575838967162,-55.033977641229384,-122.27124404180687,33.59304480603512,-15.33250536177589,-35.13096146637282,-122.33836061920039,-55.75817014283415,-140.9287565760541,-24.326824694820502,145.33714372581747,60.28665840739877,-550.8136424942452,8.478715656749944,32.43823145640596,89.22038695869227,38.451338245261354,-37.076730419760636,-55.75817014283415,91.33787531494008,-550.8136424942452,197.24999091124064,3
-48.51189544693098,8.616007680380868,30.17579017260411,-33.516601912634165,66.55686468782896,10.178302694227781,-38.599051795711425,6.4068826362,-72.22499932667495,40.08211181769284,-119.48169980942454,33.66250257389134,231.08648775228588,78.29319924089363,-0.2527814420783882,-81.83790201197253,-40.626217764585846,23.55099391390312,-88.81351284165402,68.6421805136614,40.08211181769284,-73.44117191439388,-0.2527814420783882,-71.96091666882224,11
-45.52970737622333,42.57803632680762,-101.58050704137551,30.96061260294028,53.84142426709577,30.71183349378161,-18.768276855299693,96.10770347894078,-30.787554299971823,-35.442233254076385,32.81566811391421,146.79023040652996,215.94507348966187,-138.34673479907642,27.69016378106914,19.88913149819413,-36.02189838384264,74.77831954001756,-112.2811050082812,-7.545259595414111,-35.442233254076385,-33.324179831188715,27.69016378106914,-28.7654160477081,6
20.163101863268746,-9.114930043156832,-244.48994348189638,-3.656047898302611,55.068685231578215,9.132234059294422,-15.638535584726942,-110.74228032502681,-117.43291305257401,4.389084468822686,126.04048926866935,135.2860631900505,29.360710766112117,-279.91277009826695,53.741010608900424,-28.20541247994108,-92.35430661042525,-67.07691514850114,-13.424250920082166,-44.484939235925474,4.389084468822686,109.58739683871791,53.741010608900424,44.80589391754123,16
-67.30483722042194,8.225793030637966,159.33556817982515,6.302674542474916,98.6707746700404,-31.185106709457372,-4.27686057117814,117.77506352063727,138.13604602394102,-128.61336581695997,72.21621641126924,183.68664049269,47.19284663775278,-45.857404582890084,183.9397980865522,3.228507981496977,-101.91261111523653,92.41776488036116,59.40249296521968,57.020486650314155,-128.61336581695997,-36.0542713686128,183.9397980865522,-26.735588699406186,4
-3.6209064106189732,29.225330776576044,21.961084862365972,43.789391010811286,12.348820727645343,16.33149620161849,29.317277498891347,-101.11034569176097,-84.03873070374485,-67.96896402991193,-68.37344362231995,78.779396709727,59.887634937840744,-95.62931694880113,27.183113471542583,-5.161722025566808,-18.542070489975877,57.698812235371776,-7.858104760946034,-52.9946416020274,-67.96896402991193,88.09442343777641,27.183113471542583,-25.24595316711273,19
28.702695519402525,-6.924513888911335,-41.43673447469059,37.7853482185061,-44.000252982610974,-15.383242393165219,-7.760448009148112,-104.5154231418855,121.67576293740657,82.43428573606109,77.36708457910196,-98.91085690440681,60.2301228724399,-85.45356696520528,-418.8139791272637,6.177848935780556,-27.9166722914906,134.08189328300193,69.58840520653135,47.889613202620254,82.43428573606109,30.923155624873033,-418.8139791272637,238.64939485204172,10
35.494583980683075,-5.640343986361693,139.6537944260872,37.37618551058538,-111.85840899628809,58.66848903282004,-26.59424492116388,29.415615738148926,-166.70112967495655,-168.70640062433324,15.45892499757926,-177.46683350463945,92.90840839845488,4.373688701448293,-72.71797808388914,-1.1876034677618832,-15.09844035447816,1.2999954194943086,14.578688629849026,-6.1837331513288065,-168.70640062433324,14.15689201624934,-72.71797808388914,66.28130323087846,8
28.62020757442587,36.123521364213474,-104.82244742078504,-67.15423437229896,46.77685354004723,18.02277204694034,-24.549025163224712,20.111871792117437,-2.7628025730917116,26.47053510651251,26.363444380219974,-16.245601632627327,49.47758632419667,-84.38952369492068,-0.8046348368495604,18.752865902739124,-78.9712061062224,-29.185992629778994,-28.67729570097402,5.605534109416499,26.47053510651251,-10.284276446373948,-0.8046348368495604,35.770072674394335,17
-21.516854195946884,25.604184165382616,-24.673379088882506,-43.617668610671544,-0.08211404908166742,7.569115747085081,-65.07140954032762,74.44689143502134,26.805869438750236,96.57167760770761,-54.79011994468621,-70.46961067287155,78.6320325401553,-26.225048588295987,275.6255106578806,-45.80369293580915,-33.992694405121014,-72.36652261768523,35.77082593446712,26.7755411419354,96.57167760770761,-41.34911013915058,275.6255106578806,-268.0742339698422,12
-30.56924302940468,-14.295797231394836,67.18467997603094,-22.83379798098578,65.42474882889651,43.01505627752731,-17.88328592761436,-113.63787214526967,59.49052284257293,31.382587506779004,-11.749636932935935,115.80482637915705,16.22415760756102,71.03852893090016,-7.656831373744012,-44.6846404940164,-7.186871630759731,-60.149062735510896,100.17509084072802,51.4550447715751,31.382587506779004,-11.400153137955131,-7.656831373744012,26.411515432493374,5
69.35096600252203,-83.43590670481191,-89.46663475701008,12.050573259250257,-24.028571035444504,-33.91282068951449,54.96278708817943,-108.13116073781683,-160.69679827297045,10.085281437838066,148.9820461370623,41.61007212863489,40.99677003849227,-95.45726758682953,39.512978599712625,-24.3946760894881,-67.44161026677556,-68.7580150715624,-69.50878909643058,-1.7839303816621557,10.085281437838066,17.71734701751224,39.512978599712625,18.92703831510896,16
12.894071656714408,28.39663888490047,-77.8992867010828,18.93912493996604,-126.12525194513333,-24.857452244540156,13.886926773004152,36.92801821817159,-76.71046240358527,-103.9447370030216,-114.46648725540516,38.38892714418563,87.1757441575459,47.9862503223176,-362.11421878650384,-20.768338284295652,4.781359944315774,14.213251384601374,8.151109121323255,26.644765457871088,-103.9447370030216,62.714302097680026,-362.11421878650384,114.7183151177016,3
-11.238633391828397,-65.64783529202887,-164.30406001450336,-74.8955273273962,-39.66920576429602,27.257813124872605,-51.70247264880972,89.70098289326437,-110.11553589919345,47.04430641510073,-159.96213546369762,-53.051910983869064,115.43393856458337,74.47510302916967,-478.0394132710074,39.661803104195734,-58.9074381506287,119.9894711979083,97.7692023775138,-14.262528462209685,47.04430641510073,199.8815486469834,-478.0394132710074,43.135598285895725,13
44.52207051401782,127.26761753595244,101.25742918178686,79.50954304592773,1.3316722671756587,-29.6082589299937,18.50921693712793,100.12327682731882,-245.98943462639238,74.54852561930491,91.54774781856263,-116.0463388308875,96.56453886090331,-117.6311590633658,239.54991490571925,-31.761018095927263,30.767623563069332,69.23758091906588,28.29744260975552,-6.066701596041838,74.54852561930491,-179.8898512271362,239.54991490571925,-83.82410445310938,9
-73.15900312313939,-15.418090066693155,-97.60672989065975,-19.0721626808667,18.954777592126895,34.452077998702386,-62.16610840946211,9.531981006331613,-31.73233258628422,64.92414990902556,-2.357069481515741,-66.006765737483,24.049759469656813,-12.924396512135834,-20.122944571040403,7.881308538335,-58.62119445832745,29.190828775476383,-81.99499089205571,6.551788365655878,64.92414990902556,54.53554053838986,-20.122944571040403,-48.19507873054764,18
42.64062211503618,54.50953109966087,-25.134314909460702,51.342771099850005,-4.458073259147262,47.48974333233869,17.20806260956412,44.61584519413865,9.158732560090712,-70.98739237867478,-158.66867440212044,45.78995089166354,-5.934952882199789,-27.07347653906308,-10.81569630178234,-56.43329322989879,-31.541178965129653,48.151090427695024,32.16367975017435,-56.913628584234104,-70.98739237867478,103.02857166511569,-10.81569630178234,-66.75293330077004,17
76.30944003885163,26.43901131588037,7.9208904733951435,12.087913134354771,-41.543662813746224,-25.984069688719813,7.794019938655696,161.2124045647838,18.94950689278836,-8.6754017316318,69.74121333341004,22.342345591372386,-120.79047765471978,-45.54130847802904,167.94731694772065,48.801512402454144,10.50944285826841,-7.353533719160907,101.1689099682129,42.02533149678363,-8.6754017316318,-49.144679521399325,167.94731694772065,-81.94129586251579,14
-15.682475458252593,76.36491335681322,-133.36125087764975,52.201687726770416,-223.57599171678888,55.19355218707303,77.94973858689887,-31.87006919241986,-3.140873079164317,23.126938842054138,62.258959791365896,168.2883686291131,-38.5891721717601,29.893640680065424,-242.1361586516257,27.726295613683078,48.724469624041085,42.878665868886294,-209.67144326030132,1.206196534953531,23.126938842054138,-106.20181591997373,-242.1361586516257,65.47032342264885,15
-26.59624559369842,-48.729701936565625,102.98682389201034,63.86477905879107,-19.737724786180667,-30.344260765873578,52.96517629242666,98.99511359712389,-101.62240624135435,75.78533880328041,-17.360233290219533,-115.1863425657535,165.61521822555625,38.741501809124784,162.48411307380937,17.52956042160642,-6.169601888326838,-17.961345881769173,9.577783442654058,23.678174217059155,75.78533880328041,-185.07019878994703,162.48411307380937,-134.3944411491617,3
29.176808497509267,54.07590828315388,-117.76802411287832,42.69833000563353,116.35708817613128,-2.579713920369608,-19.300512603003735,10.488847703352313,-57.180996291850605,45.35863214827841,65.50237988752576,-26.67711740699523,102.57592270011287,6.0123917330559085,20.37723253254761,77.598913086627,64.46359547487869,-80.1005682957474,-189.87089661859028,5.26548059456815,45.35863214827841,-82.44631896260373,20.37723253254761,78.44950586356445,8
-36.8006198017523,30.372922556649286,11.084967993638246,33.98022660752503,63.90394754475764,-49.84008425376858,54.13664702793865,51.051199694131355,15.492857173213576,32.143820540827036,-158.11018674022617,-114.60416870827366,-6.4226796314514445,42.64377282320357,122.28921018261131,25.56394847026827,-10.041584143216564,-1.9833773497513807,-110.72851309496109,-29.942378535960028,32.143820540827036,-72.07431851787562,122.28921018261131,-59.22637698765298,15
5.5789443472610865,3.097377936806438,-74.77497165564537,52.15700385250994,-22.778248762990863,-13.215074615593466,-53.26208101830688,-190.47863784266343,-101.45533860989921,325.6496361582893,-64.86581824508646,-0.14020268040094042,-44.99625481378747,34.44743581809864,-155.16807576403488,32.2908164629083,-10.942777298657083,34.89307853481633,61.120518467706106,-6.655650712972178,325.6496361582893,-110.30661499274981,-155.16807576403488,11.724824329121715,8
-23.85236350752281,50.05562156581695,13.809432842575617,-39.311057321304155,2.2190828489856074,-6.909048317965587,-50.3695080305005,-56.56411723086909,-9.725349574095574,27.035996000142323,19.19881209045669,-46.33084318929921,-75.92597512175375,-104.37532794513854,164.74483014434182,-68.29818778662226,-2.8497115813363343,-9.838147254240512,16.855935021898006,25.400581705638107,27.035996000142323,-12.228430899643223,164.74483014434182,-41.540688959346326,19
-56.287218527329905,14.769819532236461,-21.872996167440064,22.113891147455686,-83.7424793162822,23.309248674227902,-50.16447251126828,242.34449737896384,128.0218402865004,-156.5075812111736,101.67515471202977,116.79671629266903,87.12816246193512,-21.055898595977666,-25.143945099271015,5.458535948443322,17.766690778695843,92.15799468006495,18.977684630313014,43.73222702269391,-156.5075812111736,113.95677867823181,-25.143945099271015,-119.94195120307543,4
9.393572568315642,-79.59165226309753,-151.8664282633881,4.717286366245524,-8.183433279991764,-26.95078161265405,-9.10566070471681,-71.49254267859698,51.314470043988266,219.8049521562982,-163.54079486751118,-77.19382185410053,-8.80143329512785,-8.912264093628526,-322.9158842068748,-19.23662217469351,55.81057671426734,63.236467198084384,59.147446092379795,-42.15803197404851,219.8049521562982,-29.41390618984661,-322.9158842068748,102.3901380117357,13
28.528279078913886,24.662713109577936,-53.65491200772993,-33.21349771691758,-84.66579361090155,75.79577658049948,-46.682237177769466,-31.278225569781775,-21.083072445039775,224.1438363492532,43.07162649359873,-22.102416326557382,88.91549298214383,55.834017890991404,-224.60777833323613,53.66603933645987,-25.67496882570328,-1.2064554923202442,140.39297936415193,49.92888894476469,224.1438363492532,-97.44950213888522,-224.60777833323613,3.7313168774654937,9
-60.337720932518266,74.18144490744172,122.4532673114422,-24.960822407857307,59.05401480771392,-27.599739439849408,-49.01656807923666,133.79173449385235,-40.667038779397195,-84.38944081943848,28.843032503520185,-70.58001890583775,29.515891035496303,-76.83182338853743,197.38707261988162,-22.85971634788186,95.48651535341554,-62.56249379424321,171.37369134487523,-29.219804840655502,-84.38944081943848,-93.4500198757489,197.38707261988162,18.818074352435893,10
39.41105189827285,21.984444714509422,-68.04938695432456,12.6828818294954,95.50988528938402,15.48730087978166,31.479967195951982,90.26246749316184,-90.62155946646145,146.4968610360271,-77.38068402644817,-101.1081416929202,-0.4047015334665893,-24.09308287094329,-163.46355656359077,22.228578413990977,8.89776849071649,77.87498132363702,59.46190718014266,-47.892980121869755,146.4968610360271,-117.49464838417616,-163.46355656359077,154.2449130929327,19
8.26975618893323,93.87254737541413,-105.4627460925419,-37.58026213694064,63.7410682454376,22.968758366831384,-34.35971565040382,16.302262783030702,-54.232838831341326,264.2890726064694,63.19413618727799,-110.94797928168876,-48.44708032344121,-20.81862745224731,-58.484457687327094,22.474804048980964,-72.78752460190698,18.56243373453296,149.7905284879834,-21.50770665203109,264.2890726064694,-26.8988224450951,-58.484457687327094,-1.8752360872553098,20
18.146624942631853,49.9124584860042,5.382500183671599,12.068110950680332,-141.93645687431047,84.80069641775152,-32.68733327446985,73.48564110122312,102.91865399258862,-45.086599851964564,132.05565113167197,47.1851027730354,-87.52950545163606,137.73407881620986,-209.0112729928127,-29.84716346851509,59.02493596656634,-43.619850299458776,10.209423874152193,24.11597715464836,-45.086599851964564,-56.84405866056653,-209.0112729928127,112.25287286325232,15
-3.535148023903712,16.981767885988578,-84.58465564767172,42.03539278668126,48.71639889587661,1.9770692723684937,33.92212819062765,-142.44630494786833,19.46958913561631,324.0720258923976,61.760625428930624,16.44667835074081,137.69440289280507,29.31835843947387,-137.81385894172755,-11.017523689116167,49.03951385801661,38.61457975862122,5.4329829244512196,76.44769363954093,324.0720258923976,-108.74984658826835,-137.81385894172755,-14.56648935121497,3
13.034105760296873,-16.037853546600495,58.75109570247516,3.6405687762609085,96.94341555078671,-106.6275241495965,-64.86592204594098,38.414577937672114,7.5294894892197695,-50.3768578027773,-136.05887759992132,-87.57394469890559,5.705425091348406,16.430682498276123,-29.35323628201736,51.168005160607706,7.26145832886265,-18.785929987267913,163.66932358646386,9.225119598221967,-50.3768578027773,71.80816839928886,-29.35323628201736,46.71299149583902,13
31.57954194607196,-42.60116221350505,132.0901702594316,57.17975478919921,38.19254252378974,-12.061691455066029,34.706075056161055,-12.337591141096409,23.022125664265634,-164.56639207337435,-45.748204284022194,15.72790050365283,-34.9732063778637,-59.8232759949441,151.13868458594337,32.98650495498101,30.61330590094559,-3.4787668318248244,59.32081439566528,-25.69536636788637,-164.56639207337435,53.7046450866518,151.13868458594337,4.207148527981013,1
-7.488000296708318,-30.350976845503833,124.94430165662622,32.70640876881197,168.25536681244543,-32.294415190507515,-38.92387088805907,3.5368851780174015,70.48315972154657,-155.4884659097057,7.545480867141965,-76.00158131139625,-123.10986629622684,65.44073956643328,196.82356954236283,-44.113315636494534,-19.814501272223552,-128.99939350495376,119.6305507276287,33.395705118210714,-155.4884659097057,153.27115340944766,196.82356954236283,25.83608018479504,1
-61.21746474194475,-68.23174945649272,-188.78424905600048,-51.060247230036815,-101.95687961555464,38.01336493205404,-1.1066855378592293,-184.79600419171794,-84.4270171769535,299.57718867165755,-101.17447051502569,79.7899866871274,-292.1871509185456,63.25606877363293,-238.4767069216602,47.50851925930739,-16.119665211186394,158.63287080998165,-125.5737369095118,-30.53047548028993,299.57718867165755,13.002901441706962,-238.4767069216602,-2.583466668749348,0
15.82373248927217,27.648879176792942,93.43097257792735,-10.877514316312704,66.86226600635842,-0.11358287290404806,-10.268049235958161,22.768070435267234,6.714035558466129,-36.29633175068248,-118.85776892370386,-172.29330553440306,12.326899931420634,32.339579333925386,17.34920664613085,-2.0530897155138463,7.067939811439993,93.26307068115646,-66.61944360106469,-49.230989250774904,-36.29633175068248,40.7832477165039,17.34920664613085,-1.5198286988194365,15
3.0120369394696005,9.42274058864198,69.42532292200754,-0.1923445141175151,17.971073214049728,-22.357817667686856,-45.55467528773045,147.80816966150348,-48.35823734928272,-129.78335924470198,-107.3951745034863,-45.001390847046174,153.32349462949955,-66.36683650490394,-123.64585255726675,-40.042157648501046,-58.746206406682646,173.1399324035007,42.23727990241885,-1.6636219406224717,-129.78335924470198,53.50294831032471,-123.64585255726675,39.1713423304763,11
-20.392141312187878,22.287577355830027,-74.8051486953778,20.802877441709956,-78.36968771798121,8.7356861664039,-42.31340714556723,-41.872103974467095,-9.611543718208178,63.33405430818491,28.46580535273747,-52.52395400334006,52.28995914478013,-30.62719416118771,-32.33226103732764,-33.41311252973418,-12.759336824229843,-36.62988964552068,13.568620852393902,-33.99549602227975,63.33405430818491,38.146667106072385,-32.33226103732764,-77.23261327458756,5
15.114282045023447,-4.8691002596563155,57.75520685694711,-2.7793880288406725,-75.97399316151034,33.631404219366715,-57.767925610037196,-60.67612850745682,57.67404791351705,51.070711357240285,109.70858715823327,-48.265547090044656,13.442744924178044,57.75572580458697,-82.44578794047612,20.515970341398003,-14.38280660692369,68.58990843244553,43.09576355125331,-71.05313860814329,51.070711357240285,98.19640946897495,-82.44578794047612,-75.55768193356346,11
-9.01394098818557,20.7902999532986,-2.1328442455003094,72.69867636950437,-57.651856248545656,-52.978027175569096,-20.862871116046215,-55.65743349564457,66.30996047070133,141.59408059018472,-8.245278114465663,-130.629296990526,43.2185363172197,-125.87192695653906,80.68862584444216,-23.029329631764796,24.70906849080852,-30.020586115721038,78.75424837983172,76.59783971550245,141.59408059018472,-135.5666629429087,80.68862584444216,-47.99877784856002,20
26.40834733571266,-76.71953214672848,-103.60235382506808,-2.191884233027432,-56.866313570750165,34.85100471987704,16.4589410122884,18.070438600004604,-32.52208112479034,5.743873402277686,-8.125634936485415,21.100584390406908,-46.17393306595817,-72.69315083583703,-73.78234768330033,-25.843505329693876,-49.56064773318285,-33.03062061420874,41.851958858773266,-14.348809831568921,5.743873402277686,-7.592184471555656,-73.78234768330033,50.49982555148533,9
-52.453672926441556,38.493598197618255,-126.3230408279712,-32.929434720049514,-12.479522370278392,-19.448933376873057,41.557052234699896,-112.31683008966183,-178.98467418632072,117.9869884284058,-107.57916361629424,73.73277494374847,-97.53605616645139,156.65496998994547,-78.01815757894114,-30.914817548988346,6.315310567170891,-170.55999442909695,0.1168888242437438,-41.310046392259714,117.9869884284058,-14.170231113408631,-78.01815757894114,2.931164761772873,19
-63.18904614109451,26.079859545498362,21.697323170566875,39.6657003916488,39.16029043505454,37.923368939482245,78.37911705872881,108.91457176439373,-133.81854371936197,-120.32037336373307,-49.27768405687992,-4.617154074912939,-112.16542634872191,-132.37432147353042,264.45544210874743,56.42217966360573,33.52283297990283,-10.115396162840993,24.095676017217215,-22.967779171926175,-120.32037336373307,-5.309453125932788,264.45544210874743,-32.970847441692804,2
-11.943870434566374,3.402486199243104,-192.63152215597114,4.27968118101571,23.6067118606703,-44.12231061756967,65.80747291766426,-228.64489191536407,-87.73239746066054,84.03949818389607,115.30412430872886,-30.07281328655333,38.95064761395014,-126.23000673235877,-62.64983536583023,1.0057618594782578,-84.56556699719883,-127.70813737888487,-19.2891524064525,13.277137179471,84.03949818389607,127.27756127831714,-62.64983536583023,56.102075926157895,16
2.9952532213865246,43.97805951243548,-136.4934848545564,5.547093816646069,-59.9530587969727,47.94452423018168,44.198732718123594,-15.886239707084346,-15.409625768096177,313.3035720411507,-41.15648613546398,33.130742282035925,-93.6534051108321,79.72433830805994,-179.52741077433348,-86.55760170907826,28.291577355224756,107.76969598995635,115.07752581325366,4.456067533287843,313.3035720411507,28.662369192076575,-179.52741077433348,-129.72569180407748,18
-0.28327733548609363,5.750798128955296,101.57468289693803,32.94873657064081,-83.71736592822863,-20.830879232637646,65.30563568212881,-6.518223321404779,-48.51661741856263,-128.078987509704,-89.34465002643049,-85.18440714283366,34.452021659477346,55.31944712034969,-127.69420858053789,-45.53535013627605,13.723289840787967,38.571645346379405,-27.0435969197969,12.61990922429073,-128.078987509704,32.39115863823865,-127.69420858053789,55.70504036803763,7
-1.4061514810152858,-53.700062224653166,64.50510539701092,-30.41075059485169,-68.25806231126442,42.647728464613564,-30.427377051038466,35.00797419336007,53.462582138748616,-103.95330180799148,39.11928066118385,-53.05400757140258,22.902393926539236,-68.68960329553893,147.11939217841135,1.5638492219060782,-3.144203340546855,-10.214488073254815,-71.32589602075261,-16.202488854753653,-103.95330180799148,-39.69264861193676,147.11939217841135,-51.161775862422786,15
-28.931140110989215,-10.090709811181544,120.69399104531965,8.057187172830966,-45.974835121852074,40.324508780180025,20.838159715779835,-29.56932613368943,138.49008191583874,-197.70985100593518,20.718483185972225,-16.366392941662525,-16.825808869924433,-29.097109951654243,55.945050295561,74.64616977144323,80.27006996184684,-20.694993985514056,-18.003599992510782,-11.734743754838135,-197.70985100593518,56.03063255942353,55.945050295561,33.18863601003261,6
-10.385654737834829,25.29399974789987,26.635142598184082,-0.9477857945129814,-7.901234199578764,-67.02223214463062,36.31680053343262,142.72958848098227,-163.93230582042665,-140.4534387839889,-57.75727094949907,-35.67391393848688,74.6958659858963,-127.77044568800846,148.99917547911235,45.326490304310624,-6.103584196333466,19.239713016859447,-2.8118720585388868,-41.89046949961166,-140.4534387839889,-26.719009324414067,148.99917547911235,-35.74289703889848,3
55.57031282893698,6.166856048124978,76.72034087429165,-11.805212108906534,-11.30012645332624,-16.902597653238985,10.852106224590408,114.14025920351466,27.64616412994979,-81.2727823963578,-46.17292503727248,60.823822310564935,-66.23203043646959,-73.3558421065746,184.72880404513828,-4.819159746082896,-39.6715066569547,-14.32225834888337,56.73378593418916,-6.96545079563905,-81.2727823963578,-140.72147128873394,184.72880404513828,-2.037910289868199,9
-63.998152403072154,95.70214453064384,92.40400465645149,21.85919662588647,7.529325932817996,70.73247414858973,60.53540206401192,-52.36898893218702,90.52180628483221,-140.50873177210906,-131.68855806717823,172.06551295660694,-107.36533210308207,70.84926258390608,223.84195710500336,-2.821964295245136,22.659225099808356,-111.70670896166942,74.64757886997317,74.8546281298305,-140.50873177210906,97.41406001764128,223.84195710500336,-147.27790832259933,1
-5.222876614981087,78.37814038400154,-10.79032131280334,-34.534046312924715,69.16208103503314,-73.215810409391,11.58864095374916,19.37481327389557,-24.02223819675255,37.69857393664222,37.21161455576362,55.80601562770917,-142.72181547623003,61.222963063073834,125.93755968502394,-70.31969125624772,-19.74405094722075,2.4941086939457513,-151.74801022723824,26.352308705084116,37.69857393664222,-87.53349189805469,125.93755968502394,21.319380867833555,2
36.43037116119983,6.279047168501265,-94.22045036048286,-26.786417126922267,46.408341182263904,96.30642905443202,-51.544648178767474,-99.81199201308172,26.5570432464499,106.5888218317206,-47.259892299365006,49.21313316099219,-75.83586436323631,90.26628490748875,-229.5329090103107,27.67360589698971,-45.24586259190846,90.11166038763976,-151.184127205293,-12.271098080800218,106.5888218317206,24.149935378249513,-229.5329090103107,113.46013559170173,5
-16.765586871911513,11.798328489531656,53.94711956720626,-81.56465191983493,87.5753836697358,-33.08427023109233,32.93744471037475,78.43365716014185,77.61939512837246,-80.12961067796483,-101.2915937014855,-65.52923809545568,28.66429644510231,-9.196126910376039,62.635483750054576,33.647433369138895,-80.26464612627859,-64.69577456384488,127.99595324546223,11.879669787328123,-80.12961067796483,15.855042987037207,62.635483750054576,20.486991366936458,1
30.980189825893973,9.131429203695202,-163.98124571369948,54.24708865162789,38.88775160814163,-14.315496333716,2.2356278103118674,117.31802203560548,-53.67790393240803,-5.060713216700131,-68.91062743625267,46.876434403883124,-64.86992226550538,38.10532049039263,-105.64216235039672,19.028279955251357,-81.72813290266653,-129.28105097296526,0.5130035853440029,57.51293030695733,-5.060713216700131,-76.1004765540429,-105.64216235039672,139.17042990676825,9
-12.93341454708221,33.23725045410139,-50.461697160535465,35.46407278651309,-94.29478739073035,-7.186355369046576,-102.28317509776141,81.56698272781163,-67.62537861730138,123.21841314470645,-17.287345062958217,-5.353069666786849,83.27963096229644,72.09801620701214,-214.24143071299116,-16.63727628531577,-7.863133730343926,166.10213770160954,-7.0793536334658835,-16.756648230562977,123.21841314470645,25.65046373783155,-214.24143071299116,-93.46812258483473,4
-103.25537786252318,-28.565721010182237,0.005219565801590775,3.142974672890171,-70.77284016164307,-21.852740432420603,-32.63228008978872,50.98693079899773,41.34297337026062,166.2239755200664,-66.08151748691643,-119.24571126315354,90.53079818249728,46.99709588156036,-111.10940314667646,74.32342909649508,-18.20893112593786,83.45754982876187,106.81549234980947,-20.85724431068982,166.2239755200664,-13.81529216140748,-111.10940314667646,-130.15101679443626,9
64.41073401958306,36.445606891273094,1.4454779473558066,-29.33156483792205,-70.26903848510402,38.64075544225142,-23.70473278393281,-83.55452340187435,-13.509946923784678,181.82948564004437,69.58017591326933,-227.611146920053,18.49138410819625,144.83800894974166,-234.05797492012385,-9.950253516857575,-6.452560764587575,-9.58385115100115,113.18872086639152,17.862288126177265,181.82948564004437,81.45473269266805,-234.05797492012385,-17.715049327244927,13
-7.9718370116171675,-110.58164139958565,-36.47087512934911,50.267815023449664,55.83914526557191,-4.367634384113242,-11.532079621623003,-7.947067845238829,-52.08299979608985,70.3488607105172,-38.55968214363539,5.657203343488932,4.048970108310073,-26.247681066530664,33.8359096085285,18.101891362199634,-32.59000885640583,25.443174750519173,20.52572500975668,25.191056030712335,70.3488607105172,12.02545349813474,33.8359096085285,-36.483869909087694,13
-69.47915700875961,-36.41456972001658,92.25111337567364,-26.85346373142889,10.374246498548843,56.54332229430331,-1.0694668215894352,41.791692295973974,43.732995615106674,-183.51104927281744,60.00031479866468,50.15639700109066,34.534030208363596,-111.13176327955117,217.04358145324449,16.608377694714267,-41.232974541899885,-20.66270455229666,-25.290517678680757,-30.43753672494107,-183.51104927281744,-5.277665862923704,217.04358145324449,-21.854578641544915,7
-26.027162539050032,17.099653196809413,-112.32595893336335,9.183839264610608,31.71620910598246,-36.05016695887285,6.643291226064758,98.87954290375794,102.27342772053282,123.12817998954668,-111.08585421052418,-54.47994586309748,170.9442417609958,-110.56588565956187,20.310486854092787,41.117062974418886,25.144633960497362,50.19544655282438,93.67041732741473,52.85275895868565,123.12817998954668,23.848134694234737,20.310486854092787,-168.75168166869275,20
-48.90462296984783,62.51320575560328,103.66295868000533,58.03971783759672,164.14377449979872,-11.008664373063713,63.594451085568274,-144.4751694474691,2.42056992171781,94.96289899884898,-55.573404927617894,28.20662075273806,66.61844443544298,117.30611591998496,-65.0057289161988,-41.277016686287304,14.579336724363083,-5.5206282067754575,93.4583050956017,-63.4547930950675,94.96289899884898,-1.5122279208561906,-65.0057289161988,69.0681553025961,1
-47.435513733159326,46.97403896219605,113.0623652160041,-23.82007305721799,21.837400015057025,-42.539378471192244,45.8642466795051,-130.46244193115302,-49.355502584188066,54.26171157360755,42.608712884076766,-177.04756304398305,147.41415983941803,65.28374720189872,100.99983902541688,26.6078500753463,-51.79465502085358,-68.89642493376421,-140.73766657183336,39.26285609562991,54.26171157360755,-114.14128029858419,100.99983902541688,-15.150934366708677,11
-40.375775333095405,-2.4238621061996453,-6.911876357841185,-31.727302174234538,6.545157980741219,90.18597121139209,-42.6215394666195,29.86551140271552,-60.85813572818141,101.98590286113549,56.41956716776128,72.42414215042017,100.22254329332178,-19.804093694967303,11.551202476824532,-59.82109828718188,6.2025148474911385,31.51343724350486,82.33828401410305,55.49202476256824,101.98590286113549,-61.07333399275022,11.551202476824532,-63.2787907677152,20
-43.39105357455003,15.769619438556612,-101.64541289589326,28.329426666845595,105.55940175107878,44.56644252152831,43.90287746600987,-126.34528945733798,-44.10141247707468,228.97782249058753,77.3494512922638,97.44199107932064,26.544300682592276,-66.1059223078465,-140.31254173161526,-17.657112027675094,27.337181566302217,183.7521718368091,-26.3419318574797,14.114861196307622,228.97782249058753,38.989572132363726,-140.31254173161526,33.63652361886178,5
7.437137781989839,41.40868963846274,-107.26317338695934,-43.59193498300128,96.08936026635853,16.49658821380083,30.21205873723803,-88.20865914725954,58.53709991774178,138.19540320520807,-22.188152202628473,-97.42077449555546,7.863861396281839,43.105186114480674,73.05915223982365,32.19757089597326,-22.524990292146107,-134.49918682598033,-21.158533467726745,-35.68748028674393,138.19540320520807,42.72388053654814,73.05915223982365,-69.78529627588142,16
-55.64862632524378,-12.138380123123838,-120.44390148910722,-21.474981389381504,-92.19809988621947,-51.0744925542142,105.09373970352426,-59.6021060239226,53.9559752215272,97.64001419939882,-161.94291204022366,47.3534001007101,6.980385738475063,44.06543588864291,4.191433996514446,81.2080177674986,-43.29699812200457,-101.8621506039296,-63.557048126753614,-55.5071255188792,97.64001419939882,-60.986091691855364,4.191433996514446,-125.18005211099158,0
-8.498222602814941,-38.81517211110563,-54.43272092830482,78.63814352040279,-6.68814095397078,9.6990575540919,20.66597571099623,-29.05136550006557,-22.46401772290255,-76.28641705576166,13.61147470786312,15.262205729330569,111.75565838295097,-219.81036521942355,63.63603482306318,-91.07378255644919,52.89436849900583,-10.69965228331717,73.02561979213198,53.58786619848368,-76.28641705576166,84.4369156302406,63.63603482306318,-27.056120196660878,19
60.18443547835369,-59.16602197505142,136.8588703198642,-2.648086312198596,14.33906408544046,-16.384526774074942,15.625426784479464,56.993335936397344,62.808931878885815,-120.62596611933003,119.38053820214456,-168.18469195719044,131.12342301146663,8.911482943641609,-4.66933410682495,-44.985150163292985,-29.70518182265367,2.881710010670817,34.115170597841754,46.672765799648,-120.62596611933003,47.32524154945417,-4.66933410682495,38.30034579235903,12
26.998653761276938,-74.29740444692952,125.0424381232768,-32.48364654307131,-71.38253665880225,6.049464121111142,44.00255404959074,-11.68604168712755,64.3649478989816,-194.35466144282,-21.44876690110703,16.017215153182214,131.43014171798828,-149.81609895103915,-35.96385935487567,-39.6017505455618,-45.364486028359565,88.86148920111815,24.418795158633245,-7.94528463502414,-194.35466144282,8.982571512596111,-35.96385935487567,62.67689931506876,15
41.68580893306216,54.00126881526215,19.191268155425824,19.80824559136526,-65.70341035876346,95.80372041312658,7.11505151156131,-44.37046188944042,88.63372990356511,-31.518574365067657,142.07835148938446,31.259591560310813,-44.42234080657702,-47.81648605177714,75.0196630847316,-20.679755818760498,-8.280504592085599,-52.07008966964782,31.533620001556265,-1.5626781591339962,-31.518574365067657,13.017125708180703,75.0196630847316,-22.06930336541964,18
40.89233500773989,2.335422588691936,52.42815883227458,5.235571104194622,86.54680132074364,19.38794087591931,-56.10881234502201,-23.011782162887513,-80.23326888202786,-199.34715406678774,-144.94332724942518,150.77681711075354,92.51719198006904,77.5663253251674,-75.38817772147036,-6.3540797328425125,75.98481848812257,-89.87978520282569,29.329108191387082,-27.646471708739075,-199.34715406678774,58.31734550805575,-75.38817772147036,112.07138383124143,1
-4.879420128549937,31.649731823118827,10.984649545771568,-64.40991259938431,-66.4827506610883,40.412769547937934,-43.41654290394629,52.62986243365954,41.47051975931484,87.75714998463357,157.22810218158133,-18.126803424075092,-29.27288469397558,58.32579929713185,9.22020375128561,-27.417879362865584,14.568461279394818,39.19610256014053,-44.28615645866236,6.761846047500221,87.75714998463357,-67.14529468154939,9.22020375128561,-53.90832723540992,16
83.38907649159822,21.20536186263547,-39.77305535279385,79.00625513743063,-112.34471380797564,18.477430716628042,59.979407626717354,-18.124407412241336,-3.648535815072873,121.21967415678454,59.973178518470974,-154.04957469538581,102.36991306281982,98.31116475942994,-111.89815118606805,22.533766729988095,-29.286019778683862,-46.112646535356355,-17.99087799461491,-15.177026381862753,121.21967415678454,-2.7532843380833105,-111.89815118606805,-91.54082515060999,11
-44.861510599773624,55.49268579797495,-167.15674563489495,15.046605092361672,-156.96128327993114,33.83969452069596,75.64017363614829,41.31303195343719,-61.441367069951895,61.11550684013834,-90.00010782186979,-126.28634156449537,-220.42902256194537,4.853580919378815,-118.6031082105197,-28.256472514162244,-18.463856541345617,-96.53348939556624,22.358051383890043,7.940797107796737,61.11550684013834,-23.080664329065925,-118.6031082105197,40.1605431148127,17
37.116223052023464,-61.416019805955465,-119.1138526317221,-26.68015158069459,-11.66551354036181,24.92105710934584,-33.70321899064514,71.52370150506337,-46.74044218471428,134.89421057299379,31.36227614846991,-163.84267949549303,12.822185457753772,13.041229914567488,-293.17933293484896,-17.09898570836132,41.73874112526606,83.69455242893387,63.02875568556972,28.91512615809155,134.89421057299379,51.15494630173592,-293.17933293484896,89.3176843734268,13
17.432367550798325,24.5856756496892,78.38530613718993,-12.588283047260322,166.17316370676843,30.121045912579017,6.297939215953451,-109.30135335831423,4.9486326159652805,-22.895993674549434,-51.50492336573702,95.5561678400184,-61.37210377673863,113.37703487022351,142.8447662282311,53.962515494016245,-11.782641637628599,-8.930200336154543,-95.63201126292302,-16.933665138026527,-22.895993674549434,65.34233358634837,142.8447662282311,-23.054979430215692,4
2.0614362697089046,-23.734835462102378,33.290477068480655,-69.75947306190163,20.181222577043698,7.964490362595877,12.360856212559208,38.85178371246098,0.39878484036961037,-64.33009784769459,-41.434590825913304,-89.9319626000553,-0.6909937777697017,-80.24564642702691,18.54474780788977,-35.10760502795395,-39.48756623111129,-18.659702800879874,113.65564602381781,-47.60010784683154,-64.33009784769459,19.41916293752037,18.54474780788977,50.11639565041675,13
-6.366007070235449,9.117899589656451,-25.769420019312477,37.86576926833894,-72.76526319803536,19.64386206615208,29.042406833581545,-80.06134506666962,-1.8803396445425502,-1.1630259038373492,-130.13035577721314,-19.188292602017583,-208.53315071113673,-25.946442504401066,75.73864335395746,-27.270242187625392,56.934240741181156,24.053616230775397,-50.19853238649276,-21.928821097407504,-1.1630259038373492,71.35865961997665,75.73864335395746,-75.4478102478678,14
64.9365372833143,-22.489496784792134,16.39045942417086,16.716441727056775,-45.15842779852778,3.7719060065592336,14.901735698056797,-0.8064943687160664,37.87400749462335,-39.561096571549655,-6.8568769306522,29.46219834808418,41.546637605345694,-10.311198338945466,94.58744766784636,-15.508726602668926,44.33719168963517,-9.475099145957273,-35.02344462038316,-86.63085700571204,-39.561096571549655,24.43706702108252,94.58744766784636,-113.27482088949384,12
-55.23334738573068,34.42223309754916,-39.08255973185716,12.640028946057512,24.435672331905096,57.61854047810964,-7.548677091420645,145.3539803566166,45.671576663072166,80.89536516236139,46.73695289774183,176.81128250210477,176.39019078430158,96.88321885985482,-141.00095223160733,-0.7853822131032202,-42.62330716401646,102.92544888025827,17.59509444482344,72.69996513901107,80.89536516236139,-35.63248546891445,-141.00095223160733,-68.19908158585734,7
51.00852548696699,-5.803180423380171,-45.06386071598292,-10.190790785856672,-23.10361065502275,38.95791703085158,34.11471521392885,-49.09022568852521,57.43991821079053,389.4159144781679,79.85973141298614,-31.976405376696142,-2.9825973946638618,213.1680147027895,-375.145475329544,-86.73500556031117,-66.11060801744883,121.59440146809773,257.91626431509206,-33.376726133082684,389.4159144781679,65.50798720873613,-375.145475329544,-63.55599526715257,18
22.742616891233514,-29.67057424983548,-71.84433903619778,-39.498788711414804,-57.644091823196305,-53.336576783796204,-21.63713960111228,-66.55195085312928,59.59708936967999,-4.336850702373611,4.243366294239954,-32.12242407850783,5.725525933361952,6.557817584252934,-95.91696104644913,38.34737669813469,-20.648621124277962,22.908966002758923,-144.0316403159526,32.7165406312931,-4.336850702373611,71.53927733005732,-95.91696104644913,-6.260892650828551,5
27.903926757116277,47.84701604825544,29.943739078824034,16.599205121392615,16.734213635923922,3.831916555039077,-57.92013676969718,84.98454958327983,77.99050666143886,139.49129068951837,134.2839349440096,-98.92772409841766,80.76610859212803,70.7319969798117,-112.14297887015583,-16.292570655528955,-50.81832466457171,200.8991496652053,-28.359558902946304,-47.80971558968786,139.49129068951837,43.03511784839643,-112.14297887015583,-77.0911482364838,16
-50.97165286225257,45.685599123661376,-83.73296174011274,-26.190985059913906,-184.4743228042876,14.223402450892449,1.5498878102258606,72.78268706724899,-3.7521710164544597,-170.35834744615494,-39.80197271265247,-117.43040736644888,-51.34061014133039,-3.828948834831034,-62.46886826541803,-67.01755079390212,24.244215431429566,-82.88518414074913,-83.24930561887837,-43.708554695238284,-170.35834744615494,111.13476581476782,-62.46886826541803,-32.24541251104388,5
-17.65045890689437,23.789973480181096,102.51389347932022,5.017844635357045,12.046627795505,-16.21162831723425,9.508817763716182,92.2059060217981,-151.53906353671542,-0.08826333647896976,188.48766232570026,6.548975778391268,-13.498313965600701,-60.28902611787345,309.3612096755952,-55.25415161302328,-2.551969002495933,-36.86334647437037,2.938954267793239,-28.600911812466187,-0.08826333647896976,-184.4628498231105,309.3612096755952,-42.349731033562094,16
17.657557317690745,43.622793528692526,-68.97973049081195,-46.98547974501178,27.013571011069807,-21.776567383660613,4.640278104153896,18.429124475279952,-136.15170721623144,-48.25665168503714,-30.949976611259864,-47.29719171978175,131.39752633578337,-64.9706495902413,-177.01273245754402,27.394974991940742,-35.93818017417193,-18.38448860688637,116.0694378127066,63.67132413313294,-48.25665168503714,102.80321622930595,-177.01273245754402,89.52564666996068,13
12.591321497925527,-59.76701276886321,-46.18613509632047,-26.890397138069567,3.218518899525038,-30.65315889498615,17.96913471484785,-100.65228962345486,-23.359789949897518,100.83708449682392,-92.78764039501806,18.693854510772255,34.15542233768344,1.5574945729945888,-80.73700939670401,24.5549159292894,6.161489789977992,33.1232163059273,41.59527500633264,-18.12873662796194,100.83708449682392,61.569341413473595,-80.73700939670401,-54.271549317859225,2
25.484447619957567,44.450035253626666,-11.996242996573896,-18.031909923618265,-28.555911220158894,-3.965330567947574,-46.43474985105081,-96.06541386557271,28.053848518920677,60.806147347306656,80.47084821568005,65.40529824550005,15.870201138266399,30.247107472332587,-108.25324485219724,33.18580809545991,23.842988171866427,-74.99609565943726,52.285628058462805,-33.737854723810116,60.806147347306656,-69.278112926522,-108.25324485219724,90.5917858009978,5
-41.70682985401089,58.166899270429724,79.48398637349227,-49.53649083407409,-104.66111944198799,25.67293357585551,15.912604617971882,81.31688700304497,-46.54486290618905,-143.17830621606234,-99.08158980884421,-25.20597795789496,80.50428199000542,17.924475522519185,-260.60243039324314,-32.71525041768156,-59.74655506680263,109.35727582094842,5.817666871175731,45.40495578910304,-143.17830621606234,-23.684401075939718,-260.60243039324314,135.6617481704239,3
22.17556151468202,13.789419162308489,12.15818054896828,-13.156230334213175,63.35267615851514,-0.18938563523923702,19.662200854495023,-48.36455070517279,10.049081047811313,139.4211294507009,-169.68062172715918,-11.155006130537108,-88.63410499469387,256.6438551075278,-338.0124621770306,-101.82482239276558,-8.295605517442581,138.42433001001527,-61.48168357734154,51.60350293044803,139.4211294507009,13.264083117489331,-338.0124621770306,115.86159755959336,7
6.08325978840758,-3.28814022447037,39.65642111180597,9.559346092160832,-15.475749673113977,2.4014110462987808,-13.143846996631801,-21.32454118777739,-5.668040431278629,82.1093045674483,43.261379179950495,-8.19572945366799,61.474631927037166,-107.87545355080815,74.47855553826881,-1.4330946977008299,-88.47029732069686,139.93023071270028,-10.720211892566812,-43.92411360918488,82.1093045674483,-34.58972320022756,74.47855553826881,-86.7631425002159,5
-64.4614481947251,-9.56686819682074,157.54958251063823,-49.57955377431139,-30.664527209257763,-3.8255261152182714,60.273801048416395,60.783461230060965,-12.17164066568429,-103.50654245389163,59.27272415726087,-68.04752934412528,-41.496849369140136,-46.118996743677286,128.9387634868994,-25.22001270068564,96.8035322366344,-22.56956640192744,83.18346397219052,8.377517418573799,-103.50654245389163,-103.37250476920008,128.9387634868994,57.112784832300875,3
-19.833713087746816,-28.024793972751112,52.49316238374668,44.976876787752104,-122.86329000930877,-22.586351537229223,46.431261926029734,71.41280183462102,134.8924410050033,-38.810158684098596,-59.07520009159471,17.399409564106847,36.134761594033684,-40.56623241893992,-91.57150147154361,-2.1979613772490643,-21.342882050680675,132.05032038093987,-41.36813630785221,-29.776872183969033,-38.810158684098596,-91.76138983400895,-91.57150147154361,1.3542102479815599,12
-6.686135012352237,-13.266987845272023,86.67775483977292,57.1616679888895,-151.97343877170897,-34.56788097103665,9.242170399174652,108.66639317611542,63.52022645754854,-332.53103955005827,108.21463823142244,97.16003082751183,-158.85135264009338,-1.6530994429690438,127.65748310934008,6.045834584439236,52.2804357776929,-45.64356080108452,-124.80537002779988,-22.88633633964698,-332.53103955005827,31.8131929967836,127.65748310934008,24.958515299280872,16
-10.240182733221559,9.68575444705696,74.74298618193485,-32.70291562738847,-70.21767406821537,-1.668255258702912,17.567942292907137,30.137505807106713,69.11045079456679,-115.43799885759282,-41.44113650314463,-52.94167489502969,-115.7360940929959,-40.95965951779878,153.40999508826198,-52.627632217605566,62.4601130547694,-116.04581841011019,86.03740689954446,41.65367389283287,-115.43799885759282,-49.189582986270885,153.40999508826198,-1.117510346927264,7
-46.418911975612275,33.10670556726735,-147.08657677041168,19.430782744518925,29.304697106851158,-41.951309504989844,-52.048393007798666,23.427553104248684,-23.691232268376584,230.50239017251087,12.417738924994062,-40.22732920836259,-23.51434442666828,0.4836733173245156,83.6538100932345,2.2530687577440545,-122.97399918024325,-33.117308756362846,-23.00549149932045,-26.710647149977092,230.50239017251087,-69.25670931124203,83.6538100932345,-119.96113178433586,18
24.718639703994533,-24.812057540644087,23.22927629030273,31.525262502462073,67.3276983613284,-66.55127411145241,-0.6378929114528171,-54.79916041598274,-154.2663225223589,-156.79073288846018,-18.837575571715377,-52.19971922909866,-194.74053814001428,-50.46021348862502,517.7972758706318,32.848176733350684,65.388107474697,-110.08739642136193,-198.44695240356322,-29.243723741125862,-156.79073288846018,145.63229409244096,517.7972758706318,-201.44178966802372,6
29.350102308724146,39.26420435551204,-51.2364590215691,-68.86465445948353,-9.000042090839253,-72.95640748064449,-19.463597029608664,30.429019423351846,-27.11023762355536,62.100731871622436,10.386697750955527,-23.211208258060484,-65.96155244860397,22.48829221062448,44.253733956089114,-23.00284831001466,-66.27194303947394,16.965557050709393,-7.807808037795909,20.65897574170023,62.100731871622436,52.06412714726093,44.253733956089114,-93.68857095921696,18
14.190548063326611,23.148809859863952,61.44079500738661,-55.08838938432511,18.828144730294525,43.22350473648169,75.66796938760105,-13.88746626425223,21.02027050726635,104.62472404356886,-28.453615702974613,-140.0674008219027,-10.240875102041942,-6.291429448100541,193.34102658745928,-5.1478680527009555,48.684667932024695,-84.87205254087714,51.6549557590557,-36.33497704902358,104.62472404356886,-138.91922915028485,193.34102658745928,-68.36996130836566,3
-28.515478001776643,-8.239943237755579,-56.869211802508204,-76.49113465647977,-139.3650116852557,-2.35928603233797,-11.080019154741718,-105.21504362990689,21.52918554553657,-21.80121012015882,4.23767611426598,129.30221363867784,87.10444408023656,-48.98578737185379,-170.5860585636522,-7.260476892098053,13.868630064733624,17.4670766515298,-41.3179779258851,-15.08921996294605,-21.80121012015882,7.187691533370533,-170.5860585636522,17.517356845756737,14
-18.600220527116583,-43.91502962223325,59.47480517566285,18.492285618670792,0.2266265272133028,-51.11228965276608,-13.68564469061463,30.73193822309307,-22.447710573320123,-39.33908574654003,-130.94681312602674,-82.74963945533702,16.957237365078946,-59.70762394395918,14.088764195734111,33.43674022069602,-55.94540032143296,71.05200885810743,-47.26348908719126,-54.22798855613965,-39.33908574654003,-86.4394584768873,14.088764195734111,48.91368030427113,11
19.4314164321673,-31.81721668591682,111.0973730017889,-83.05648162973901,-27.073553382631967,22.870793833966175,-17.53777553985651,32.43197869984479,29.57996849297023,-84.65307177477445,-7.862809052749133,-33.479919551526706,-89.75134497795155,1.9166373815551463,223.52048037400036,-55.39362400426065,-32.63842550686792,-179.54879111693216,62.718206165710185,-21.439646969218078,-84.65307177477445,-179.12315777626003,223.52048037400036,35.324202677683715,7
-31.018738090059518,-59.557077230325525,-42.98696455120798,4.477699753426394,68.6434942293259,65.96546767015022,-17.08595129002726,90.97320727320093,-94.53769790596738,-122.71283738180529,1.552130911824614,-59.397987892540634,169.4446471175115,-179.5006575485633,125.59475163423326,-67.31958424340993,19.11181996714342,-87.62703563594677,14.942657906834143,-5.3386507386605135,-122.71283738180529,-30.42862826992991,125.59475163423326,43.279296140488896,19
70.11668752883787,-27.91949767280932,-41.30959759432681,-50.79610147456218,-60.62551714224584,56.47971037229313,15.394849353921385,2.2791580287957114,-167.88746092644993,-66.83436159490603,45.583677059937386,-57.32574542496575,-168.97147789348722,-169.69853771100384,161.36231094283974,-33.440424300932925,-4.377539300181754,15.414130509361819,-58.17286054334828,-38.22563455368362,-66.83436159490603,20.981065878830016,161.36231094283974,6.138139658417567,2
23.84924077741944,58.775126621565136,57.06854792617566,-33.55359627161765,-53.76637985010568,-66.42296248559273,-34.68431971588426,132.82744054258384,11.776960205740883,30.9966151293394,-74.25974376900938,-120.86576231173643,-175.71275898164203,43.03160164103193,155.6370846185596,46.526296452759226,3.6082181366259563,-147.78116461078272,214.36734197109212,-76.66419399410339,30.9966151293394,-137.26219253915627,155.6370846185596,-36.93746979504783,10
23.960629695407007,-11.818111789846617,66.46882259955261,42.22265791219391,-136.36108805504375,-10.780701880950458,94.32769577043226,-123.60929015263203,73.1979188068471,-362.77879140315497,20.140928588352914,83.57349410159058,105.15429773980601,-135.6873414952455,-18.0226753964644,-75.5316488499835,-28.63104607822185,-55.9785280277424,-70.46138164029601,64.17558277196017,-362.77879140315497,175.1319951150108,-18.0226753964644,46.70215803455218,18
-26.045672901011603,-13.758216616167868,122.30530973320184,-29.909912040401935,28.376835883649683,-36.569637172810886,-73.45429182687661,8.52625367976251,-62.640442428369965,-284.99080163354154,105.38230098791658,-53.86003907886615,251.05033063338396,-118.0819659890548,388.5386973889306,19.348392895249727,-35.417089395436875,-213.38452646948141,-12.31275455953384,13.273499022432798,-284.99080163354154,63.15547827291711,388.5386973889306,-131.72390293670418,12
10.429926292807028,40.26379893214368,-162.36938564388026,-59.40725271063108,-54.94022331868321,0.29920804452055727,5.851859583872621,-94.86910455058077,12.08166723880356,51.41393663390061,-72.02974105692843,103.0802830069807,-20.148357539899422,50.899179755534746,-200.04132200175547,-9.640658919453662,-61.850285731912,-48.31825360261803,-149.54866989530788,13.218839833572606,51.41393663390061,-30.146446908551503,-200.04132200175547,81.79511973931396,12
4.8408059270462696,-3.578148866654666,23.134137661677812,32.8310059832996,123.0013165039258,-56.81254762177272,-93.33983867058595,-5.887624938303491,-89.8560566952894,216.37130126280636,-91.31061696109754,-10.945121828657856,-148.74323835827926,99.99236079394097,129.8598503777568,-44.005739469174685,26.277880624781794,-26.650089155938428,96.83378669584226,67.56619290857182,216.37130126280636,-130.2043716576355,129.8598503777568,-33.46861885179907,4
-27.52206493820466,-9.137029304733353,7.918177713116972,73.20483904658144,-55.9322226406932,-12.127793564024767,-46.823572700332186,-48.57244559738884,-183.09456968214576,-85.98234881862749,-143.83963244280858,-45.1963541869096,-141.05774845700813,-171.65687211540774,216.7183358595682,37.60226769126724,-16.037976548240096,-126.24585374523045,158.19835497663735,9.993753438714716,-85.98234881862749,0.46862895680670924,216.7183358595682,-24.841566344630657,10
35.761875095958146,30.197955563530122,46.21843137969853,-14.668988550048365,4.638606110817589,-7.4220123524897055,-17.288086983976733,32.398723565256155,74.05019177717185,-159.99795165114853,40.65931815245549,34.11601685871174,-13.980610411577455,1.4886987087905368,-4.958453323617193,-28.525325115985737,54.99770907459193,48.29943169972593,-73.02334055098441,-65.41384721439829,-159.99795165114853,100.96311528178114,-4.958453323617193,28.413114749726738,14
-13.22088206002018,-3.0870938381586024,-119.23225300873617,-4.702548758404737,-153.06002497941026,39.685771774233935,35.1861844057242,55.18232216018083,37.0632162744889,193.94665937024374,-103.69873735120535,71.29506933918884,-81.0923106044509,-28.993712472772366,-163.8358271775922,-24.99688035761526,20.911948775797867,122.71944781242507,20.430287481568,-48.708599971358844,193.94665937024374,-141.29707715804867,-163.8358271775922,-42.054208758588274,8
1.5335805486284992,-8.92141145047725,-64.30064233943213,-9.274947240433896,39.47551999842983,-0.8360538724079649,-27.46820595489799,28.998491525962642,-35.877524495475626,92.38363648811323,-34.19163452160584,48.31265246297522,80.91180502251572,-39.72856181763167,-279.984502626174,21.49789687696076,67.6997050211977,102.30905884228756,161.9664820846205,-1.030919368534622,92.38363648811323,10.065063688198258,-279.984502626174,120.63668870409536,2
13.51455064711255,-2.665140655255705,-231.3912219513696,-85.01168460018873,14.154255388955175,-9.306357669312579,43.18969178120864,-22.065983565994507,9.492397553057064,203.72545770180403,-12.489467917697796,-56.59017660009491,-8.509754357822299,-200.94749864323572,86.6422320537821,33.25745125085439,16.501952253722326,-1.3511059425821337,-112.46240823085907,-34.31082881847064,203.72545770180403,-109.80343179330956,86.6422320537821,-38.52839549512486,14
-41.71746659255578,-14.146526899802062,-111.6911318477446,4.320680239245648,131.2657981488556,-52.38455147808057,24.14512440093212,-80.62593366430798,-74.48553748035549,208.63840042858558,98.0284611710035,1.2822702212998927,143.07638497882348,-103.93939313505548,-0.5825890298228242,26.3362599112334,-34.92130688397585,87.04150909320626,11.823872391614714,51.08764934079983,208.63840042858558,62.50356987114671,-0.5825890298228242,-63.905260640255825,17
-56.11663811921034,77.98190067784066,114.76333457962963,-44.28353766648104,-75.61185830462865,-41.342833596644574,27.864394910508846,124.5402357300095,112.44738404704863,-220.30700644880886,-110.72778006656819,-80.5919382867954,-93.14158667297056,-65.18149295318942,127.66299833563423,20.551006057727598,-96.60357896704517,-84.67635903567766,59.820149178882424,95.98000109685239,-220.30700644880886,-98.50524631934374,127.66299833563423,67.09140785974657,9
-28.409007036726095,70.3473185843858,-21.599737789115316,-66.43703945599339,9.68156574556788,-5.507908437546787,12.216879284867701,36.728251825776745,7.4445741445325275,-94.4376879033469,-28.50311566695046,36.7704799664077,64.31287255541739,57.40718486811906,-149.1039817091335,6.165164970225677,-11.659352672507806,-20.95676135924936,10.919509671284896,-25.488808708332655,-94.4376879033469,79.03184589474257,-149.1039817091335,63.15473453073801,5
-39.72635246509825,25.448928285692492,228.81087728482325,-7.965574751046071,-38.012896600512036,-9.226809026846874,47.49330600391468,62.08855536028484,-116.2964934757815,-339.36265840094404,-36.36972010399213,83.63729723566742,-117.41870916212072,-142.79995980903556,528.8045509515925,10.705072911809498,15.02553570152905,88.38197234355096,-172.95883842735125,-33.46102005954012,-339.36265840094404,37.35724770116068,528.8045509515925,-184.0827476128531,13
-29.33194577301489,-56.17430496611163,-98.69126845611233,-25.087113743966782,-102.73817047790484,-29.965859655409357,66.28017418409875,92.43967934145154,25.11454079656609,37.69876277265023,93.98198448305624,51.550599784551316,306.37795517381,-5.126743130046254,-448.2329553072283,2.8432598778200555,-22.169275082049595,37.08696464361522,240.35476827511954,-23.635857421272544,37.69876277265023,77.56067944786658,-448.2329553072283,53.72921433151389,2
35.8633763245004,36.49504868827906,-19.779758346048546,-7.129741903700971,181.99171669167114,86.65221254462159,-23.870572212428208,12.938163929467965,105.14962394983317,149.95232283398883,32.0002688989603,109.02924403104359,97.96022829617989,53.13579977400256,70.28504094406783,-38.56004593870036,-38.029693283778975,33.51087043594748,74.63801599393348,12.901154863375874,149.95232283398883,37.076862871057365,70.28504094406783,-112.93581988803746,7
-33.09955993307165,-33.401588746039394,-47.94066854000508,-41.349975531138426,-148.91969166316022,-18.43707166278943,21.740750532324494,-137.05820798162628,-96.12701991993865,114.42427563389502,-93.36571897760709,-134.59455564849284,79.07076264426476,144.1359527254952,-496.05636197454913,-51.07087452107851,-32.17031118344453,-47.872408655523856,64.74246440225744,57.900441125055615,114.42427563389502,-41.69108503519924,-496.05636197454913,188.26387101571606,3
12.422463701791731,36.88991956132057,-103.75789280894709,-31.221743334018438,-237.6129320244467,-7.70395589119643,27.941499843330778,-167.42538452386978,109.15296530523533,58.32127302352151,154.51413652567805,-93.99905527536468,-182.13342237494385,-196.2649769135082,-134.7689084945202,-43.497351864791874,-106.78447677401316,147.52934289075074,-94.26760201329712,6.633703521056607,58.32127302352151,120.8098942832168,-134.7689084945202,2.163101099147644,6
-33.14646923673463,20.43238901839173,-99.6801800423253,38.9211931707501,123.118965348608,-85.66814823546834,-7.675063288065168,-131.90119783842178,20.3420836930232,135.55915815137053,-22.737114340358644,41.16005013238343,90.49044635586412,-36.8009782587344,-16.59016223297098,-21.931957127273986,22.44253363416233,-24.84904327465932,-70.05492649853694,-3.968413795260777,135.55915815137053,-28.75663923358274,-16.59016223297098,32.09737075352543,20
18.119922161537822,3.62785955822099,49.16386515379105,59.82191953005436,-119.93103308987745,-13.090420548758656,-101.68362021996856,77.16346062987667,154.1628004206777,-102.76522582008982,73.18076618191324,19.652569154380366,-78.91425557088225,-46.24773531769205,1.197610998593926,41.102013850143535,-0.20987318416732248,83.92138236548668,-79.32991147854028,-20.553697925762823,-102.76522582008982,-44.25697224665477,1.197610998593926,20.759527450295035,16
-23.8930008615564,61.33181572050516,-30.41569766058524,-7.073496070410195,-158.6960298828475,-0.6857904225060587,3.535772917517333,-64.00569233293507,-43.97054163436691,33.817603079775594,-0.11561234544286592,-32.45610049549335,-8.946731293078374,-37.92475113208702,-204.67901109849993,2.972456475678334,77.07256371222901,87.4283740586593,20.96430203592472,15.778009099731245,33.817603079775594,43.91737229652601,-204.67901109849993,14.84276400912699,18
-73.32737940866852,-29.23099724578403,-194.6826782571066,-7.146473026056535,124.29887117561749,-28.250864191969228,8.043744483655608,117.3725097429654,15.438114009106387,132.16041126362177,-104.585019120791,91.61137797940646,16.464504941087775,-107.49597358468068,138.84744083259858,28.166980196526676,3.689194088460614,-21.21652958278566,140.17195058033212,-65.52289479312344,132.16041126362177,63.935439128925715,138.84744083259858,-172.6022956084625,20
14.097865613062247,54.733534485163176,49.229062431171116,-55.01556036415412,-97.94542334510915,-37.06772792984942,-14.018969737239415,99.37567872487533,-21.15701135496428,-125.98874680563178,-50.08592185098539,7.541510783090537,30.696538203844533,-3.9196973314495587,33.200077102449114,-26.202403286225845,27.73864405318146,-55.22675574893323,-21.357838502611557,3.151753081271937,-125.98874680563178,-119.35458365559415,33.200077102449114,21.59379733100499,8
-8.187653900509122,-26.9048850474149,-79.90224325229791,14.018835672846585,-132.50741937835429,-19.961504886976215,9.25383563305562,-72.95677109624162,124.06740707785708,73.25143993359436,67.38186793643833,-118.98674946831248,-47.95491874408008,-81.79504419433763,61.702637333270985,39.84854657324893,-11.900831929387312,-88.27989948607157,-3.735636677997549,-9.416943857666581,73.25143993359436,2.0257963162272263,61.702637333270985,-91.69585632814093,6
5.217764155952934,73.89949671855406,34.70398820047712,105.73589006059892,148.488276865141,31.790052593619386,-5.364733727274148,-42.893687166327425,-6.51464991536105,-0.6271643589620175,11.491261730946313,-64.76585334267135,58.174608277077,52.85918289792541,138.44145714662562,12.012510797861527,-20.607253572335182,-127.79305918709878,-22.724242027642802,78.76037985030469,-0.6271643589620175,-14.558444163457377,138.44145714662562,15.420352385931269,16
-12.170852284101127,-22.37289742027071,34.33549759560774,7.6488257084295395,-202.35722299543175,-38.520379241321564,-7.6744884612499265,-27.51564618461453,-57.55592656596134,-99.69898421036633,-42.835063622645535,-91.87931300110009,154.0690023472465,-35.94523691684631,-78.3862496138775,-39.13612340488578,-22.642165546139623,-6.851382999393367,-54.60687929683951,47.878733979599666,-99.69898421036633,3.1587642885072587,-78.3862496138775,-60.782708449930986,7
23.702605691450266,15.577458270483735,28.803483542186523,-28.109289658859456,121.60403307595286,-57.25844816264469,-29.219442271120663,-92.52733752430319,-94.11847823410638,34.341789357084835,-25.12471793051422,109.28384052047853,-151.67707988574475,41.58224710153356,232.78443480642866,18.092820532858795,43.116524208467396,16.06812671894624,-29.501769234481134,57.97993734801696,34.341789357084835,103.68322301644353,232.78443480642866,-120.75175551611908,14
1.0900881822093802,40.40383856186254,23.924954612374876,23.261225471369656,-61.480465341465795,-16.596664437479237,63.155576629226346,-124.452890624315,-69.8766676029575,-161.83538638529717,47.39049118309478,10.652654178205392,22.49486401729761,-84.38965020824622,-21.330261757967058,31.586273006229703,59.23802520631908,-33.88514440927566,14.09513896740811,43.23673039641445,-161.83538638529717,165.28654953917152,-21.330261757967058,28.189615763164653,18
21.844600733496478,3.3340383158102602,-140.14338857721444,-18.918136687902468,86.59984676189487,46.7815622392627,-21.869559204365842,-126.02210012943448,-0.6657011532578583,-12.526699260376642,67.34359329907764,5.702829066771309,20.730066801012967,-82.40310618259542,155.71295512324892,-20.455970971894118,8.569289287102494,-137.8866731794425,-175.53538199211542,-1.1626004846150613,-12.526699260376642,68.62552863912197,155.71295512324892,-15.17760286220427,16
65.46355663809203,-17.810266939483725,-1.764032772946349,-41.35230557792542,-44.27276040118439,-4.738839744214116,14.718442261509889,-41.64477289689625,1.8774836646139548,-37.79710736749217,38.353891533489595,-5.75293049616207,45.949537800997824,155.60662565440833,-227.0829655167757,-26.15470981146171,32.154229840684295,-19.705935373966557,-94.06033386115556,33.019585494865765,-37.79710736749217,43.35542036572612,-227.0829655167757,87.55731764425987,3
-37.33837702106875,-31.204433443256036,-159.0418608312678,-45.875058344315605,48.528781949514155,-20.341581548188792,37.025911149593014,-35.38328540853549,130.4299879972548,208.84224776605535,190.56113194931297,32.28735206649314,129.60103038502018,-33.614033269493085,-71.45534251876087,96.4484399186081,-39.54292227970282,-4.350305820272005,-33.01296712661308,-33.52315223201878,208.84224776605535,-18.0278722136933,-71.45534251876087,-33.60033228998711,0
55.403611325384986,3.015551926747235,-46.346979897094194,-15.205787814333851,56.45559436649776,53.29100784677113,-4.325221275129001,-4.937028982153597,32.38606043496456,232.2914316857662,10.271450844326125,-82.03398276940942,-14.886683744785278,-28.266352472021758,257.8931320300751,-49.13541283346481,-22.262366739980347,-93.03785657005727,35.8375286956668,33.62546251758856,232.2914316857662,-155.24020063296928,257.8931320300751,-151.15946847528625,3
22.400534201327183,34.118856459516145,56.32686351100871,73.72258646854549,193.82756569476658,-7.271669177631754,-40.388897083287965,197.0867106414029,-175.4592358803024,7.992568852768066,-92.9589775028392,-66.94238460210028,-52.4104517155356,139.12986672583736,440.06738683218,12.007061481807867,-108.72345470381157,-193.36598182297197,20.700916381428467,-61.30435379926645,7.992568852768066,-119.38984938117991,440.06738683218,-152.70694498047834,18
43.179070363665055,11.806101540865042,65.23355900397851,-8.036606765717348,37.02191474060184,21.376502623557055,-65.71498166195572,-98.92470820237992,97.62993230867052,0.18568204307926572,-4.579606043248092,-14.532137026253128,-1.3096425332930028,-53.37779314426665,209.30579811307643,56.12790104203701,16.465882316179325,-39.47210495809682,-97.2232704764832,-42.05448177384133,0.18568204307926572,-84.8594135331763,209.30579811307643,-34.38801337493309,6
31.301236207292593,-8.506902151468367,20.713299428890338,45.59614555289643,56.181445814158394,23.649761700455866,70.76161100933807,-85.04418704366495,26.09626989308068,173.0950104525507,-155.27685920512928,-101.390989305211,116.41389724660644,33.13173790604373,-72.30111217602686,82.2546117179151,-36.11169995414017,-1.4694878328407235,137.37644827761886,-16.020283983509756,173.0950104525507,-27.946252890613614,-72.30111217602686,-46.490501957316525,15
3.3709584324007604,21.47072773010511,64.42236793740193,-13.488023549179495,-189.85676577010705,-66.47490523827541,3.09661549267519,-96.19848488446009,-9.810208564832408,-173.99862090546546,-147.2748341729208,95.07966956068877,145.1905184575206,-79.80070077740955,-80.48089474522243,-10.47071229056338,30.083877505281226,-32.83176915774163,-68.0392727607782,46.380132667135534,-173.99862090546546,-106.18824077855848,-80.48089474522243,46.96039549060081,15
-68.29360373063221,-61.38099269288319,120.01433005803462,-81.80566647486765,-30.518036930357667,57.20389274100885,-62.94055445089769,-107.4245601908374,-54.52704974940591,-293.07433365556983,5.38056841061604,-69.21600027324162,5.46499814864827,-69.9796768353754,18.318140244143777,31.61532438012611,77.25639217927245,-87.51839701776024,80.38394635164862,53.739244907452516,-293.07433365556983,213.23015648174717,18.318140244143777,78.6090280750929,12
27.25500262053259,-25.807133782742632,5.120503291475242,-47.43841567893405,-72.50886227089798,-30.26546877416088,-30.950139527213146,-24.51933848192546,-24.025454623941542,-86.01689730678353,-81.65036853622306,-96.37380487977907,60.31861545922098,-112.88175739230098,190.07334574677083,-39.156089160414034,-5.998534034705891,-64.4294063831197,-196.5063830528841,35.21272898348843,-86.01689730678353,-124.0412761629433,190.07334574677083,-39.49174502580094,15
22.116325475183633,-1.6703632345561183,18.24245167521258,-18.911159858578138,-40.55885722152057,54.956664052368744,40.07919915312578,-90.81050419168163,84.5479625776688,7.358503462592347,-69.76684467275734,-98.48684222015926,22.850672661182294,26.033790068286873,-318.73760151455036,-50.379090389903254,13.59929991512139,63.52388836862892,174.73168302518556,14.53296909526059,7.358503462592347,176.2874610226594,-318.73760151455036,80.26212068202818,2
-54.09101109556925,24.82660077323672,-117.36908309903059,-14.376430091564883,168.52204902000906,-55.793356415390676,59.60545216709953,-32.119308595640874,13.906011972404615,239.8722083780823,23.15549645883052,19.935355997943486,51.71243072755672,111.66121957614776,-71.66897930426116,44.50185786610584,23.28772999445774,-74.28649520156226,64.31629633541881,-27.64497963892839,239.8722083780823,-24.821733450536207,-71.66897930426116,8.256057134643688,8
-32.56734498335077,-49.07778107789261,-15.607321630299653,54.797991016644694,-54.63672491041911,4.00263671090001,33.81899690487049,-28.03986177100725,48.548891923871686,-15.992995333331244,110.81837462997015,-112.93308412646903,53.131398000388316,-19.905067611074262,-87.46501021781131,-10.322039268122314,-8.556903783029837,-7.459214478717464,-67.86646743128745,54.91168133984807,-15.992995333331244,18.075342252690053,-87.46501021781131,52.912963616621994,12
9.05697910306898,-14.756666205110793,120.62953067605356,66.43836815426263,-144.0122964792458,-66.01085167456141,-43.33561188143485,8.944621210471873,97.37033632973557,-194.91570288178156,-144.39414137337835,-4.953867349159076,24.373345325687808,125.20504257900696,12.463666493193612,-13.890414864398338,20.351028465682944,-140.99507038765603,-75.0432293262309,-2.641761350342069,-194.91570288178156,-100.67887455948784,12.463666493193612,4.315555782113343,7
10.106222167528582,0.8997141406179293,-131.38869081838195,-89.0808123963702,-21.201196575886996,9.860335796189679,-30.36352598162276,-23.554198077224893,156.1555894384087,9.492349066955342,49.592000036615715,11.02899206638459,197.48349284836888,-106.13225523805912,-411.8804062520943,-54.56279415668984,60.54271424506071,43.15469853317293,46.15558425384003,-52.39705244956763,9.492349066955342,14.77226875489876,-411.8804062520943,224.3226309368562,15
10.000209441071945,57.89496823797532,-119.57158862868044,18.18036199221471,58.24456407084348,63.762172473609894,4.801616932712814,-40.880791993491606,21.045765449195475,232.7036285340514,-26.93391569022851,-62.82400115328544,92.26855017472823,59.819161829634346,-29.155040213966387,14.98852826070851,-31.87352412661818,-91.95878050453928,-22.20873295710974,-72.26551693616966,232.7036285340514,-113.67360573583306,-29.155040213966387,-36.28445554902886,8
12.328067541346082,-12.19812473898683,-68.75017740330422,-38.66063873691055,-24.14428431354157,-24.897912474058067,58.824503655796185,85.84136024114598,95.28823589336292,99.86206149133437,-7.212965468998327,-210.40192200301024,-64.83212507779683,-193.2453999064095,-0.3021329343427939,14.988732364016428,-10.51053863965388,134.2514440333801,45.749567942367804,-6.556327324870138,99.86206149133437,-6.554737619836475,-0.3021329343427939,-7.346072551565959,18
52.454712717243,1.6112379560467693,30.161040740420205,-28.571812435432633,-60.336806663947684,49.2526032106873,25.26343332634509,109.24997211675127,-124.38879938723055,-223.3878430800524,80.82989328668333,23.06335201925829,50.087605914720115,-64.11388055132386,-72.73974044079661,15.510077935965134,0.700309860117353,26.262599228130252,-29.246251488773414,36.86509779311364,-223.3878430800524,32.470716464509906,-72.73974044079661,118.18020305964282,3
6.6218676403125585,-42.107936420595195,94.18134614478683,-10.25538967106787,36.33614830007433,-9.914611284610443,-26.11049573530938,115.17542241197634,105.41669130269953,-46.455477333050965,-67.70076920794196,180.68418647424568,52.932960241033065,97.93231770712109,-180.80804312910035,7.491504014940878,3.021380051703603,199.35547684046344,54.68734590174863,29.000656180408086,-46.455477333050965,24.057093195263633,-180.80804312910035,22.240099873550918,0
65.29294432470141,-4.597022442537001,-66.59082343306564,34.74282904400336,-108.42782384441442,1.0908545681878832,-44.37479991383285,-84.42329460947194,-161.49980983748486,83.21283991236837,179.12963396475448,-20.943461643429604,41.490990210458634,-67.58910048973567,-57.914289582376774,5.815049010779507,22.93744621011202,111.77931089264771,-67.04918619819745,13.030525430797866,83.21283991236837,119.56483520754183,-57.914289582376774,-100.15968496056067,5
49.74686880984837,61.57334987205016,-141.43434065364116,57.270887672074025,-81.1863932645086,59.7618421830453,-8.702508937785673,6.7011742851354095,-105.46268770072635,81.84513545281648,84.74036332724646,50.72326918751453,-21.629586158458313,-91.09274295178223,-34.907376605790056,-3.2311838358621188,4.064778559178856,-2.034074215211117,42.90227288759841,-8.242025080951322,81.84513545281648,24.804834407207146,-34.907376605790056,-46.848322642352386,9
-45.14303380276043,-35.48773801046871,-22.821697994211327,13.776714776669179,41.7293356950629,-47.23996535581748,47.16673915544931,-142.5552540574783,-24.86942440692421,-94.38804877650904,183.62770068529957,-217.19803323969484,68.58114178188873,-140.21655132066758,-65.47219424261559,-17.493908442905102,-40.69550274509673,-54.84017220155586,20.644727773656804,2.28743767548564,-94.38804877650904,220.00713407624855,-65.47219424261559,123.28491396845143,12
-5.869527127404094,-11.519501831361833,-4.98461907996723,38.83663849851696,-10.817596545079917,28.255022954125057,-59.77891807611351,189.83054067430692,139.96103547435806,-100.39673797909063,39.55779634794922,21.6951313437127,-1.0101404596486763,20.188299520984508,-146.09119755173845,37.510409087711665,-7.464358030744375,104.89297016945375,38.59002141722994,-0.19571791362343635,-100.39673797909063,80.51031650051141,-146.09119755173845,40.495846102122464,13
-6.223165130283119,27.037810303378205,-159.91392329278622,20.619607517243082,-52.49164013712203,-4.582689449901297,-43.12551019353506,-151.61156218000576,19.671802596468517,419.4372705868053,48.86180343037692,-180.7340646106256,126.61355201427794,129.76570276279514,-421.6829196719763,-23.41790277654958,-45.49381891216519,43.85037318266187,118.55234210226847,-111.595894552487,419.4372705868053,55.64333708749632,-421.6829196719763,-38.21417361838658,13
0.07749817292168491,37.53326791425163,-4.301457818185366,88.1944155161819,45.28329222451834,-31.40062933857873,0.8093475933742693,-66.3540743947675,-147.13195423761763,159.98830171855542,-30.59669698877371,-45.468903064012395,-29.5587766400121,131.90495418322368,5.1577339534335485,-32.99514437480049,-3.160262393511344,-203.17162159926318,164.46033950351975,5.918397470697211,159.98830171855542,-119.81801018476553,5.1577339534335485,35.40285790591825,5
-18.947744902364878,-9.726362012998587,-63.71658297072189,-59.55977492943988,-23.6399487199662,-126.32334575050271,-54.364682452769046,-78.1059419654943,56.35535725450762,126.68796546786086,-15.323638116068885,-144.85146941237286,11.307082811547966,68.58834076858902,-0.4710846597597212,42.33368123087112,-22.770760504409047,-149.44448688038366,-8.302475493789077,70.75150869111228,126.68796546786086,-41.58214541357974,-0.4710846597597212,-39.845470254243665,4
-21.41028125233495,-38.59237699581064,50.68015444732049,11.70549122839698,17.8281220209212,31.01682626626113,-16.175472735179007,-74.44306629023569,-121.46982352647143,48.29897721170526,158.02077015122768,-155.23589490719786,110.07685748348902,-29.571682438269093,80.74623943774229,-16.765975962328916,-36.87459912179429,-6.81605774373593,28.153783670718553,-12.939318778863706,48.29897721170526,83.52828434049528,80.74623943774229,-77.22549405947942,12
40.90319552395166,48.102481231649804,-16.406316666933634,30.003399086693396,-5.233120223976173,1.499674293938453,-9.432393049787269,41.781581083678645,-8.734891690086265,-102.33421851585669,-90.31041544184829,23.04968595457133,-25.693628445996282,70.86178772591538,-82.72460784175371,13.866893917620445,-6.64271381902581,-102.88022094633725,-22.035070808392383,7.487150769595518,-102.33421851585669,-47.3085617472146,-82.72460784175371,118.75123975606076,9
41.946598682425815,43.27208042352666,-98.48529679523068,56.03567184274962,81.26498102832272,-26.716758661789566,-3.0233874652079873,5.959115861738837,-93.15042329552992,66.24716937477851,-147.08479641821532,-83.83381159723997,15.03006528598279,80.71094685189064,59.291203501524556,28.028073798841618,-56.3317366322608,-166.0144737948551,-47.204397818053536,-32.12358411314699,66.24716937477851,-53.427029145322216,59.291203501524556,-15.784181510580403,6
36.78433211818121,-58.713349609172724,-40.2065978696329,14.951482833578247,7.855687689223263,-28.055789841958006,-19.71493855820635,-245.89039553464343,-130.95918410056757,-8.666742062066522,-43.18751256780422,122.31008415507148,273.8983482991727,-207.14592066518128,-54.29313286603069,-31.766634376217272,1.3994479709875793,71.39607009413763,-73.99237400562966,-29.62580173471944,-8.666742062066522,59.47315196481661,-54.29313286603069,-2.0708600801076216,17
106.03678023448266,-70.69014198558978,105.88262469290733,-37.45629193196025,45.99817567939809,-122.71063877562611,-27.324176495736904,12.991603061717258,44.37032431163341,-131.58783607510298,-182.21250809317735,111.5258685035877,126.46584931426311,-51.38792801668812,213.13832272604787,42.014860549000986,17.136762382340997,45.772301050178044,-25.76080237114382,-46.89783054606604,-131.58783607510298,28.574012408587404,213.13832272604787,-162.73240132446506,4
-50.855136903110676,-43.16795344722139,-71.28548444988589,-1.2471649551150317,67.23693521128334,-33.021290618631795,9.470383641523261,-121.69857332892141,103.16956609222626,137.68161144313703,36.79906062678252,18.261507453829495,5.79520758276149,-16.307567046423827,-46.32114075033043,38.421307288663044,-35.45696966165914,-21.938630231751137,49.66255795843003,-55.429857614378335,137.68161144313703,43.339532356954905,-46.32114075033043,2.6117618668468356,4
47.93768103861632,-70.20060569954838,46.73244477186633,-44.569128937920546,103.60790054075827,-17.288675459391,16.12889004068058,8.157425661676045,46.33616743258024,-212.2195519969263,-84.95652842361085,-16.17264158589571,26.9720764022882,32.84373364805008,-145.25344960557905,-30.35835528485346,14.195748794455188,-87.44817223436922,125.7584328318099,-79.53965608414575,-212.2195519969263,145.64272243334074,-145.25344960557905,187.49431884854056,1
-78.16082618891973,18.37016322204133,127.94944604480925,-81.50748889098999,-100.84159478839592,-33.18285574086533,7.428526772680812,-82.49963544561473,-19.132884254183793,-324.217998821394,124.30510770402745,6.341408279671761,-145.59131447391252,-126.20973242922378,70.65142907861525,-3.2985551428152537,72.94726714911307,121.9643682532471,-147.88531463213693,-17.81044800888434,-324.217998821394,221.09910537228308,70.65142907861525,54.789843749939564,6
-13.206181691806849,-53.49874503839683,51.597994245970185,64.29507223402877,-79.70456685887787,-58.77387234045034,-31.480896693439266,-202.73803049343155,-164.07161092265335,-82.20617261842025,-38.24760957404855,82.23396520078091,19.18810231639067,-42.471518721881985,-12.016042125949086,-46.58761487937546,81.96286491461272,-47.28415933049804,-82.20147093530315,63.41358664091395,-82.20617261842025,-43.97074418812579,-12.016042125949086,80.14814842232441,19
52.24131320846731,0.8441384808145841,34.37813207251461,-12.078530462860407,42.542020461486246,-3.683618157464376,8.49594743819571,44.63378987032766,121.25429820167952,-4.202787543382715,-37.69057262134237,47.80254179722587,53.691430923325996,-25.80578664074901,294.04301952255446,-25.14171194838272,-29.929514392016564,-133.94167131409932,38.37157750776021,13.819826414601451,-4.202787543382715,-109.08841576315731,294.04301952255446,-142.12713378577303,7
-10.936738142487016,-21.178214317226036,-73.72032362500323,56.083972684204824,61.010816256254245,-40.1472328696196,-23.68462070489987,179.06398663533486,-75.21876621118068,306.6570929582841,41.03053469177965,3.5066157929199315,-50.797788909253335,3.522726524113109,68.34882600701987,23.65683280951922,13.106776527026938,148.111740811843,-9.979024498385062,-86.05030341884509,306.6570929582841,-238.13578787623143,68.34882600701987,-70.50558196488765,14
22.68109820591942,9.509361295319486,-2.926546290374814,-7.928259370198086,-44.63381287510272,10.92672756962514,58.52979214202672,23.320756369535836,114.8312790330092,-98.88064345907068,94.7753645314947,-99.4099244019626,117.78249173155172,-98.26515629360856,-70.67936508188929,-80.64884011128073,8.01026184002292,-2.508684357763844,-41.205250604720746,-67.52153685676876,-98.88064345907068,12.67950037323673,-70.67936508188929,77.01122700506963,15
26.483547806275194,1.580591604246898,2.715075176555226,31.754184557463784,-49.73727624897643,-19.253229702265575,-20.7582752390735,37.32446952722442,116.03672215032825,4.2299084079662155,126.43678362155576,78.70129080331368,98.89325070318051,-127.81817774133593,51.61848541996895,-35.5112197500626,44.35720390215228,38.27612524087746,33.659776206299725,-5.090056174231847,4.2299084079662155,-70.35567774959448,51.61848541996895,-36.772827630279345,0
-72.38369141444146,-59.44267898963475,5.229895839219019,32.0649036328584,110.83599281169667,-28.996907081895536,-43.0926995166501,-17.37474764570001,-124.26425730272386,91.86270007381593,111.98620731429293,16.421545805934915,-8.030899178686584,6.978209455047155,220.91794869582066,46.19797953614665,-18.6448724522593,-4.482021867128108,-49.416988616715294,-72.48416542212365,91.86270007381593,-6.390654026436398,220.91794869582066,-98.80457685254356,2
-65.45265317853713,-55.72865187106201,66.73735338300334,25.380359882883248,-18.089790514210947,-70.00496774393525,68.89488236979484,110.38133144893567,46.00448663761433,-187.78937187322182,50.86923374259058,41.248278323119614,-54.79660267083089,-95.4530793937958,158.08631121202635,37.472627384981905,24.874557423765996,41.19066307921341,-38.280394045506284,8.16969205373849,-187.78937187322182,16.95955451667774,158.08631121202635,-6.549581594883431,16
4.318469186814151,1.5784523260222083,98.47927883828346,-14.752551993288026,-110.82536345404657,-34.180599594817544,-11.910441746821668,-214.58895571090378,-3.814784685322099,-174.5136776239056,88.94205252321561,25.34256765118019,-12.987088111347532,-133.3353704516272,17.118790263598132,-37.398179102900485,-2.556643321803313,19.258770585047227,-69.4600811939627,62.901519024220214,-174.5136776239056,92.25679868082781,17.118790263598132,63.86799829737663,18
-7.406125740197593,-51.94333185534571,104.24359751249513,-42.09438358965467,-138.57215058086172,19.963796312011798,20.8926554925291,-146.92912989884738,-2.507262914902264,-79.83513070543034,-43.40969131873954,15.146795786008074,-19.59178127516391,93.18906780889833,-30.728059021972904,5.432177433552798,-46.36281598841058,-5.876474306092314,-94.50384473840238,-38.775390730377765,-79.83513070543034,38.60064211220275,-30.728059021972904,-47.71319839453316,6
-27.276568935056087,51.482444059085694,-26.38695363235371,36.04950648750282,-24.893141463939017,-50.267577380844784,-31.75191762127232,3.3109885439715514,-33.48033914537791,-7.6639900979491244,105.19374001494953,-51.80213025100828,60.645557157410025,-36.45812270740184,-4.138649983736874,-32.04652806549234,60.25996364227669,-36.93018236319052,-31.7369628370123,-13.798468902495893,-7.6639900979491244,-14.893970366657623,-4.138649983736874,23.19741145731914,0
-47.103428952333076,-13.710574381119322,39.56534905597589,-0.5625464783119207,26.224518849658594,-1.3784323130853715,29.933521656666823,-53.92170303794479,-48.03902371293909,-39.24976453929736,53.37274815657048,-86.39356791863645,57.60638843564951,-118.44572110579168,68.45062031769972,-21.88336178560258,-29.63625342312927,87.96899427759814,-73.29210050494375,-7.555103506836276,-39.24976453929736,59.845125972828406,68.45062031769972,-4.748525137206561,6
50.3302942412998,9.025452121654043,-93.37706987921624,25.7115043197864,184.9960570994965,-40.115827701111904,-18.789214156716895,77.48196782890942,-24.633224138074347,57.608196434603585,-79.71718299306931,136.76336253507532,13.498798848651848,-161.70447367183266,166.13019830120322,-25.640866154787453,-9.32841129520136,78.85422512626539,11.228551803678748,8.845798466259051,57.608196434603585,-32.12586948214147,166.13019830120322,-28.08472142494982,13
4.46259842920406,85.51947765315398,5.236758385645306,15.200398486652302,-5.861211118547356,26.405246821238862,13.753453695407995,81.79157492724472,-26.950263376975467,-74.17552002427753,133.67192244523994,-238.07943163178447,42.77226726033027,30.56706550626089,-65.98229273335691,-39.383406690627936,-5.455652364923388,-51.12952868401238,-15.936355772404358,-3.116650878152863,-74.17552002427753,76.06496933174418,-65.98229273335691,68.37916564734965,17
-24.324587620047424,-18.336712548652656,-25.80122095443957,13.238950888143773,81.44046389134107,37.94094991510353,12.305976429344154,-74.09994399976506,114.55839563795108,134.88186906818564,-109.04499427382927,174.60811074858788,80.25005279458226,-135.61930855458175,293.2310466503249,-27.469745180730452,6.73977611184272,-52.79001602777729,-58.71866122542217,-26.652619094235604,134.88186906818564,-262.7036207334298,293.2310466503249,-95.87630099761267,7
-34.25951127959746,-20.362512421194516,211.73607044023834,-25.871596783324314,38.50200367068177,10.278889679080086,3.51084630014875,145.91007653755503,-80.84211334602631,-286.7669957942669,-29.867218413412896,16.910932597762482,19.028909869384655,78.27452175132721,111.84070549764547,7.3059287690477674,54.087749333562115,14.426935927398308,15.589717557863821,90.34968492263111,-286.7669957942669,48.558142311758026,111.84070549764547,20.849610747134832,13
44.399294214650396,-103.19645252322408,6.330630271555711,-65.00985662524678,-26.824094648566266,-3.8346698711625615,10.523694331391235,-142.54394834933277,-172.11029614819586,-56.035789878530835,-136.86161368822272,53.5472185021575,-40.12880165435306,35.461603515758114,2.974727985665677,-32.777181138749185,-36.45582444157275,-119.98504745820892,-66.87503089121202,12.280379542473463,-56.035789878530835,-61.86933276284911,2.974727985665677,80.29664527866944,19
61.15944049703501,11.771608336264471,-130.6930900892977,-21.40681956439952,-72.4583406462434,-12.413661543575072,54.410204113745415,-100.86058451833772,-202.33272121373076,-58.044874685268994,91.1555757497404,-116.76541054280024,22.418806039859234,75.18946039800264,-276.20864796862963,11.107693880991935,-53.644579143648144,53.41173374308368,-352.38518367480566,24.772262499616843,-58.044874685268994,149.51906932088954,-276.20864796862963,122.4240762058682,5
17.516230962033855,20.884341061775356,9.558901662352621,-3.974621665556662,-56.56262915757871,-77.43129504634248,-47.832907042761555,121.11988022663269,36.22707913962995,-191.52886685537368,28.76234454075029,65.58073104205883,-17.89573098382086,27.782907001515007,111.12112819496717,20.857728944955255,32.88661414594597,-58.09808840780278,-54.64439056495308,-0.4850498263213284,-191.52886685537368,72.47168565253797,111.12112819496717,-81.10259738640613,18
-15.349656550074297,19.70866481803413,18.61134725832521,-35.60144386451033,58.533303458533254,-7.121616420546674,-20.111986273935486,-68.72323217041642,12.047065333859237,127.64320085874714,-25.112762179535846,0.29665892260809734,83.74122362317429,72.5446846690008,-42.90973825017508,-23.55642738491585,-30.540323570977606,-104.6805214913104,85.73455742458819,-30.301000770010262,127.64320085874714,-140.32507258288456,-42.90973825017508,57.21399774965964,5
-7.703655745339184,-8.27293084755431,94.58989880054094,37.74309836325977,-131.914771730731,-21.034461098610443,-36.446292575990874,-31.70680241743294,-92.37820253754276,-225.80294949484667,28.37468130928633,-82.77818661064344,-60.06892016065109,98.56656597644002,390.8186580154341,34.053146039485036,29.455440838873717,-207.87415769679694,-222.63271928559953,24.818740500313325,-225.80294949484667,71.89306147896428,390.8186580154341,-237.56976550729212,11
5.868101251263162,57.88304860591115,49.937222991053325,-35.59061330655102,-179.9318528267597,5.133924190920164,-18.51329633729195,-38.250977988570604,-53.917865662913016,9.16433953406722,-181.45953627788623,-109.54000421718519,14.577920061996036,171.9491722877083,-530.1518755539392,40.95346955877556,-43.88465121535184,48.05231208050752,120.10952524661087,2.8572121046603787,9.16433953406722,-21.2565526749532,-530.1518755539392,198.57921164959885,3
-49.51206507482557,39.92121553503729,236.49683892729172,11.702285185877457,-77.80768744185403,48.31098758768,45.83058344560448,186.5542310310321,9.896446474544348,-325.1915580289559,103.92478467673556,-33.952536318134285,-82.19273913729168,-80.77986758145366,482.4572289208205,-26.97142822292903,-16.531265274364024,-59.84597225173103,38.05064685934657,-33.573529854852694,-325.1915580289559,17.35523465845415,482.4572289208205,-174.41846058670987,13
35.13251739155639,-62.05447079719825,-63.77262324211051,46.622947097615075,-1.0680647874102522,14.448088540369488,-14.865075998952218,75.01418534947265,52.63898501274088,44.80006562551842,-162.0586536416996,84.80808185903379,-49.15810431063647,91.4345918981933,-167.85131222166882,61.72135976456097,-1.215875695960231,-23.470840436639016,40.17947244669645,-21.211739474440595,44.80006562551842,-107.23967967633556,-167.85131222166882,89.321656281987,10
-40.80504603748526,-19.132674326556142,-146.48380036298656,-5.659783850448873,122.9000069916982,66.15566126809271,-49.62657483489993,-37.063637698001145,-88.1061160455532,170.19210240324549,-102.21796873750935,78.23317802508795,-57.43813722555391,-113.46060932010239,165.36185717211788,10.215232033587593,-22.73068663295461,43.188752868951866,-2.052403331538466,9.988111425059339,170.19210240324549,27.67041658056277,165.36185717211788,-125.88900558327754,9
36.803129526451734,20.414970954496066,0.5100496207152494,12.153428712084256,60.398709583837245,-10.068184240724374,-21.385143329026313,128.8493323491652,-26.60069431085833,-20.59316615107448,18.35204543876532,-74.87458079078395,120.572600584318,28.88616624368728,-69.60019523599804,-1.1509782092115801,-18.42943834416505,-14.925768541185613,66.53059461874123,44.24445456164433,-20.59316615107448,-5.092632660977121,-69.60019523599804,44.295842033176946,3
9.68999528887602,100.64221191310614,-189.0876686529847,21.048967730394157,159.52506546271255,-33.448510012076,-26.739142880590734,-4.5344151104944785,163.20497384104505,60.43730766379249,65.49303637619713,10.538657259772286,100.17644444544501,-124.07641461459744,371.0828927528218,4.882479926728857,-37.70869377648133,-285.73504665257866,-64.33436389250572,21.508685149945862,60.43730766379249,-55.054846591993496,371.0828927528218,-126.09039565818452,14
38.76399586881849,21.727475293720325,162.80020417532847,29.70911826096529,5.064131684271009,9.628657561488405,-27.595010317776214,33.068545386176325,99.63753350092733,-332.7495378127685,-207.2237165039694,65.17092253984751,13.929433565514548,34.88947290736331,17.360529304766082,-1.3260430059027537,13.863435734418212,61.63573477945201,18.323121836736654,33.818698463759006,-332.7495378127685,226.77717905537747,17.360529304766082,-43.6985480005393,1
-71.12465905262587,-9.051847955990567,48.545306117884195,0.7967237650340092,7.02282490363352,8.27864368793313,75.54591340573003,-14.235197213339914,-57.971607966508955,199.2572293333988,-131.90917167394255,-81.67922754373053,-10.13003112766202,153.72176377291592,-237.23258072521025,-0.3661807191840702,5.5695628039770355,161.94261889900469,162.8249014389217,44.76527833403837,199.2572293333988,72.60310777211485,-237.23258072521025,-56.71622142511548,17
51.23651960875246,9.457481111567756,-41.95139340240233,59.58819611190538,-29.230236542021053,24.747748540650218,1.5334893388130229,52.81597961974954,-53.723355170687284,-67.20552415576958,94.56523999691183,-19.63697529197733,17.286048640303946,-45.5830212686661,-53.852678959358,-3.0464444267600905,75.19360239543217,25.746506791401735,14.546106520974273,-17.82489598185811,-67.20552415576958,111.63266035780681,-53.852678959358,5.700748654772267,18
0.9363926093831869,-41.59215344405099,-36.759237550830946,-16.078672071790542,-55.91616222716986,-38.214619783321695,15.103998642963514,-78.12204160196154,116.50115496992584,49.24532611335404,-9.73074632979186,6.292410891527798,82.26181076137021,84.13910811346963,-99.22711311899378,4.475995725633359,72.7684273910903,-78.46499190692612,21.466753374926355,-32.40623583093372,49.24532611335404,47.679631710176594,-99.22711311899378,-66.05222201417718,0
1.7569163317472456,-23.61904447815135,-157.80223176620527,59.12374900466919,172.96330919910224,3.5220097297266677,13.710921700134405,2.3218394898350425,-147.13729801926922,294.11553085485417,-21.711693042098585,22.200466598398094,175.18447128614832,-44.834380880449196,105.3238750672692,-37.16515360142325,-27.471700041112825,-91.42914170212919,-63.55749511535567,-103.64209654154757,294.11553085485417,-290.6979182261515,105.3238750672692,10.817810813363664,8
-13.20783483784863,-28.80588793139478,-29.041762468776085,7.472827090058145,173.00627888978627,-65.08464968666514,-25.337573637172454,97.43834782904558,-160.43646499417514,108.06433279034624,-142.83165554283966,-84.66310213492005,34.68439851637537,-3.26444800426017,-12.09723291614999,11.678866565641094,17.574316589181233,116.0620751379379,65.75540660080006,12.68749857459486,108.06433279034624,32.66000521900782,-12.09723291614999,-11.827743761874899,6
6.05215201577062,-7.433603821048669,69.01098849936022,-52.51898085643133,76.91862657815341,7.831293165321708,5.15686247120972,-166.3267225117079,-60.8174587302736,188.53714951362673,37.00970343030138,-58.775107530348464,32.53435321912947,215.7031320896275,-21.19759050735327,3.4604082005069148,-72.69605157527405,12.673406618908034,-90.11024153671742,26.80092184117523,188.53714951362673,7.98726219445232,-21.19759050735327,-65.77353058500806,11
24.950497681002382,16.015807681870786,-2.2918086533842574,-45.76014770687644,49.05516864783981,60.632430108607586,-69.48371590451536,5.4680223765266245,-135.7894660454157,-234.7145426961983,-126.16013008193518,132.27371645119229,130.5028218672687,-75.89324298629822,-124.6395317853303,29.400272340281482,-31.429247056532947,8.440762924911382,67.50309930207794,40.95001047049321,-234.7145426961983,155.6473096743019,-124.6395317853303,101.96078565660284,13
20.974136346529725,36.491757964941144,106.73080243208892,-24.80399209420174,18.22865971692824,-62.89225424936583,30.569220663119975,48.70320169665453,-142.4579530281215,-150.65982804853505,-175.30714719530337,64.61695649395784,-23.089143041214626,-76.73565362942993,-97.53054061484386,6.239709375749581,62.933737551522746,83.27426152486038,217.9829246283272,-1.926460598865418,-150.65982804853505,40.987914476723674,-97.53054061484386,124.60278114247541,2
-2.4013062522342596,-64.51502308218674,-32.502868637524756,-14.445614678943961,61.54840347758025,49.84123832598381,-53.665811653527456,5.043189509131505,-6.108960569731483,54.68219003632039,81.84549026309377,-49.076328442083444,-24.49826266753158,42.810924277340234,151.66575086470655,-1.1875895677076942,67.5397064666958,-133.39506940508684,-76.13142637968701,96.55126344567869,54.68219003632039,-94.09869496558716,151.66575086470655,-3.257307876445843,3
-21.54376263543941,-3.888722678640843,-76.17824041843707,-29.833613934711856,-22.698305364837488,9.773222618752964,24.10863068656903,-0.6656785997080883,85.94837247473703,64.99189141553889,-28.188536151103428,-51.721013344488455,119.96975112526499,-23.969437226717616,-243.98008115957023,-59.81478263157442,6.1623212040595385,124.87432916471047,40.401922836114366,39.92610788420113,64.99189141553889,133.9590331297261,-243.98008115957023,-22.186506208741676,18
54.64593857633069,-59.4823614396791,-58.64273762465412,-32.69221644114138,-73.0960973590243,-44.170300898178354,-32.17157730941775,95.65259237289956,24.158548318011963,-215.84541951342544,-43.358111542763154,-48.86473379951931,-65.61629521692387,41.21450706997916,-51.83331128383087,-32.80169680260244,47.070821515496,-87.08980447194044,-100.23774943994233,-8.233107714798287,-215.84541951342544,112.23857924847017,-51.83331128383087,40.57340041805123,18
60.63518765251086,34.17759595217963,-109.53578830911948,-68.51660720001323,165.61784680336893,22.05029889390124,-53.941759026411304,-10.961182267410523,-26.46504128350557,-112.7577670656485,-39.62385293488207,-120.11771902098248,-60.49443563276428,-72.00741701845963,125.58798358785063,-48.33961699180225,-33.07493261642201,-195.2407125566295,-57.339482428254904,-7.763716902146909,-112.7577670656485,77.88000381621364,125.58798358785063,124.76004268738447,17
28.140545551484927,40.51872781447591,67.430791961012,44.39384720624111,-75.2115325501815,41.75467453711428,-104.60830475319285,-99.52957932877155,35.84744356907932,126.85917363939143,-80.13073152518687,-110.71393609113966,29.547532521855526,106.56587641454136,-143.5180201167677,-117.41447611607781,28.14104455751952,69.81796703872995,148.35011948861484,-15.466125418414938,126.85917363939143,126.67196919463473,-143.5180201167677,-134.87229480355535,17
29.206063116994695,34.48605084716099,-105.92063294300931,55.031255947191966,-24.997100067243156,-13.406372118338561,26.628194641386933,74.35642572709709,-27.4591949541679,61.31095412337458,-10.257559865657191,38.75525545019699,33.085879021432525,-59.25419791311032,65.95558526883303,-65.21989740047191,-36.17917777861999,-65.58804590826176,-16.79668518820435,29.29301562942591,61.31095412337458,-126.42629710622926,65.95558526883303,-34.338010404389706,7
-18.031249203565704,10.836496768831864,120.15085441627878,-15.622596053858633,5.635977101273677,-32.85972682774121,9.199934918877394,149.12149393873077,-8.832999521272345,-56.736515579090096,98.92069040283982,-107.05267159326888,181.50660098017732,20.65323506259829,117.54598450767153,35.172698181597035,36.16368687337377,76.46225358257082,32.76682378203125,71.33665634344862,-56.736515579090096,66.86590356868672,117.54598450767153,-171.31289928985953,9
-29.717790264106387,2.234488415253996,-142.44247663421567,5.2140667369097216,-9.901878800786523,-38.733262614953055,49.866461218271915,-78.09071448643776,3.8130889802264623,-140.52471323525123,-39.49518694045209,2.2716473972926465,98.1898961887168,-76.25107827416578,-170.16959516830514,53.51031439847734,-10.039581470227342,-159.6743796999404,-11.126167406131415,-15.494532394620862,-140.52471323525123,109.3965775668639,-170.16959516830514,145.51718556248633,17
43.35086306335127,25.944295210068717,-63.71996761971212,54.87633237578247,80.96126147856188,60.11110054231792,-14.900442628434593,-214.2197270774326,-38.71977900104757,457.07169235268196,-134.78224611548032,-25.53690942852265,195.8629017643726,162.2718312571185,-425.93221272082616,-23.276195371580954,31.44573514746655,205.85504024134522,113.15014237620007,65.9665373958991,457.07169235268196,46.412893128829666,-425.93221272082616,-56.790354243158426,9
-11.23177361186756,11.234549027179213,-89.28992084090993,-83.9115455820685,-130.92257288638874,13.20327892555895,66.25986107516086,-150.995118344573,1.770151458535807,199.70812194524342,11.41451800038844,10.96066849241545,-101.75213648057056,27.925707819424844,-236.3659842687896,7.063759708610161,-27.89164268540182,98.71445967894499,-54.574996828130935,68.58781483641563,199.70812194524342,-21.985841487577904,-236.3659842687896,26.1903016389984,8
-40.43035869887909,-30.571573652740952,-10.616863256409701,-19.137072551541827,12.695779179054743,-61.738792967291296,-56.79332371825507,13.528575424250597,23.396055314957778,-20.080762656681145,-90.98818538574518,-76.91855809214564,-151.3001549168142,59.95953172126551,30.033559611428995,5.170181927101717,31.650228601963292,-52.29553432806293,15.486161404968769,-21.796028563804253,-20.080762656681145,57.248593680150236,30.033559611428995,-3.7558178810823284,14
-49.90327356419645,0.3730641455273116,48.45565782069131,-12.985885587863464,74.25697268690165,-61.31807304620366,41.754264692988215,25.70245988933612,-56.77155622068984,16.17769688006496,56.62122806288554,57.647477460374255,-191.49569685706467,29.42397239466522,293.99786308981083,-45.646517029930386,73.17818800010535,3.6409603127710755,-83.05554878754835,6.253839669930351,16.17769688006496,-41.023177572387645,293.99786308981083,-80.92845424300023,2
-9.839837275124246,-3.5600144406211305,-37.991465723057274,59.59317595390974,10.11137863777559,26.537543806105212,-38.64550875486805,-36.66260881739044,-8.044720409033559,297.3456466665384,94.47040057610367,-85.63602944375282,-7.7583164326055565,86.13159876931047,130.65210615260065,-11.095146538283982,45.561035712863955,-81.23576910647351,85.6983605275359,28.461878376036488,297.3456466665384,-86.45794861033633,130.65210615260065,-181.8699928584033,4
36.59312796786542,-9.375531485294994,89.53123697161377,-12.005775851887625,89.6225764011787,-32.82881324208759,-21.57527656818757,-67.6749588719961,-126.84201566327803,-150.67271322763563,57.8590499508759,-55.063923650819255,-94.23793082801257,-61.79934816351343,247.48513751201955,82.56052640395129,61.82568333188722,-98.75735940421443,-36.554665467274205,-30.094056093667888,-150.67271322763563,41.003036581517314,247.48513751201955,60.349170806511964,19
2.558330931484058,-1.5198904831008844,-17.500328915816485,29.3279878226131,28.711322121773442,-31.570117188258457,-8.845343388210875,-99.92023083459173,106.2695070200927,150.2183473670899,-104.22936768238289,-2.6301759962650983,36.63605948941245,84.64163240561646,-270.5336782804454,-27.919257139124465,68.160991957539,-13.682228254168791,166.28247648687025,16.796798149467474,150.2183473670899,-18.577332182094153,-270.5336782804454,98.45285368242209,2
-58.18108688274713,2.8860285284304306,-66.65490587141758,38.394507886671946,-83.11919417675932,-101.97361836822748,22.125019902369523,-69.79979747645282,-23.74711213085125,-164.3133498682837,37.6765813413642,-39.1967453698651,148.42092111384193,-184.4535076456841,45.96163235472204,6.045055495331411,-92.16016137234772,-30.458280658151867,-148.78348743994135,72.12526920279683,-164.3133498682837,102.61893658721895,45.96163235472204,-28.29616062890817,12
37.41382165392476,20.912893890638884,182.28953579937127,-15.122195783010056,91.90695096066477,6.237329406012094,2.4271532446356097,-33.99552326846353,129.0956939227556,45.78991967070979,-14.111554755001814,-53.90920596597758,-91.92771087975282,72.87435449154488,312.3258305597432,7.606249337084543,42.397052616062155,-175.63783507186713,215.29010640054275,30.300499157604275,45.78991967070979,-103.22902366592061,312.3258305597432,-80.06118041459669,7
22.97563240386834,-69.38585273754657,-72.90458124215426,24.724592888283485,-110.76290688518839,-27.691990058394925,39.29172589865188,-115.50786454363563,-39.18503019387788,-19.078883821073035,14.99147411113074,-93.33304021366814,5.932523235669631,-55.01832674889393,-23.332016530165664,8.898033692928108,2.719721601519134,-59.94480109025892,-142.6473518113383,9.398762865888635,-19.078883821073035,21.07120046798592,-23.332016530165664,2.5767591731823636,18
-8.40132936753982,-21.33893539593124,38.63263206298409,-34.677362145887734,-68.17520798931643,64.214941112232,11.452212382864156,72.60430950769512,23.04532744915262,-89.4210361624004,-35.29492333999219,-37.92270609223071,33.809842989911154,-139.52746503258552,55.4177851956321,-10.818942615049448,-53.97182520827098,81.05104838415771,-70.54190914019662,63.695736591064446,-89.4210361624004,-95.5310511186463,55.4177851956321,22.255837039748965,3
27.209426814829435,-23.72369032766386,-176.52940488872875,-90.16908391733165,107.84836925503902,-88.76272562356849,13.900094577371275,67.51524449649123,46.70858831299711,72.46544112682481,-133.26117556733703,25.635767429505893,-96.94430471402379,-144.33007591939312,201.73243725560377,46.55540244562076,-43.10739092514835,-84.59724232788383,91.89544030353301,31.383519143575313,72.46544112682481,25.497177086513474,201.73243725560377,-94.67453367157125,9
64.81879092983273,-68.34421040931561,-102.06294944727533,-51.549124274116636,10.423868984679965,-60.550771036947644,13.732204520553179,143.94929986731728,41.99831929088673,-181.59512542305652,-227.08173939394126,-73.77771441698971,89.99487642727243,150.2467862882068,-128.16488659949766,-48.26306963096968,27.51588332406421,-123.13516118819157,-193.64402224503095,74.51298045873504,-181.59512542305652,43.86457094398254,-128.16488659949766,41.632846686702514,19
14.123034492189205,40.635894252612985,-184.67297124628547,-21.6571972553208,160.28459822833548,10.90368237372271,8.302103702470232,-275.57927513510964,89.65925326530716,432.42568776476264,-53.37558277969318,-44.64139190311876,179.81207926950026,41.98038541855793,-185.19561502191357,86.81019191184639,-81.86917445886343,-81.19490998664662,-31.65369480138594,-38.095486637279826,432.42568776476264,-139.05737008696883,-185.19561502191357,57.79144316838418,20
-27.447797513688275,12.67664932648149,71.34052706805797,-9.974884005823496,-56.63718889794792,-60.70921304182889,-6.06843676483948,-23.118096748257084,-85.10913438481181,3.4633620314626694,-138.81993978946426,-103.68244073008032,158.99685518230424,69.0416701684516,-32.74719703787207,15.039233203175801,29.126754568552222,-32.91672258923284,-62.69207148668413,7.051492560745524,3.4633620314626694,-116.58957163433534,-32.74719703787207,-23.546587050222687,3
-7.905796440962848,11.597687214030545,124.20264303985849,-73.49569275329488,-41.3717668506677,-33.91926498358332,-29.015968665635835,-151.87479496114395,66.50604295592018,132.78426826500163,0.5155656164014033,-20.06512743535472,72.31987908783394,111.48520394655247,-104.47974841254462,-27.09644395484495,-28.154636119449915,42.119529125838696,189.91018074522566,3.217848156748699,132.78426826500163,82.51599595616875,-104.47974841254462,-113.29539142110207,15
-44.172980189393,15.344210057329505,-91.34811369199001,-12.366189053914473,0.8057657475442159,-23.58739576476836,-20.73675362694921,-66.69640093530832,60.929493034916824,166.60606840412996,-47.97606212507809,-18.91662332662567,-6.62221796661445,14.304890548135308,20.483748318679943,-81.81389066537562,46.177444747534054,-85.91555092975159,-59.03395391738161,-27.072786703824384,166.60606840412996,-146.47134366282808,20.483748318679943,-10.065388977450716,11
46.883351017696015,-28.886485242825216,8.218550996862852,-28.96371077383026,20.933281774291714,26.9413492464191,12.82968370717294,-41.16519741484582,-172.35242455875252,214.7920174020261,-86.4931614554526,32.95578573555063,46.87232874247299,197.29767639612385,-96.825589466081,-29.006259942766125,30.256347959491197,-5.576316445225347,117.95209803048729,-2.8190923210890033,214.7920174020261,-28.033992781974085,-96.825589466081,-101.17440012288719,11
26.50040926576876,-44.06887911245867,-72.28876129437593,-16.299529119219358,243.96187551776646,90.15681944110092,-14.207789089909888,31.23046943372893,156.80851238023757,220.70449616748047,-16.411856924384203,-40.26859100073764,-138.88089814951076,57.73618386127045,252.44503445515352,60.1554184633825,-22.095178021860754,-227.1863816066537,200.9666768265759,-36.72245151733084,220.70449616748047,-95.67613849561366,252.44503445515352,-33.20450060679637,1
-11.251538704597941,0.44800744924620545,111.11462984454843,-0.47030321520757123,-43.41801888664911,83.28794189576112,-6.678088938104191,-38.113497940504566,-37.86184046282643,-182.63438977213497,-100.11905600152181,127.27625098288539,37.250473699222454,-47.208999925182994,44.54553959446215,65.14493802866834,-24.876405697154205,105.65321612377386,-16.589606874380465,61.13233549526435,-182.63438977213497,115.14614249317572,44.54553959446215,-68.42340103836587,17
68.2997914370159,-46.92900449447266,42.52182465800612,35.79251703095497,-5.089996015698506,-58.364308311815016,-9.503740532493884,-30.03762161345424,-25.709603114450232,-87.5342515019563,-100.7418664233663,-110.14313469255569,166.7499764915737,148.05386076300897,-129.97665107309305,16.996110014171286,-76.00108555723342,-65.06527517136774,-167.01296881719728,36.707591536526735,-87.5342515019563,-17.677203672708895,-129.97665107309305,59.319200057522146,3
20.53157102403571,-30.74560918996092,147.40215405082762,64.33885765228766,23.432100905970785,11.363922961823578,-65.30071132591631,-23.806499796934375,29.815066211629233,-97.05859029091502,-165.39015805814543,-65.2168281667811,-106.06120464366045,19.53871177344947,148.83281461463943,-51.73761600535616,-11.365241694856199,36.740993390629576,-6.941635860266402,16.507473194341227,-97.05859029091502,30.186845798275627,148.83281461463943,-44.08197365991533,6
-4.431167937834447,19.204646540617276,-81.21193060147299,6.8266417066284735,-9.961781989648921,15.28627936200245,-5.0829513141004075,0.07015224126968533,-50.696673278974856,59.95474941331365,146.80863990167788,69.77852669832966,-108.37891098704301,-98.31931688239581,105.32266996878516,24.541229057144523,-7.153508452957809,-0.2790412054864566,-53.202890115997604,45.639680120816884,59.95474941331365,-66.31032608798202,105.32266996878516,15.526633512747132,16
17.828733617232206,14.896948489512132,-51.04442617643679,-19.94276609456973,-103.40391264756711,-5.916819079527166,22.125168571691894,-153.07005052895389,-3.714117472982954,221.1582172360915,2.314169296044728,-49.54897832551165,-169.0640052661036,9.370965054851204,-227.58671477121044,38.85886231971515,38.22181794834687,58.39300373346902,139.04054379521085,-3.8699401662375834,221.1582172360915,4.14125641603766,-227.58671477121044,56.54281232752821,3
65.80894425146073,6.0637979188630196,41.02831933969029,24.406472573379816,93.56409481635734,3.0378893803166944,-76.48465005607741,33.80377380865412,-33.309840676790714,61.25072198472965,0.009431194692059996,-90.4734556253992,30.761380512952478,48.03713396214463,-93.52192894423357,-21.08439170319743,-11.601094771886482,64.07864495023063,64.82155064442993,-23.933384865973903,61.25072198472965,6.941038016213978,-93.52192894423357,68.44570559161795,10
25.78600843286523,32.002866303458134,16.90221777726565,29.87628112509817,-162.9452995810055,0.0178552461838765,-40.49987271878778,-31.853443896296334,-9.38876653251893,-169.44025486537498,-61.21112373303761,72.21804487789409,-28.09365519286598,-117.93162671492034,-22.85632171898483,27.368257660752903,-18.247138456558,4.500468425539315,-63.19326676625893,-6.057499918811198,-169.44025486537498,-43.06422327950243,-22.85632171898483,59.37744742815777,14
99.8914632289171,7.024768660623306,87.48611756743934,55.28440097059266,62.63959252725659,79.35705538601248,-4.634582465157996,35.901313945908655,3.144997434481862,-226.69259078724733,-161.33468663658718,99.65552347473769,75.26500218780345,82.45183719199972,-67.70409670246073,-59.755805065435226,57.135050426730686,-60.16562157496818,8.386275745232998,-51.239747877001236,-226.69259078724733,26.509789786098253,-67.70409670246073,111.99680633511242,13
-72.41285356263487,24.84466992577554,3.6830504343651294,5.373239981866073,-102.90430247496049,30.180437826942608,19.23877924864611,96.0009485138022,-111.19555113783898,-67.81000293852804,168.55122262023934,-34.48767163321832,91.93195313629826,-83.63746915004171,-86.81209151227627,-37.80778493376857,-11.04661746670655,2.280368080564754,41.79803932365675,12.17659308911321,-67.81000293852804,-67.80860237078373,-86.81209151227627,91.43962607731171,7
-36.84947492225943,-64.91502371069532,-44.89801244304182,-40.59064101244341,-79.26740021800101,11.390938569841627,75.91918352815074,-13.423433716620966,113.8304038670542,-173.66665822465006,-99.2531465671528,92.02633257964578,-39.55632668018299,5.355430249411386,20.17863464680705,-80.07034526903185,26.832794882198044,-68.08747793276972,-149.40847423980176,-42.03411246693151,-173.66665822465006,49.57276243116355,20.17863464680705,-17.786395142431548,8
5.05515671138922,19.174313433182615,-118.66461097939319,-21.166058181069978,107.44881572489251,-0.9333416337536511,14.652629109807183,-34.24419159764056,2.629955557241903,157.22753150057372,14.436215211786735,18.423264223491422,-81.71934708194638,122.6527999903266,195.31845434618117,-57.148025690516846,-10.813232872406079,-23.94009249027367,-206.9732104230782,-119.76052065494792,157.22753150057372,72.02943158461862,195.31845434618117,-205.27051659557173,16
31.618064743723707,46.55936925434679,-2.579690420359184,-69.41230859649923,-179.51011210861674,17.248635926102068,41.35399318171733,17.898295743893335,-47.79752153682239,-93.10651130478715,92.4863684289923,20.05613278260992,164.5118452477945,63.7234658890846,-216.56454763240652,50.01095435605074,32.088692149711704,-19.492422578944595,6.7247318388176325,13.418445151851103,-93.10651130478715,69.50795447859414,-216.56454763240652,-19.38213208617105,0
-23.726232482705928,-68.75758859169586,-50.44874786522836,47.20891705253949,33.560833006801936,-92.63611979392653,-27.54849628288515,-42.620755254670115,-28.76070318099698,-77.30066524088761,140.09656180980875,-93.27733449426748,81.22333600974966,-70.4801513586142,-3.8894261168569666,91.56953422363387,-28.866411448335704,-85.13650517548733,-91.52098474129049,-49.42877275435428,-77.30066524088761,44.2804194195824,-3.8894261168569666,100.35315798904875,12
-75.7300850679656,52.21233825246263,8.939722947419266,30.575096992943113,-22.39398078514192,-37.706978114596026,-60.93738625865769,-5.440094122579473,-52.6085200643874,115.03756174673353,44.82465877841739,50.589593622223816,29.600002111251598,41.51173460797377,87.14302781473718,-47.709177095104835,22.60275458106397,-21.177397920993606,103.07735573641321,27.140729927003292,115.03756174673353,-6.527417202984438,87.14302781473718,-157.25245487907858,20
8.156216469771408,14.571689220153068,36.84288461255601,8.865107342918481,24.30436087565312,-62.75422425952081,36.637272428062744,55.181419200218315,34.71877442634632,-229.6298062149357,-63.28931537611929,-48.22268941947067,-5.894872880447162,57.61207231404455,-156.91927747918652,37.78666449731608,-28.16681219769484,-131.2630184118678,123.08602669833057,-28.495138971540513,-229.6298062149357,106.29741141271678,-156.91927747918652,185.3831130247297,10
6.075782519850109,4.165322195747388,-38.59914588925161,99.88463580422214,-42.68960379862398,106.78972093442482,-7.538298242780027,-1.162121803867402,-139.75576361657335,-110.90347961132295,-164.89553835706258,-142.67844953000304,179.58458430651314,-84.38978153157828,46.12098581330926,-31.40212864983193,-25.312340874462564,-110.98929478479778,-89.5886888850351,-30.122287037854605,-110.90347961132295,-31.149794395477983,46.12098581330926,-12.936351933362227,3
28.31239555801341,-41.94883840821015,-43.722751490268095,-75.67530430026984,-242.73026205086023,57.809335496287,31.676019035031786,97.85012297047305,-54.29165294046675,-207.2452716638022,-2.658172179346794,62.33876040888657,-86.8539283384326,-176.23833726312148,-69.02334035934851,-29.4672628645292,-31.095131026410243,-20.26874586266791,80.0138490493332,1.5128654703110154,-207.2452716638022,-11.104529523118579,-69.02334035934851,69.1837441492012,14
-33.3672064929801,33.95033665803088,-3.1096408109687035,5.947981817622663,14.668531844936531,-24.59108448486124,80.1060137523335,57.56143516454728,-117.37390103627419,-50.69099835637877,14.815317719868126,22.53849519959516,95.88718161510066,-56.69204054495069,61.09501121548917,44.060836073429414,-7.67130854483538,14.004910257034053,-13.823358998239872,-21.536776725564643,-50.69099835637877,-0.1248191160065737,61.09501121548917,-31.150218340548783,20
8.712679863871514,0.914107726291828,-93.35865804448824,-27.303550401503824,100.61288349402304,-72.45608800564922,-56.545814661350555,-3.8625523529032435,-16.96255458275086,165.6523535826759,64.22091621323835,-84.84242159722952,-60.97185454403346,-18.87718860488226,39.66986416305434,-15.956452076727867,-15.171324346669097,58.71355483986367,72.33265276640141,-41.18848501261886,165.6523535826759,157.41333904133722,39.66986416305434,-109.16296076011787,11
31.88389742112299,-19.121664222203442,26.98650296517532,25.391458063552506,100.54814860272421,-38.14569539819907,13.009211661694597,76.49512586021432,53.78071378515205,135.47151578793978,-8.719277320224892,-21.56836675575289,-103.97475566477416,-96.724310213004,426.64022271944464,-16.663985173001443,19.78423897342453,-32.36267307202073,-67.92406177199771,47.94254881747825,135.47151578793978,-281.5669724356034,426.64022271944464,-92.14381946906727,14
-15.890434933034447,-31.244689007958925,-246.90514918474344,-3.2464278412652137,-23.266074854863213,49.318110575159835,-30.003287106631493,-75.3357477313274,-26.81881406354277,548.7522750615187,81.76984247888625,-130.5531348611878,6.574289089603833,83.55571822461073,-414.38271736339266,23.213021821209267,-53.46636367286517,204.95690497512254,25.043172458051345,11.40894010579627,548.7522750615187,-0.2835533705275939,-414.38271736339266,-44.06955220985495,13
29.45771865873665,-5.66338484283031,124.18030104102525,12.85504022822643,117.6124268900839,12.48096943715735,48.97662492471399,102.2348257224573,33.78459952172847,-184.69352401061812,-99.80491175501103,-111.50199937216202,-33.601012170267246,-10.087523935311449,123.6020948502817,37.87811337787434,17.466015853784892,-125.30781901232675,173.7792893888656,-17.300548042526195,-184.69352401061812,9.846850134447958,123.6020948502817,102.11364945367903,1
46.29583964489058,8.096689704192784,-59.45105207368812,6.367341892457111,-29.423211520169183,76.36117423333113,-24.36080179772233,0.8752256249766788,72.97334101529081,58.387864684094794,-89.75410809762971,21.36255440207239,-132.34559197375023,156.95724524481696,-453.61820881438854,42.92953739868451,53.312007587272,152.4606491384962,-12.230792988720506,-7.387711224771011,58.387864684094794,72.23568541850456,-453.61820881438854,186.1337098428873,0
65.20071659900438,-33.55492054268757,-96.02486206375448,-28.5287621121103,52.41576275425366,-4.7050589077515745,20.44611520022809,-52.933919600652466,85.6381176628935,139.8024203012578,-46.29354634975182,-58.472277108954636,-44.59282129950111,36.877396488274485,-125.21042349879012,-9.737729607076762,-53.38893948746063,-14.152953463272349,-24.503397500412607,1.0369702621810697,139.8024203012578,-27.769447256604252,-125.21042349879012,73.81507745327566,15
41.13613185934749,-76.20232797869184,12.030723448899408,-15.455575931635535,48.41625272282436,-44.733144266680114,47.872178416927376,50.14436008263259,-101.94013882715626,-32.48087100712945,1.3361358258854406,-17.58088372288011,-100.99065083915478,-64.3802532105685,195.9846449531193,-22.977823762217866,-33.28586341397244,39.65817956356012,-144.48357714001747,10.526584807244113,-32.48087100712945,-80.87357408151075,195.9846449531193,10.946976565624782,2
-37.31840349935767,45.580413210257866,-4.073384847234829,-1.866079176863524,7.172114129966585,29.736476930664388,-94.18826964326578,207.9060009797658,-49.06372556823573,-29.56416712649322,104.74194584536588,-75.68789161689524,38.91932619339981,-112.10764569129577,303.81606199855446,14.576651123841023,2.936072949260977,-57.99695877088492,41.18903428585084,62.97746939971893,-29.56416712649322,-79.00487182114668,303.81606199855446,-135.24619869639326,9
23.39552528662115,-35.00942808711719,75.97611332459316,-64.05535841759743,-97.13599291636321,-40.72109851643041,9.180917478372697,228.61824366228598,15.46645548921235,-325.18400470002587,85.47701195798092,171.9476851627345,-56.6096000914993,-132.28132763648264,-4.758916229125139,-39.252980634628805,-30.210454158688083,101.07883980323945,-12.164479354004886,37.10704042633209,-325.18400470002587,-40.06757154715431,-4.758916229125139,142.85151420466653,15
-17.186045575080435,-19.319078925982023,-115.3805106859567,-39.30829208246641,-93.30952594376217,63.44960521113662,-5.646479790540285,53.63699580273501,34.39194251570629,-71.1247444957721,56.62995971307321,94.82319918555237,57.26966566428176,-1.7072039554212415,-219.49974215613256,12.37028597753964,58.07449285712231,15.721656108681202,27.46950056949105,14.479780763320614,-71.1247444957721,142.78608209210853,-219.49974215613256,4.9538534668306955,14
22.55091814602002,21.074561769102054,-93.36913165272449,-51.61341243308934,83.51810114516266,6.825262135231557,25.650232463597824,76.47746919285416,21.290200660915843,-52.6366912751861,-24.001311202418727,157.5319877814193,60.06895861392454,1.155901422459955,33.09754035497194,12.264532630423115,71.79099892329239,-30.399128965004643,-75.62147086687757,86.30262487596694,-52.6366912751861,10.236738540821158,33.09754035497194,-9.170908924259273,20
-0.8032293402680013,5.512040237035131,44.47619178777771,-62.30737940302882,-37.49837895890881,-2.041297837831484,-12.655943062951302,20.394559885289585,5.037824657613377,-86.90665983580658,-60.857259674115056,42.84958574397196,-10.244942528971897,47.16548978095106,-2.156399487733342,8.469195192042342,-46.58123707592331,-49.04007185438736,65.6102068446954,45.739687690311726,-86.90665983580658,29.13398450120529,-2.156399487733342,-18.026286230391996,1
-26.808278016462296,9.613598828100738,-55.94125337517052,95.09924232625772,204.31520368406115,15.453362810031205,2.4693339193271138,-8.889278775763266,-71.41998881507764,478.7281837441457,22.695967820959197,74.1805557249766,122.86694099422448,110.1281394095359,140.66227084310057,-23.582569516310834,9.860147176529706,-94.35118874479048,250.00119638363998,-1.176480483592676,478.7281837441457,-232.92294486168345,140.66227084310057,-162.02205607947923,8
38.85516658000843,33.1396745442553,-69.62949232703487,-21.034136519924633,-14.120022917999338,11.831722026521232,29.730543305440207,-32.732882745371114,-28.948831810826444,289.4791517269275,43.667326332439686,-33.30451319042727,-52.771469274676335,141.77449755056313,-283.41582932092103,-8.911913484834853,-8.054120525460418,61.02262127099392,153.45842590175164,39.10309921241941,289.4791517269275,-8.100766758326877,-283.41582932092103,23.809716983154505,3
1.8519327691941212,42.83527430309877,-50.875971882414994,3.613626533178041,144.62448356707185,34.61084527423358,-3.8124769633028226,-40.11041102913075,-185.67606892315303,105.58002799579596,57.57297377133597,-192.0211953974882,101.7430003044479,-135.0738938726658,20.452040041908074,69.15715270272199,-46.058072277964214,93.65750548401826,23.081206276068578,15.777932313778908,105.58002799579596,120.03995610215121,20.452040041908074,-1.4421046186094033,6
16.139190612923425,0.878190572837385,36.77121868273454,-46.51365705524255,-64.24293685190376,-13.796776226357625,-7.368447214538473,27.283315711621615,-60.78769106524474,-267.92325388825867,84.03715431909589,-41.57377581637689,-16.827592694953314,-166.9377370618796,100.41592895255923,-83.66373051572118,28.687784396084503,-155.63630172722472,157.51958395075403,2.491725246432509,-267.92325388825867,99.16298178000991,100.41592895255923,79.28320245678498,10
-31.611451272833335,67.05846223335392,-12.022042980188372,28.621494865559256,104.17817825250658,-49.24670110719273,26.376647332842566,-74.13413251166045,-131.8176805116515,164.18083977093684,-31.95182033046221,134.333463316974,143.94347969092047,-74.1545386674744,212.45267443226655,-102.72298419160737,16.367008520232254,-69.66711429903141,109.77270299570527,49.887198997913835,164.18083977093684,-130.05667449959424,212.45267443226655,-120.8894374163938,8
16.873008811832563,11.60541575417328,-100.65321607527254,12.449533342769637,1.3866169311491827,2.3924718463457855,-16.826031577312257,87.22554417554328,-146.9604848409335,38.86936703198325,-52.00190621703845,-61.52338115995417,-1.402259234259562,-62.88439214242567,-98.92491509877969,-11.81438034887103,-41.75047043913385,-3.916685356570593,-22.701040224802355,49.23211266674854,38.86936703198325,-125.95971270421038,-98.92491509877969,135.89050196734576,19
-9.361804882625147,-44.4006813145376,-10.37866099460473,23.701389381510328,21.24878638493957,16.993404007584004,16.727216434699773,308.8171212120557,-347.21930147091564,-482.67929579779326,-42.80448779229584,35.91790513099394,161.55793325288198,-173.6014330746245,108.98474347243965,50.1620976083087,-14.267569986915191,68.60272893258467,-197.82402668167376,-17.55976812173858,-482.67929579779326,130.27070985420917,108.98474347243965,58.192824585487145,3
57.769243327949226,-32.551667751484395,133.58891134253403,25.669749272615263,106.63426204482289,41.30608828117242,4.2679189749555055,-36.439020997833055,33.28147623718599,-115.83469109685508,-151.0477904421516,-87.96408848349812,-127.62086729254165,-62.74147195990381,209.11049992261712,49.688357686030685,14.317838614977106,39.815903968859686,67.0128727151215,-4.976330858649637,-115.83469109685508,126.04003048271844,209.11049992261712,-37.396128638316604,6
23.647553229522845,-12.012552873439194,91.45270174411021,-16.640239082658116,12.520073938829107,17.103229648724504,68.64173303771283,-204.61976573812993,-214.9935003146915,24.56193281953976,29.069106854867393,13.950155852711159,153.00558055316282,-57.89034515821649,-87.99168395057707,-13.107387641630732,20.72624814061626,150.55150379436685,-37.576710198910085,-24.08820004817327,24.56193281953976,74.9609755573031,-87.99168395057707,18.26003992622374,17
-15.459446102640682,-23.82912986903881,-144.978984693251,98.9824981737319,-16.777075997064376,19.993193008557736,-2.3600395902951026,37.22305093692051,-12.297953123385152,264.2137961148833,85.43191263687885,-3.1391826539986845,108.5303104800193,37.4166308513378,29.876385010800167,-40.65910390828761,16.75090746473478,-127.90671065408547,112.3186230053367,9.644399305862962,264.2137961148833,-106.09024258431639,29.876385010800167,-151.00590906092282,0
25.94024443391522,-1.3560674777795023,-197.4732777793712,-2.430339804889921,100.26310164883776,-11.931144215562131,16.866661267703186,9.270093858238031,45.725486854479186,494.1469117975808,-132.934054932933,-165.8143392633207,54.3761795807908,146.59011424622946,-296.3775898874373,-19.66524125684788,-7.390520215637205,-19.833654932971676,148.1470757610876,-15.378704817755352,494.1469117975808,-170.4704561858406,-296.3775898874373,26.94468127123514,15
-37.418841064243445,86.39184930717977,-82.45395618212653,9.493861682308877,-26.10208290248796,-81.32056333731427,38.949140085463995,-16.368792983855087,62.254917708776404,253.97181389245281,-1.3382830273017499,97.14551676727729,-12.397505853988054,41.29965183676745,0.4417742269859423,22.328001211679155,-32.29357588615835,-51.410993642765064,74.8181647032493,-9.105776311726014,253.97181389245281,-190.50001315997875,0.4417742269859423,-66.57684318512061,9
21.034105242372082,-21.291889072095344,87.69213544488508,12.421024993610317,121.15205661700251,22.761141524832674,-8.7477683101536,234.7737891474627,13.997005048847306,-75.98116786030918,-138.59313825808684,-171.95500492329995,-95.11629264469136,-120.33572729538507,461.5378456726106,-105.5964207942886,63.60044157163961,-38.35044450022203,48.38535246107553,-18.86384774552674,-75.98116786030918,-113.19667457846712,461.5378456726106,-117.27620006639395,11
2.4431058754604016,58.69081463773442,-135.85401629986188,38.556542241653005,-19.03619452897001,21.686492412754824,27.083565663102732,-91.64176515611773,64.47755062593748,124.2078395971864,15.100304618266227,3.54580567023409,-10.425877024494126,52.60054405434106,-367.81902417702526,-26.160463469355886,6.236611558599735,88.3916629789671,-6.8411118780800795,-1.5667681746250819,124.2078395971864,121.8502235225539,-367.81902417702526,98.30037481544863,13
-57.19656628331168,-32.02044638944483,92.36741805459306,59.675317511098584,-114.12619868457395,22.11003496333529,33.89321275466979,45.40614351672802,0.8559590576659382,-93.32596918311724,68.46263104964811,-11.044193875040644,48.099261705720465,2.5645591350783725,-24.129547087755633,20.188248358793327,-7.149415832643627,12.434296399724456,-23.924875433876124,72.07469160191002,-93.32596918311724,-82.37692253107483,-24.129547087755633,31.72835440861613,11
-25.173821622433277,38.360895322452734,-96.15505034668006,54.32234792569795,-119.90206836118179,1.877629483004141,14.46203022835197,35.91481811723828,17.915842924890065,105.50397749963871,-6.677517465747136,-45.84107312304914,-65.33329502398794,10.126204617921015,-221.93825316955918,36.20661857260215,32.15080621746002,65.9784264621546,10.81084600992706,28.06217725969404,105.50397749963871,-33.04481797656095,-221.93825316955918,42.73069294877236,8
-37.57919285355315,11.975324167899668,15.87567095132215,69.8723867541699,90.819010055216,31.019091725990048,-15.62910912808219,97.49897001877129,79.59807367449392,-111.1026767210211,62.084576482345724,71.23781031919864,158.30319304799707,-116.81066321344197,226.57114400550762,8.064135066178396,4.868233505899207,-63.763503528311176,-75.63206899841452,-28.665231270010693,-111.1026767210211,-113.81498502923739,226.57114400550762,-6.030759802104901,16
-1.909436827886033,-90.96176803597135,28.61840370201041,29.63348605023373,66.99040554307155,-62.84788017741597,-7.845468424952223,-78.36109655678835,52.88101816422408,65.95623056096736,-27.655807867585214,-74.49666392670679,-30.006201375544617,71.36769430459725,-52.26917701656255,69.5599412900471,-63.11149381219296,-36.77265311443014,-46.27239195572294,-31.006226380642733,65.95623056096736,-81.78255887738239,-52.26917701656255,113.34392245818661,16
2.892219244513268,31.189828830393584,70.95992686492173,-23.274807809891005,-35.15806446577932,-3.803026490505749,64.43196543373529,40.95175618943814,189.416139843025,-117.28855586577141,174.6545911951771,-150.69183894766405,-36.599542953138275,-8.022270522291336,-145.45523645243998,-19.775584939779694,-12.209093200124181,10.162841607014013,-9.797284414461998,57.04164757431509,-117.28855586577141,8.183639474991825,-145.45523645243998,200.3669099431457,12
-51.45596459519134,6.157897574830446,-210.56096181052484,1.775582640202375,-51.64082479552944,-18.014530468483855,-47.35889417622779,-62.665506729919684,11.352281862554152,-101.01211372832438,-143.23303240521398,90.5172047638711,-49.697861215555285,-81.15760244449895,-162.9667235898234,-10.046965272025325,-63.74845068528429,-66.22629763204047,-156.49044077084838,34.265373787733864,-101.01211372832438,55.16455876297879,-162.9667235898234,124.7849634742766,10
-58.51600153721559,7.279834494282859,-28.982327779134902,-54.55369439899699,-35.67256477255807,-51.113309497798724,-23.53280340172155,-48.50449866481037,28.729819005180907,-42.63827827062776,21.67573867797912,-32.6584051932333,-111.34987805808234,-34.045008349080746,91.59006830962136,5.140744205973311,47.81955512243526,-56.836757070427936,-159.3612006691799,-6.4591145211610765,-42.63827827062776,-55.799356800211434,91.59006830962136,45.551854161101275,19
56.110338110613355,-29.891832405287722,-93.60154567071663,82.71612145203056,27.27494773696348,42.66123264594235,61.39205001338312,54.61590624986229,-137.25254520071988,-81.10998610437139,-116.62124296415936,-181.625584408238,137.3372429964774,69.98794329477498,-180.5274760682484,-34.26898185413194,-43.959736726777685,-197.6463351349148,5.039160964169551,-1.3567028807328427,-81.10998610437139,3.477359371597144,-180.5274760682484,148.29472844104674,20
-45.1363812727573,36.070759279489394,11.538453374245279,12.775823150204102,-16.500874405171793,-6.092511751867725,-82.70510677762292,53.870247504087686,-99.25899391338255,-220.19789897732562,-39.72782357009428,-24.65714717256848,100.81790838682252,-32.204930229442866,202.19460235680162,-20.974234235836935,54.87169582688911,-248.33486791803716,-151.68340220163972,-28.901409026775116,-220.19789897732562,-165.32498805556577,202.19460235680162,69.70901710396548,20
-51.883153044018506,22.533620105360406,8.151455641452818,-71.47548064446408,-5.395098861751335,6.710034149863859,-20.109602353000348,72.04253075229623,-140.80793148981647,-198.42006385130236,-75.9495968674443,-52.33313290609906,61.96142157676995,1.7020631511886108,98.9397265874524,-30.30778548194465,50.06896763792642,-107.92750406780544,-138.55949117839836,38.42986929901966,-198.42006385130236,-20.74095908042029,98.9397265874524,29.279718818914596,18
-28.53281887065368,-3.0689156120535843,57.5713140228115,1.0216640425933603,43.9807586523076,-32.53208027535497,55.98823017903602,-96.32807311368012,-146.25556085723045,-76.25994522682319,74.69632620538177,-19.039593799732913,-115.35350884382399,-50.7786913197332,227.5732584834378,-13.402656098867997,75.6418775886874,-59.91368110130479,-19.959055483030667,-60.73607158585997,-76.25994522682319,78.18192532212313,227.5732584834378,-20.17267632623305,19
-33.8852269925762,93.31684347857654,-82.02047925751357,-37.612627549160955,102.01003015782237,7.428626576603671,72.22450925831416,-75.21505299913107,-42.56646883729006,185.4742758345156,28.609587866840833,-124.39744149166863,78.44439108947681,-14.011876632564713,29.12834667377199,-30.189301393041102,37.76882237833067,2.4395276662572885,-77.188711945999,19.7629845079914,185.4742758345156,-10.146012200251135,29.12834667377199,-37.37752370546194,11
-32.377338990901926,-13.856641318630547,38.038534775683516,-14.672244302142037,-193.83294876422758,58.973774993212174,1.4652996677827659,48.58127560330853,94.59891647180922,-14.568019349945477,128.86334823079852,-18.505847723299812,2.1891040965488617,23.042565308575202,-64.56503830462556,10.432079586995913,79.21394806833896,37.363364898827164,-68.87993599544566,3.866853020729546,-14.568019349945477,-91.12307128092665,-64.56503830462556,-23.328558077555925,16
42.608095333086226,34.00197462141126,2.0954715071497443,-43.77841947328852,108.729700149829,39.81861409211248,-95.13416183901944,4.421750546216332,-104.974262173444,-46.029633651924975,-58.972361152110935,181.14971012937264,-39.36790149780044,110.18418810627233,55.57152063256994,-67.282019577245,67.27969198609225,-8.139464074337255,-110.73577077780477,-43.00670112267623,-46.029633651924975,-5.985133065041124,55.57152063256994,17.606576089269378,16
41.11769183993361,16.95464174845993,-16.708691277735063,-30.260976300991285,12.448737766203122,-17.40876452153467,38.13928645460776,9.899142064125401,35.37972203290353,91.4981421818919,-88.54739524461581,-115.9094232545759,41.97189589361788,-178.1400570525617,27.689568468494862,30.696774853946383,-7.35858546227401,121.9981360324671,138.72669840113377,-1.016148800543624,91.4981421818919,51.13753475915392,27.689568468494862,-84.96609990861954,19
-23.94465744817124,112.3179421938386,38.567041025720094,-20.55364595661681,-47.14828892559388,-16.772737654095238,-79.2123853354529,22.36641246795316,4.062888915739289,159.27890778690403,225.24232398412963,37.76257894586006,49.525163162521544,81.80822714447189,75.90231166400392,32.75908194606394,17.19785815481325,18.990705003081136,-73.59951553365474,40.63117799618013,159.27890778690403,-172.16210054961982,75.90231166400392,-83.05300244559305,16
-35.25987210295035,53.29766905701953,-40.61720198699825,-57.261591215623035,-35.7806017156543,20.670413908724086,20.216310337036667,-77.53964740754567,-147.99001682074785,38.11640222136268,2.6621953742063997,-6.958458279863331,-5.7553329542401865,-87.67622544167943,-96.31171857153035,9.662494025647227,28.220851824345694,-27.83840360213095,123.3445697888424,56.8959522968527,38.11640222136268,-2.9243034080882158,-96.31171857153035,86.77544730517631,10
47.256105127574,-114.8336094177757,125.27957227258531,-14.677324681872207,113.08327713289692,-0.1873895167589027,-12.418120937313951,41.34950601419382,59.11290360755003,38.81796186924647,-38.298209979379145,118.11158219537552,4.440295121391671,81.71334749849827,24.174769762660972,-43.984947174064345,7.9659030537996,90.2589305124082,80.59968067906773,-36.180120061859654,38.81796186924647,-68.6373659610125,24.174769762660972,8.6611181742642,4
19.429321996560557,-7.497087430769208,20.00815383914615,-45.17613386557351,40.699143452926535,-32.24778658016801,-41.63297397994624,-4.441847757014785,38.0595423676715,-88.19825103161071,-55.86119421509109,-119.22376324890088,115.33937247604605,-108.93788458772397,150.66844609367112,25.672701794267603,-61.60482863473721,-78.22578013725132,-73.94376668519797,36.70507760552172,-88.19825103161071,-52.424373501076914,150.66844609367112,6.414064081159134,6
52.61168084035773,10.561817976471474,106.7207571161625,-33.90153650309353,-76.57501644539238,38.356548705667,-109.25396120613811,-145.22730213795893,8.536795420416645,-22.799505115451417,-82.21541735800176,-87.46714312887237,-27.849545930019204,72.80386409085392,92.65891645168365,31.707814353417625,-32.877667102962896,-14.77930625078069,-92.0723716073455,-28.56357521971033,-22.799505115451417,43.84818579588593,92.65891645168365,-116.20149827184905,6
15.251562307363953,23.220048499845284,-83.6624055597788,8.198467512394707,-109.17729207216844,-42.832627862153444,1.2181206028862466,-208.73937186869742,187.6685464487287,126.39177723518296,107.29472598198456,-58.30341753495209,-69.34278226395874,-91.92361441534214,-162.98632807227057,-61.13345619441894,20.430127199222596,47.01058446945101,-98.61000160280433,6.391261501120375,126.39177723518296,-6.925358120741318,-162.98632807227057,83.0587608161941,6
88.72684621459369,-48.4777450460369,-54.450288610351734,12.72014337135044,-71.23885699557712,32.77205477198748,55.9655041535209,18.334721592443227,66.77938071647814,29.188469384476864,89.48606615876356,-3.192040639517426,16.725311768502937,-18.060018774554333,84.44091797910367,-86.40193541280601,1.407725961447084,-70.03371260427221,-26.486556884842322,-22.08242869106907,29.188469384476864,-21.223926649908464,84.44091797910367,-98.75856910325436,0
-21.136183217433114,-24.280746873991838,-79.6358628200424,70.62040049486993,-120.80851147717382,-2.835591260758021,30.961779842538,41.769803208047506,170.7540587656698,183.50657949248102,43.23520899168214,50.897995187361346,15.863125360551532,103.23572611855852,-463.1294321158503,47.4066564921229,28.399947753929386,140.8470207379126,68.64504085138736,90.86738233452671,183.50657949248102,-72.0791330860503,-463.1294321158503,114.18095583843049,15
-1.9613806889523733,52.54015742066172,-4.116264390515583,-15.207295408759585,76.7571065260548,54.569214022548174,-6.740068181724102,-31.54415162564809,-75.29058733533785,-22.875967232483294,95.64310255255627,24.85003887558549,-139.5678623898024,32.91251974057004,151.15549815482493,-9.55020774174822,-63.612612388463404,-93.51822290696819,-65.15260316929358,-75.83924311764068,-22.875967232483294,-6.484539320428175,151.15549815482493,46.57849096869018,16
68.65771898102875,74.2533830526811,-59.80475693840651,-84.67462558435057,-39.979689866618116,-99.06902443562502,-63.11132626292665,43.81215717272195,-49.63704281704048,65.73636597133319,125.99792691251,-119.92443679938907,-137.8757191122847,-11.444252413378937,61.27199999768103,-27.416456002834796,13.905702627776728,-21.433180570858028,-87.8104666318269,0.9798282009300379,65.73636597133319,-61.15389404760393,61.27199999768103,21.20503163178551,4
64.61152208106148,-59.38600546248011,-64.35597477038277,10.304504393383576,-12.180003693077976,50.956082216124884,-41.89712315493699,121.79767999927941,-21.59067569634642,-0.9654086579159528,-16.950782346966292,-78.47953659008468,148.78436279251846,216.91525077745993,-413.1816960423555,-40.874423065661446,-10.337889590274049,-42.11139610499668,102.98081747353191,35.87568382359046,-0.9654086579159528,96.31696025897561,-413.1816960423555,99.49957964430021,13
1.6556110701581432,18.340629246553878,-28.090772126537775,-0.8267396050465656,122.04373591263659,-21.018095125944967,44.201931456218915,-7.279353866119056,-39.93429403638296,64.1262792349527,-115.9493525874967,19.810783793971957,39.89370875164525,-113.78903407659367,333.4511874066104,79.40696842826009,-38.82227613913502,-19.405760992902906,8.59008914413264,64.03308822282037,64.1262792349527,7.263155908462844,333.4511874066104,-204.63434381493107,9
-14.308838864898746,-21.07917538495964,-156.80409281100717,-74.25655745711094,-46.31972940032636,4.615058771592972,-29.904961266301825,31.6587767413905,19.38873467021186,142.02877063192813,-97.40264620875675,-135.932636089809,16.696772007667434,-56.20622316392428,-190.83254366885586,-64.58249064263781,-8.49706930818183,-75.82722815253491,66.72974786850098,-32.014842467786664,142.02877063192813,-137.68883214907842,-190.83254366885586,117.7829023965864,19
-2.822374919638511,6.738164131671741,-5.815957722796701,12.715896403665962,-11.446619095657518,0.20942392865366252,-94.5917970864962,-3.176971277833398,-53.685351803739,36.81317293202573,42.40040350200802,44.72336773050814,-16.80588422763617,-24.029088345026878,229.91598894016664,0.26649480495566513,-3.5975748605911666,-126.60780521257391,37.36130626641972,29.523461211230195,36.81317293202573,-82.63698566680743,229.91598894016664,-108.71917282651283,20
-54.68617038701404,26.691438328257085,119.67600062881164,-30.251615629116277,-38.9184834079418,15.123533464281905,37.46704467017451,22.420232891057886,-1.441128756988883,-8.18053653796772,-49.67816781137835,-29.062884943018787,-49.56644582387227,204.75306028018787,-224.37318464854496,3.4713114081519905,-57.37446962288082,166.39669778838297,-14.748909604962819,-44.07139030087315,-8.18053653796772,87.2578706987347,-224.37318464854496,13.213532446924932,13
11.163451745757358,23.879326605487805,-43.21295050825526,31.225454552111785,57.004460476772465,-2.606104672781933,108.88144643697782,59.69352347699289,-33.40843950458984,-58.369196169051605,121.8022695169828,-113.82059728972774,-76.79865908481821,6.581867962049746,99.97199976130509,-8.49043756389804,-32.91695386652064,-69.22441192497818,-56.25966530796233,-4.256179980962463,-58.369196169051605,95.43258758585993,99.97199976130509,8.061256073778758,17
-101.5604857815547,5.045576315147664,-19.553949730991782,146.74123461515597,-131.70886409687802,6.554406270134381,-12.958848846784543,-20.57062244936199,117.90571260948002,60.46365360510035,64.88581409266976,40.739629457578545,-36.27769489860407,122.37806362109572,-219.61825361695148,-19.54584252681935,77.76190002481732,-12.036900284182304,33.53467957069392,13.832486817292098,60.46365360510035,-17.26043117608615,-219.61825361695148,26.44235892915168,15
-64.26073060313581,-13.515898151742757,-102.7765985422112,-35.81257466288518,64.32693140997324,-59.17180757192955,-13.472382656702933,8.98507367969485,118.78202388876707,261.25416279037614,77.32077415899072,23.226080615983776,35.05653466270661,2.9533051783426423,-56.02471237300413,-19.64097480705036,-48.17422273699763,-14.7224261959207,73.55472784846732,62.66784113033402,261.25416279037614,-147.83584129927698,-56.02471237300413,13.415752421537928,0
41.47338022951911,-15.698578778893229,44.06356858712563,48.55506942761738,-77.18277925432503,19.85808651942476,-73.6257694333922,-89.80517395870734,98.81905881113406,129.4398659748255,-38.08356911710767,89.8972460336541,80.3783473943422,102.78169918616874,-404.242362255444,84.76549452248108,49.03655894634731,210.7099925280701,97.06352444404571,98.24047279350594,129.4398659748255,50.993575947237524,-404.242362255444,37.14433145574218,0
49.05387519608568,6.861344883709231,-53.507842442829684,66.94740612374216,45.99928682213858,83.76989785258468,-0.6531477706105135,-15.380024214454856,-15.26917560105748,-165.57492679364117,-11.496877026797158,21.55146621379079,90.03895385147379,-101.64651287303471,-48.80095775802801,98.25769816666735,30.339725758493515,-29.40895114950137,-4.398385476644018,52.387859737917466,-165.57492679364117,154.79865135803925,-48.80095775802801,66.96271292998031,2
15.978094006164005,-1.6312166433188333,-18.784403765309992,-27.753027907713044,-76.38339808286197,51.09939476620756,6.75762414737957,84.91551089284593,47.307050952096944,-90.43098904250684,-18.86706819021328,-54.74369380454439,59.70139362790904,19.189386716895346,-239.32255816676434,-28.642347909913518,-55.44152368112073,103.26150006096917,-82.03458534121245,-62.45357898108548,-90.43098904250684,45.88811493855596,-239.32255816676434,84.08567911794863,0
42.54454102864087,-20.693567394894448,-95.6264178868638,-26.826845632772688,-2.96291649471498,15.261849566156258,37.07746201267111,-147.5657668584272,62.275225855970824,360.0984224790408,18.183747860116153,-29.888576553023746,-50.49407623298423,-62.59377024194883,44.9610338908239,51.92278491845576,2.993236031298912,45.1376942389355,65.13894107892743,-81.93208306597562,360.0984224790408,-83.21977757141916,44.9610338908239,-129.4997734720799,3
-52.1159576840278,14.539060334742231,133.8211380345064,-31.12258505736472,76.63338534785298,47.35621659051652,-18.365157904381714,7.218107008437218,29.176695767800084,-110.93488215079562,105.41264546130904,-90.6543508838759,-147.63010856568778,-20.168316045008467,388.7150620389839,-60.7163317253191,16.796072117760186,-168.87846365604736,52.46711853038576,64.35790017454185,-110.93488215079562,-16.720291638765854,388.7150620389839,-33.75117686934671,1
24.740504341999664,-33.377814451942065,-55.052383281885575,-44.15720933308187,75.95745982025005,-13.385377549656042,-47.3072972140441,14.545062751872958,-66.87791146265201,40.99760919010018,-128.2011024044937,72.85662514917519,-30.201280619569935,-16.448912244425152,118.90694464354692,-19.608671469640356,-28.164906287955475,-173.8149572622501,139.84517194353154,18.793157362694046,40.99760919010018,-105.82151966659029,118.90694464354692,12.08973214427937,10
13.191635313024236,18.822010164886287,90.8095433854759,-34.69661771729391,102.77162708074971,41.882584269830126,7.296003405629833,-140.22614281073476,8.026919740619904,54.38736817688894,94.36602998089501,-60.60129303727824,-46.34780452638181,-111.92236726752995,255.85558040922578,-46.5167857955236,-47.8722113238798,-14.586130256271325,-38.25555108163864,-5.963142411279958,54.38736817688894,-83.34398859842332,255.85558040922578,20.957066931618627,19
-16.432038895583332,28.55519208325922,-120.12159398919509,-61.307114880465,-20.899542211958142,-14.594517624633562,2.1007015075129383,80.6135823941141,28.197302205620403,-9.264944095167383,64.37321408009592,63.576594999481706,82.41693109904018,-101.03157099499724,59.419108784661745,-21.970822820911554,12.341335551615202,-50.29577693572556,-12.772671316620174,53.323544049578125,-9.264944095167383,-13.140021006474512,59.419108784661745,-58.01363005447223,0
-14.665170706064767,-23.903960154077755,-67.67244794276266,-39.98732759800508,56.30307016034146,-37.68031788633542,41.64703079087069,-1.0202973622124611,-9.145106088647083,231.85882132507228,-28.61743027924333,8.583362667241975,-63.597708025760284,81.32558062992202,-14.357784079007283,-15.455036729004657,23.066369381801735,-51.11360024500691,53.14295069373614,-71.33512929803324,231.85882132507228,-158.05293999836024,-14.357784079007283,11.690464344711007,8
-25.144024610909636,-26.354006490766157,-25.207856602762266,-25.14259228535647,-64.92675980302192,-7.009482842914353,2.865677962539559,-32.29899362479949,-160.78948228965947,120.36103952294508,-102.46602979008478,-24.26002279009783,117.031470181947,93.73493440855592,-225.2520725984797,-28.377267314745367,-38.32678890310334,88.26000722631468,-22.73528496958199,-11.78794687300087,120.36103952294508,-18.923084308956888,-225.2520725984797,-25.454353891006505,6
19.46460729200352,44.21719893762004,0.2384021858342944,69.9676833589476,-107.32842449551909,-46.633156569081336,-15.072687905525317,-101.44969983381081,96.2293734847652,106.96299306413805,46.18496000067253,-159.89845996356556,-159.96180977795436,-156.04640112260836,64.26766124818494,-6.550795249503069,-40.90012113824454,51.320517309751565,-10.887435265926744,23.38628126129587,106.96299306413805,-76.30568494608077,64.26766124818494,11.488845638306806,19
13.669749960458041,-4.8465404879797775,11.62675303933745,-8.964756309944619,136.92830390633296,-16.45003863965082,-38.447440040990145,94.29751675729712,-46.803347988222555,5.724923900469555,-53.23588351782091,95.63501358361691,-28.58134620286153,-44.506554196198785,263.7352507378429,-95.26504178046751,-46.047099094917144,85.3641163732781,-105.8446650083695,-10.037915121441934,5.724923900469555,-51.19134113022984,263.7352507378429,-99.80800349017088,2
66.88772690006044,-11.685626018102894,-154.87132173820254,39.076039504956036,226.2632418694144,-71.81226700473846,8.705146708552471,77.16473560913781,-92.42075550210475,164.9907125519955,0.5527953724814161,-124.69928765766882,-53.44864241748116,125.02641335463892,1.576863075979133,-53.72008793658692,47.67927716376292,-187.97297982894725,119.16570600442343,-9.881345947187363,164.9907125519955,33.39355871550624,1.576863075979133,52.7398735946783,20
64.19423311164755,-8.910781499766726,38.560959896653756,-9.075525899480501,-116.962945205165,3.8374112054888023,-83.8989821254627,72.53957148883242,-133.3443227470168,-147.0274831210988,54.56935343755495,-59.00700582070947,-41.78213202058516,-101.89713025365627,-81.83581597811292,-58.39811679092034,46.08625297637861,66.88378969176586,70.71453019951113,-43.336139063589414,-147.0274831210988,62.68712383813762,-81.83581597811292,76.93982393163664,8
0.01165905576729704,-11.471878792724004,-94.69475226567641,75.96289441230314,176.99579511119939,56.2647385510199,-31.23133686531419,-62.94789988791793,-65.50931715057874,442.3018309993736,101.07975579371589,-91.38113992409076,9.483512380372856,136.27190926966796,4.347206085951293,-40.22632714372389,-25.942013829360718,-96.53797938219935,150.47416376876728,10.527991478656594,442.3018309993736,-131.2572789059346,4.347206085951293,-36.39327310027427,8
-7.579710606247547,-22.361716441757693,128.56656714927828,84.34110242511417,21.282447211856198,-8.114114105279322,-31.8887342947844,32.951262869999496,-1.3764167074745792,-238.8055845626037,-41.7841269371932,26.96390209017845,-47.73704734115576,52.693078515587324,156.14202509283032,-25.34498144566253,18.405611492335915,-94.3393309970933,8.385994639445222,34.18481703698567,-238.8055845626037,72.10908971478065,156.14202509283032,-4.998849747420593,5
31.1300818532651,-25.025287008831345,-18.657191455549512,13.174935398983775,71.31170669810952,58.163394124239446,10.224288745701799,-37.664488176958876,-42.266673067397065,117.42121367033816,-34.30829718138576,-4.472333555006882,24.641066371675787,-29.26861370158373,239.35393936288332,-7.823296711043418,15.035975232404972,-149.91292372883936,-0.6541010116231227,8.432719302549605,117.42121367033816,-190.9613533149171,239.35393936288332,-50.273387623603796,20
52.28870696965571,77.29302951047698,-142.41450799624477,-25.554610732499587,-81.98152150889041,20.214216718098253,104.8243421859147,-90.78509497641812,26.449908257961255,11.082530306459386,94.5622484148162,-77.5713946555581,-1.7723615508362034,24.278150070162976,-71.36818931217218,35.84873052475294,39.02153990808434,-68.73328525321693,-127.54885946292902,-66.19211974232147,11.082530306459386,173.09265484758353,-71.36818931217218,-72.58900071835357,18
20.285814773742764,-41.5689349916541,-14.721671688631934,45.43464329821404,118.18187907444997,15.606294049991842,2.199757591532069,-76.27349736296947,-67.62409381360703,66.72362244099484,144.59615667569892,85.52217009879061,-40.299552887780905,-72.41430813012494,263.0031278628242,7.771042928953546,-4.502674699626188,-55.779187839573794,-2.7389592040770827,24.98604126708418,66.72362244099484,-2.34336050845394,263.0031278628242,-62.521641026449956,2
17.44586275133462,53.54498015961886,-40.80588140201088,-2.7939781017804894,199.30800140886774,54.122047503966904,-11.951063909869326,46.8438666795103,37.11344345825006,224.34921870687074,19.571106416572373,11.936279542491643,75.14543428794924,59.3854942516449,-73.06856306332088,-30.27621502898655,19.624736511605047,45.91974812532058,124.21934522792269,-32.127257586430844,224.34921870687074,-53.49867008365601,-73.06856306332088,31.397233755340853,10
-47.94763703040842,-29.70864885842198,-157.07417505620143,66.30349748775603,112.12319724323747,21.686067559586885,-28.1974797695014,-76.3481285771324,55.47261670949545,490.15432708219583,-40.50271145051298,-86.60150353875133,83.19148817270685,35.54678556559951,-95.2515515688587,10.809323069558015,-17.76611336931672,92.86675677516911,-20.763341972066502,-33.5077512118818,490.15432708219583,-165.34745622090625,-95.2515515688587,-79.56823178719104,15
75.38223429027893,-21.97332297393761,-167.3586312305698,50.60165630779552,-16.3941802052181,15.34372254767887,-32.99781509129994,48.71290879413459,65.35690320739957,137.40311800193817,72.70756406295985,117.09897596908853,2.354466854842583,-60.24931585348913,160.23686205934388,-19.46018471895037,79.94416386474975,-51.85419557635802,-133.32757089535616,98.34385480753086,137.40311800193817,-141.13924336392233,160.23686205934388,-119.87570319721917,14
10.374054458988029,-16.44993633106825,16.077331370627626,27.493801032252595,-0.8796603480775778,-13.719983431336505,-106.73736701662466,138.5303207623055,-65.22304958634103,16.296269118091697,-47.058242465737486,48.89026767681241,-45.16461177892502,140.38886708942388,110.99531951089375,64.19059778291175,3.3418063860358167,-50.27055925713745,53.585621065754694,12.502862561626472,16.296269118091697,-18.13048299404074,110.99531951089375,-142.331517596215,18
-14.919312722254055,-28.595242879946667,58.81792091012891,39.14256477370853,167.61667829289388,-31.93979448124939,59.02179420361836,51.86460964532428,3.5094638329647143,117.65196192980602,-206.01351175905165,-105.77041215111059,-104.44515279675394,71.5806202289038,107.0863937929601,-27.034473342833124,-35.88685816856363,4.587002714636457,75.98521360938535,30.031296953573367,117.65196192980602,-103.81661126665655,107.0863937929601,14.040195859722417,5
-8.030415584617668,42.09095769543359,133.76440827612984,20.37845115772126,45.70906096362188,23.219095857186353,-26.50929710865387,179.15710767627485,49.25649874288741,-187.17038351358266,9.11175714538988,-109.19449912456714,-21.9077723573203,-76.56755831300924,433.89900232270725,-7.051496973168941,-50.134608793439426,-27.230228573671155,-45.39972604570744,0.06128000513621998,-187.17038351358266,-0.8859778063012058,433.89900232270725,-164.28206593508378,12
79.6482806927783,-7.660409844729349,50.544503350351,-3.694690086372996,-158.2498697889352,101.27055733648318,-1.6325590241944576,-43.89611810192945,-141.3278593688469,79.17512577586561,-64.86644993165251,-84.44927176048995,-116.46775687750919,91.1403891955206,-70.02483404340703,-44.339693685862954,-12.035340861363812,19.35752833170882,-3.0809115606541004,-5.298165833165123,79.17512577586561,-86.95015419397163,-70.02483404340703,-18.63634763772592,6
60.30269773174753,-13.665350565068024,-31.974151402380258,-31.130706271764392,-78.75957770322854,-30.471423468461083,-35.0159366762048,-33.491346702084826,15.52363602902972,-196.02564302905387,36.94405399985301,-8.984150111051893,-13.170611578027147,-91.08081934382085,-87.52833036020725,-56.04705089888096,-25.181806121898504,-59.90322682953904,-61.82429343465167,16.943650537411056,-196.02564302905387,61.970714727521255,-87.52833036020725,141.6062312996251,12
-33.88416423728322,-0.9332894356608524,-117.56499245706794,-0.4542870185856895,54.610519328767424,-17.169158422783614,23.59092798109115,-10.011654138130783,19.89144091804475,139.8182096058141,127.0749935221035,-31.72976690118654,-85.00022259935903,-26.086395626506373,72.45593614098227,34.93007872260267,-36.10203627361153,-35.91465044291624,-27.410566922780973,-9.66919979685881,139.8182096058141,3.8729862113276514,72.45593614098227,-25.237406766885655,4
31.728271790247714,-66.74242231650878,-0.8386806063357177,28.376086914895637,-112.2958345077953,-40.59942412898762,-5.705545871802263,85.49150927253352,112.41315373517529,-146.24553230240355,54.8127892229673,-60.31793531314949,-137.13242052860545,-75.61781635548638,-53.61034697226362,85.87209340298978,-3.176507559033151,87.33246066899129,-53.874669366501905,30.497173433973014,-146.24553230240355,83.05500027092026,-53.61034697226362,49.964976307132375,16
-18.140031596647354,-0.0849386325750852,22.5715083247417,-0.0792676387434223,49.02965665391398,-1.8902627020824632,-38.25145289955094,-97.06880320966843,24.990110328105054,157.84989927253966,28.12220555614592,-84.0096413240482,21.84951123909249,33.78551217358776,-103.22684292027078,25.93132206818538,-14.838052691474653,36.764327937891,60.60989374130848,5.300333609581928,157.84989927253966,-23.40186647055324,-103.22684292027078,47.783183741951845,10
30.63004169938435,-49.75803526035632,-35.827089562642655,60.05172184929387,96.33367367080999,24.206284839689655,-63.099900256304466,-85.51561488554752,-187.57968391741286,0.797471165390793,-52.7473302113625,-164.3959371661245,-138.54771145172631,-117.37776725233894,131.78571155723824,67.96712939117161,27.332245109589095,24.91886257327628,-122.76096355691917,111.15862134367882,0.797471165390793,45.74830698151851,131.78571155723824,70.29517827714508,10
49.81532012897812,13.781092494494342,-154.92228997284968,3.0294422115875053,-105.30161946951907,-45.41893870824573,3.1236679343290508,64.33114435917501,-142.41792097564536,100.20283369830223,190.6857185893113,-106.88571184550169,-63.81111322275978,55.74891868824651,-110.81275715552209,38.323637852554256,-17.392883953852003,58.823818236577964,-126.20887026286267,59.39178673262571,100.20283369830223,117.20709994528625,-110.81275715552209,-80.14179670634437,4
55.59338904015027,-75.39278955246532,-67.30376684422649,22.16880280523511,-23.871241382175068,-23.30689647531684,-55.0516680001257,108.80020901016678,159.91833252551982,268.4103931289327,144.52997374904842,-48.08920028535417,-44.758643031880815,-11.04942354444125,45.64825350601253,-23.366276263990468,48.63766899992304,112.7948117947998,105.8946699109063,-1.7285001452366582,268.4103931289327,-21.594785933019793,45.64825350601253,-191.42526601241565,4
42.11773851318248,28.704036003477125,89.38314495743978,12.971271921940676,-159.4074348059167,-33.710340950543255,-32.65385987251298,-79.78948551806272,-52.511949244110134,-30.119334149794955,-9.439739623659671,-38.66552339548851,120.79326488567585,57.732609487703606,-139.63192011787137,-62.763074781854286,-22.236763739667413,2.569360708818893,-23.390100376840223,-37.50499032962057,-30.119334149794955,-51.65930304698314,-139.63192011787137,4.2948163649117665,3
20.25540583795056,-75.30379962712452,-50.86761885343175,-26.99201444258176,214.02007800250868,-44.810230067875835,74.7798640914052,-112.70517888591513,-17.081017169466023,146.9384625367996,13.015206589229189,57.66816539204083,-59.07791735344748,-40.40455341998033,145.6292311803957,-26.752960372301313,73.20216804221793,-44.2802548200122,-68.1371089199166,1.6985919385775505,146.9384625367996,-113.54237521296191,145.6292311803957,89.85818428268273,20
48.55260310624733,31.52839981126355,-44.9851319324922,-67.36221978579232,-75.73204639362308,59.50934363841892,-2.358049036608544,128.40077175160135,76.7009582621721,7.848251817403904,-62.53581555801786,25.811966669245745,77.91767177200795,-54.44358277451105,175.93020803090883,-56.10567189407311,6.7974725401953116,-95.25568536174141,72.10497991464354,58.75445615736873,7.848251817403904,-86.40683634880718,175.93020803090883,-186.7388540769457,13
-13.146220370402432,-55.60736401423736,235.28301472594444,35.269531634298176,-34.1832261448379,37.187802790081,13.122687013796735,-189.8661453514719,-5.018783354376137,-257.31343643789603,4.137134718287059,90.7823746516043,-99.25760580135099,23.345166255674243,315.9268774926816,61.155371200711855,-15.236951412091912,-62.238680278174655,-202.3536687154783,14.101705704436789,-257.31343643789603,5.054586304373645,315.9268774926816,-30.82150489181643,11
3.5522406493810688,-16.80646245590497,-45.85859435586541,28.33457193348601,-185.08855134839195,-11.752026710792418,-16.662989482391172,-33.97478369895458,4.35527902646252,-51.93798739685527,68.0432342392837,-21.86915496598929,50.92977948263631,17.26985065274149,30.74908681247104,-18.304261506170885,78.06894853203424,-145.94622356292862,-84.24316990960148,-4.575573486610392,-51.93798739685527,-23.493588150104195,30.74908681247104,-88.9442586142517,0
-7.223896667947669,46.30479047995675,52.39519929823223,-0.1832752460063814,-111.9888983706739,13.392870805466611,-13.833810353255878,-107.54152651082414,-188.00622734717194,-16.571401306647257,-1.1411788330579942,52.70285515553624,79.12760182426345,34.59517628793997,16.064760308943946,52.209848105205474,-39.33403407531152,-70.0292094111187,21.405950045740354,4.803466166470102,-16.571401306647257,-18.615865345877907,16.064760308943946,-68.93959989141136,14
-6.845670914060768,29.775802720383403,-1.0230918798003596,-56.382206240456256,-57.6273003546664,-8.67699122927801,26.611632336999893,-146.65332125439232,98.41492009765093,89.95173160862458,-45.95535145716303,48.220274260504,44.42727044505893,24.17451521980944,16.491745661057035,43.9530817749409,17.632261754724773,-104.80139728718197,-56.11769620730682,-47.69978547820959,89.95173160862458,-162.8277910428797,16.491745661057035,-3.6644331408810515,7
-26.488511692484316,-5.732638498740982,-152.19602986008945,73.91783886643985,19.32673942104939,-26.558588430556405,-21.734703394011067,161.29146889703384,-154.35289107672992,-6.059027015678411,-171.4463289454453,9.925649544073147,70.47654455934108,36.93215644083368,-365.026479062879,-38.006474140806915,57.9550911926502,129.66515276762408,71.32068403612215,-44.08154084322439,-6.059027015678411,147.79884666642747,-365.026479062879,68.72055127969901,13
0.6366569690492007,121.657126566743,2.7345137971169198,-34.567689294762275,-70.39720233787864,-44.41426333009535,16.113221332734863,0.13355026148958338,-82.20766797498047,157.2157289013303,-23.966112557745927,-62.599808656040636,-51.931972289135686,-75.64858204093728,-86.05438899400382,-51.67464666084655,-3.3139472003819774,117.21769860543183,103.38065040471224,21.013072466945005,157.2157289013303,-108.06796528060963,-86.05438899400382,24.916985005976542,8
-68.98153341000784,-5.927425950778692,21.130058739908087,-34.83532705966876,2.571646882982659,48.61892675528075,-0.7375909257061742,-37.32545463887285,-319.7031701587338,309.9981768410818,-82.61612393386143,98.72407299322546,-81.5752145247296,191.32997425010234,-318.096587850265,-8.475976169879685,-57.114279270620436,269.8558850041459,120.41571513891495,26.902789363907846,309.9981768410818,-19.47592468590991,-318.096587850265,0.8915297607894601,6
-38.1492495437882,-98.6270200333901,-104.0787326419423,-46.27311029340534,-43.9387474917926,-51.811046999362006,59.43386016788467,137.02134146767992,45.95267104094121,-81.51516772877272,11.92854867587875,-95.69956499933092,22.37496706236815,-96.83183932722521,73.85426235012724,7.53043413150483,13.662212264900111,-131.38236959516826,31.082969782861262,-2.272670258089377,-81.51516772877272,-4.105173655939138,73.85426235012724,-16.670073433438624,19
39.098240518045536,-13.217559005203006,9.633606402067914,-23.020135773395737,9.046837448297156,9.673161992992918,12.923934292310344,89.44597793639812,247.31279931310723,-131.00555379529126,-51.61924271780697,34.970218076243135,-35.00662919280772,130.3551575185233,98.27881194454648,-33.30517617502736,-35.33805288458983,-107.22050205366601,-107.34879823964326,39.630522159957934,-131.00555379529126,27.151338429625742,98.27881194454648,-70.75860687241855,12
-31.242131974152343,11.619978374438569,-5.966713721073669,-22.80522572700367,-80.98226423332068,13.447918821538185,-72.73554788289448,-83.83237510138102,132.5396665264568,42.838982726477354,96.03440749461728,-44.4678662613923,-61.49951427292146,211.86849819361228,-275.47796342630556,20.306076692888023,-2.5248162818793203,-23.933584788811018,1.0072405992229072,-3.777525829621438,42.838982726477354,125.88964033770861,-275.47796342630556,40.610148700455646,0
27.20913084987743,4.889150953213377,-72.94194676058783,-37.36708959706098,34.29114300986567,-52.313451601754096,-39.717075204467854,62.26747665172535,-59.81649968142769,81.82738928223849,-148.62275690014908,-76.67506997332387,-50.68084565735866,66.18490580038116,-73.29530616850425,-73.19104743948603,-19.614249622635654,-40.03192628422141,-32.28821376332107,25.296446919003685,81.82738928223849,-113.04870283282392,-73.29530616850425,73.23026489986134,19
7.871957039240081,86.32542423436664,7.024185441384123,6.653499416618029,-39.01961457098434,44.87398837687688,15.403336213628421,56.13493421343338,-64.52382641654461,-151.37899320253047,1.780345874382201,-51.05817949433428,-71.19946174936742,13.05356620530465,96.02983019246025,-7.600418253498735,-5.857249003522415,-174.82916336156273,22.95289430403912,60.035915802000794,-151.37899320253047,-3.6837795219144187,96.02983019246025,41.353821336191096,9
11.403521397028847,-98.16557250539701,-183.10361947449195,-6.053298419691986,2.594597047281191,36.07083205494996,20.780692540071737,5.74658684339358,-89.01262479415179,322.34888703602564,-73.21218604654786,6.407708591022043,-139.8907993708191,90.44965028757609,39.64431961118712,19.777815369505372,15.553208437607376,-27.24381682124319,150.5411100357851,-26.714207725127224,322.34888703602564,76.3595418442481,39.64431961118712,-253.1540425520184,19
-102.29955933621994,-21.998344626439813,-44.469893414443995,-58.487814570159486,-121.97596009685357,-35.74984402006142,70.89605202641191,-199.6485185252072,102.47004691781129,285.45029690448644,-25.51512555114695,5.820575315840548,40.2111706790971,95.97090356183384,-441.78739925041407,-72.01917099215888,2.219696776763846,176.19288745424555,140.35738513277383,-24.934895704070467,285.45029690448644,107.56632659039626,-441.78739925041407,-35.678744213402624,15
-26.359145499206615,-105.89722464738753,-51.096935318713136,-16.66131226406883,44.65168731742682,-3.429297814630688,-48.02607366606999,82.92363799482473,-36.415202764221725,-129.4495742906049,-28.3689829496962,22.791488884821156,212.06365173488553,-161.89648574705015,24.68268901437801,38.069164114317196,-66.76175552537943,-3.1456605809725335,105.40509661276892,-1.8793001383923182,-129.4495742906049,136.33727374890935,24.68268901437801,-54.63084634174004,19
-26.74432133934335,17.099569756938763,-112.08984610988425,-23.38568512898582,-64.55052808531329,-47.093215121207905,28.004163293452756,-46.679456336900174,8.704705146602985,-200.26595309549282,-125.09867775188908,-100.63112738001038,-107.68929729152137,63.06205987676524,-141.96102331319204,68.00451199445651,6.6648667714118695,-182.65972504997347,-115.82980684583994,12.08778342618677,-200.26595309549282,149.33856453693514,-141.96102331319204,125.38962689856231,8
-44.622912730216065,15.80053852263707,29.29064129091337,34.08133720358352,29.011909374393152,-4.712439077873502,-15.819207689846586,87.27033955106364,-22.18829143651113,-240.7876738034425,-1.7917248885164216,-42.18148752836646,-60.69459657544685,-124.2441126681494,256.79482102586906,35.81992723183807,-37.24181047272939,-137.42667284363142,30.32477350545932,-2.867477010398835,-240.7876738034425,50.830652806567684,256.79482102586906,10.15363201277875,10
-14.607056011968098,12.105129125937443,-203.94525523970745,73.34271610699321,196.03147962433485,-51.2143343172821,-50.96658788468333,-124.64589082296374,-152.9348876114637,202.01235221408578,-173.2331850461027,96.63248381532945,-36.87683735261654,75.86114853931446,-307.8593281934069,-34.262005373972585,105.47398347513175,19.635178321766308,42.434279789146736,-52.23702147013895,202.01235221408578,84.38426698376993,-307.8593281934069,164.3485683812878,9
10.596701092502492,-18.602427593060916,53.33718489099014,24.191555553536574,65.50834209218276,34.2855384721902,6.280026615436403,-0.9773557002876299,-81.68879213545522,-64.28133866141678,-181.5219952000175,75.61732247895267,154.635544905613,-2.1804064999424977,-130.1921034310664,40.53639394916267,8.85183052295583,40.21797709963071,67.33836475424694,27.794573490784554,-64.28133866141678,-28.870918215192045,-130.1921034310664,92.57946649955187,1
28.164454978959377,-12.495482467890376,-17.23959971238277,-5.256649720784976,30.533310052128613,37.30988693078751,-0.06224785167796215,52.540352422806706,-116.36735280189406,-132.02812551881433,-168.0651725278438,-87.87749234886758,-118.70833435308398,46.05050593514805,187.09560034187493,-81.28783677099051,-13.897057232544231,-207.16550821629534,-17.583734090911687,-24.94992815467432,-132.02812551881433,2.513678335001348,187.09560034187493,-6.836239572668719,18
48.958008560796756,45.323430840440004,39.54933218250518,16.91776173601626,-15.489561102820444,-60.13397718011529,-2.0604958237451974,46.13481725428721,21.141685499517525,-48.22577875336996,-132.78367074406785,-3.3574140701314503,-76.87917114788614,-2.5029133926118607,9.448520579067626,40.39233341112859,21.87325541454655,86.59556836886912,-17.062318217781378,24.27772245090535,-48.22577875336996,12.677054469914072,9.448520579067626,-18.53059063262199,13
-99.11252296313221,5.993759734634887,126.04232169741118,60.187259382570886,164.18292214478868,42.17538050470074,-31.442933491559053,24.78881706815408,-63.43137089466989,59.327095678774704,127.07051031503183,66.7558242189527,-141.71077975694323,78.45664942105826,438.08782210442155,-10.941474979641672,26.266526646978193,28.370677908397866,-40.044421090722665,-16.640208055092277,59.327095678774704,17.145136831742658,438.08782210442155,-206.35962306288806,2
-87.38423119771637,10.432714058610566,141.59380581342893,79.31661475991345,-26.498765738992994,-22.01846375937201,-23.391933245321415,-169.3290330684937,24.57599887734456,276.7412535411808,56.17910104470839,-145.70586681637738,-49.23638295204427,128.3604240854576,-85.33696279591274,36.81784542101938,8.395880738725262,79.38296176118534,59.28750079430786,51.12297196127217,276.7412535411808,-133.54077457206148,-85.33696279591274,7.476301099298883,17
-52.68956471810709,-28.518926474180773,-46.62047592491126,68.82938465099674,-5.678805899947763,-89.83412055155704,-63.20375749820711,-36.80294958880718,-14.14584178061235,187.0314991154261,-149.62334053782476,104.06247999298216,45.47291085743552,-45.445471070448875,-57.009173002049636,-33.80736272161595,-6.861375307520462,39.88292503116014,162.23597014080053,-23.729562519840414,187.0314991154261,-101.20493014671126,-57.009173002049636,-56.749708994012806,8
-14.474253818198866,105.26432198770519,91.63970353911449,2.0874603897630037,1.4615771511944686,30.877149232778006,62.238796905394,94.50087787563496,29.274228372263753,-192.93057651553147,-187.3260897978576,-168.89448560065102,-79.75415248341035,-77.29045721957013,112.11416500117585,70.11457942330283,8.176507921882095,17.483021228180352,4.278351211343603,17.087178620322835,-192.93057651553147,37.16177180882092,112.11416500117585,23.41179896130429,6
-37.44322231103655,14.45024899690982,-31.170320916852585,-5.141644068340849,73.22721452698201,54.670724079068414,34.57346002776922,-39.241663250847,-93.91350927950629,69.71412037521117,-63.58946198827052,-6.122394296338518,-11.884669039697577,-86.40117381518107,40.13756817943097,16.953061290176386,-24.800856582167338,10.847834529378218,37.78941876860649,-28.18206865480308,69.71412037521117,-48.492144698431886,40.13756817943097,42.823950305890946,2
89.34709314847348,-47.413019027635066,47.54206560301733,-16.54893286914213,147.40935105726746,5.310639979053243,10.467612637676906,-280.6226158893613,-63.32742858011066,131.17976689081172,24.607268781999405,171.52169718355646,220.27285549624366,54.50161561006801,-122.55794656461136,-39.530649147462704,37.45201498982878,-48.93663961618246,81.1447811401279,18.042606066786743,131.17976689081172,-24.244808049578527,-122.55794656461136,89.68290789798036,5
-12.575018077133517,-19.926280807809423,-11.342479902338045,43.31989230011687,-60.26277468036193,-10.782199363336238,3.817565463096301,-54.84270312051392,7.334242691158481,73.74132381462944,-11.106067370506363,66.49133751339967,70.68343789937853,-88.50579025567217,81.79327342195093,37.06810942946355,-8.917901499430176,-20.925158123722856,-7.151531144047896,-41.74197083683879,73.74132381462944,-145.34477266935627,81.79327342195093,-52.77357695362384,14
14.482769634368903,8.820524890614289,-59.867641760910516,-25.550937775212162,-97.7571148178719,2.977695211423969,3.269092936729841,-129.17945238322676,64.28299887070737,383.1636777827271,69.06443158000934,-56.73038964137768,-82.15970822130686,80.24636903847554,-280.1967813066575,61.2102017161759,37.337369539125476,145.18712987793015,109.22630718640718,-20.249005990573018,383.1636777827271,-39.490592845478986,-280.1967813066575,-31.403055645120155,18
-26.33475454141689,-61.423636492691585,57.5744971789336,30.206283659716718,-52.744015495321044,31.42183766494352,-14.3048642395345,-10.482712666253011,170.30578301612957,19.074033759479903,7.902766466919049,58.41181139840128,150.434059317057,53.54036628438094,-156.28618283938388,70.14945194503977,-2.457943611670231,96.80060515967675,54.849221094960456,5.410342727147068,19.074033759479903,48.25184427403127,-156.28618283938388,-65.9090280582892,0
-35.38245241974578,103.97316367872214,-29.87724186509496,21.581898236497466,-43.261180733124355,-44.75218196197638,30.6413252049383,-130.02859563781618,46.886809543650585,370.62536368058574,133.57338861813244,-117.57767212411535,-218.17145102146281,21.605826392505747,19.379099189966617,32.2426674718523,-3.440462259370432,57.78059575832877,128.7841737951402,-16.21074478484379,370.62536368058574,-38.870260457411646,19.379099189966617,-99.74105499104625,18
29.76639328881187,46.51805232484206,37.45867513119563,19.03019299680986,33.64610774719484,60.33755100249464,95.91760807983654,101.16112633641364,49.46197288591215,4.43229090151468,-89.29180451405358,-59.10051773508882,85.32977518370465,-181.88218850061563,188.42023496133467,-22.754530836810535,-13.793679405014052,22.703127993423664,122.75259517304448,-4.482217104861588,4.43229090151468,-100.8698827232852,188.42023496133467,-71.04431414590765,5
-22.77004339880767,-14.939091586411484,68.28669761956495,-67.83340169204276,9.774960799367328,18.717846786094007,-56.75227268485497,109.25508541268691,21.444218566184716,-42.68145112382602,0.82728525727644,-90.85932391479419,-81.98621790725352,-38.58274923911604,405.2192518023901,-16.23828720738367,-4.664392405312653,-37.891058551910994,-108.76327142025804,7.4550883234652705,-42.68145112382602,-87.90707089477664,405.2192518023901,-174.85493243963668,11
-8.662188327826247,29.2776630796647,-52.43534320959067,-9.474682411731878,-4.59848622653114,6.248110569431763,-48.96506102947987,-174.97981391394222,-61.19530560872013,64.78560583857569,-47.48044655139552,-8.1319650792621,11.224496721531505,7.050367126449606,-192.66881448985953,-55.41903055890461,74.17840077682028,12.983406359815808,40.30407800173609,-40.79624976703401,64.78560583857569,119.60535949418905,-192.66881448985953,50.67958688827023,18
32.410950177571564,-38.70344001699317,84.22697602651704,18.751973786291302,119.49140717700415,106.07311245366193,-63.83272422111873,93.22453589915028,157.88290444558672,38.23079518644106,-20.13254312776528,-165.77647362096536,-79.93884115460104,12.440479082076514,209.73786429887025,37.56978881638164,48.35365587818713,67.9099592932112,-14.679603283948182,32.66495919978133,38.23079518644106,11.059829684905749,209.73786429887025,-93.29601633726286,15
9.576437201650739,11.677074123555922,144.7992254976653,28.19509777645409,54.03216333338484,-13.738573644958205,-8.029826574012029,16.7496242690043,-50.14752344476754,-305.4024215395639,-5.750300627667331,36.80892501612295,-127.79334404014024,49.546847336126845,93.66853751087785,-3.463430974445494,95.83397779528427,-13.687607651855904,34.267953717795415,49.67597143041641,-305.4024215395639,236.35195253603433,93.66853751087785,34.47215243462665,1
-27.129880065762894,22.931988445860657,-18.56256189452219,55.21972467687032,12.208372198417248,46.38738172095839,-52.78139418875631,-56.62491027557225,-153.9426674856767,127.99990646334942,144.79047438052962,-49.16040647177769,46.21271071193543,14.680386077521419,-96.4155239937898,-17.403740171947277,36.43000716674818,88.62679153353895,12.42630601826125,19.02499681901397,127.99990646334942,67.14084370239871,-96.4155239937898,-11.484938351521432,17
14.002013379665998,-26.11961992430124,112.2651997408608,-0.8213520541132667,-2.1430679760271643,67.38481791878564,14.532320386776203,-21.535070837990766,135.66202279769882,21.84705389361188,145.78522585309184,-25.778284236468902,-43.74998747382287,171.143735381682,40.993824533910754,13.850454830294957,16.722138383151993,-74.92747491594858,-40.65164816371733,69.27377900614655,21.84705389361188,-80.6472190971125,40.993824533910754,15.300881293895081,3
-64.03248846424377,-39.88153640729095,4.391598312039413,36.9871421853999,-73.98148212173574,-58.280911830384376,-36.13303884214265,0.6780060727376469,139.5680131773052,-54.707025658435896,-3.424689549282256,-53.03562708544036,55.7086959742098,-9.502896950088854,-222.17602145076657,-49.250775034396426,-39.89228514872781,-0.7774536710243174,72.21480017076186,-19.40933938507633,-54.707025658435896,21.25784209709525,-222.17602145076657,109.43262318458099,6
-9.93575756760655,-37.385304136219034,210.04720550662563,-42.67860996475793,-27.18867669012889,-51.55370932386919,-38.82214049549833,87.84768750204911,-58.03975859183325,-85.81192821099773,-13.165829113743959,44.54044387609352,-1.402436155332194,149.67716115713353,125.67412297894549,23.8754444972963,30.664599204034463,-36.327433753235745,83.26144275135076,13.293594563221788,-85.81192821099773,-100.62014497406562,125.67412297894549,-56.034624699517934,14
-15.438105138246883,-1.2091335937996706,-0.32726551372085133,18.43170215452414,-111.60302198564236,0.30349319701434196,-12.926830558219207,51.39515595240421,-128.13599933330505,-127.82473536719752,-52.388221886366324,-38.28373144269126,43.04885414882342,-62.60173227105683,28.868762961903496,68.42619071144617,6.109342363330233,-73.04062210259309,-28.007306438922768,30.40069698247756,-127.82473536719752,-63.408702340668455,28.868762961903496,19.551275999845174,3
30.689954952847877,46.41477778752069,42.42599079288398,45.81736363789908,34.68713767249929,-27.35867266949223,-21.602826052839447,-91.71582368054658,-68.35896741756173,135.6957751592354,177.16071845148042,15.486654598592553,-78.79046655013389,101.20091962432855,85.79675357880234,-1.2116910422441993,9.600790861571676,16.065453169800506,-109.01098161146011,-63.662684795964665,135.6957751592354,-62.95306169753922,85.79675357880234,-19.51828476786126,2
-49.479644827290024,-75.82247691870647,122.77599067202831,50.13465751237128,-108.49117108425301,38.9907625253404,-100.9790348362497,-72.7230205825506,-89.038942850109,52.25893592018707,122.0709182433039,35.19052738840831,102.53323460124605,-81.10812651607506,144.49071292523135,-62.23133456818326,9.143833447330582,71.85907850269524,108.98324883883589,-19.31401624400728,52.25893592018707,-0.4412746134575496,144.49071292523135,-191.3005040188611,5
33.11267502213968,113.84185477937027,5.971775771978116,77.94362680242659,115.61006603316756,-36.94607601995451,-47.91168889720076,-62.167349666444125,-61.86988645014429,-204.85107847974876,-46.380282614898924,159.6564497266026,167.67371849224517,-103.9793308463701,-73.41843959864636,-4.168299141104079,4.001735086071182,-5.537424482278217,51.67002586100445,-25.132212657225026,-204.85107847974876,153.0393543841966,-73.41843959864636,115.16023452208034,2
2.6060430770094567,-13.072468793838116,7.611639716730085,38.71197500367755,-41.585831951777564,-44.60046316029079,-22.730950289326664,160.43459577061236,-9.101945815222336,69.53358325341934,152.5486450438893,140.73524093922322,4.274620748716913,184.13662588541374,-188.00030940587158,11.488709142023977,-49.456345855440915,187.43962952328644,-52.732705806728504,-30.86254854793488,69.53358325341934,8.724887630986347,-188.00030940587158,-44.44095552395545,14
10.424651345888245,-18.8017965691484,87.71349884149066,-75.50696947968733,-57.325591550049694,70.38547721224869,20.09567415170809,-216.68753766881247,-92.3836413070999,-80.85535594472839,90.09266711698146,-47.842486903610954,-151.2262191167806,-195.46748658457463,196.09184805872314,45.863467247483285,-9.59085101008473,-6.708073069585407,-150.73350438398833,-39.1677493511986,-80.85535594472839,-94.5348208626131,196.09184805872314,124.47787847518657,19
30.079174266906946,46.96610677550704,-104.50153481855942,-22.840316800842988,-146.6261682500195,48.5897906585319,-28.250126812061595,-41.930703216966464,64.33943530825191,-83.6238951558679,121.57255148066704,76.89433204156158,122.22558192371511,82.57683551121629,-342.2135081681833,-39.60808433563326,35.14223729668665,-10.77385390486953,-168.80315717968455,-29.318010567640016,-83.6238951558679,69.9170172639797,-342.2135081681833,100.41975249066446,0
-22.190485550745617,42.44205477103894,40.40384721258306,50.35417225354828,90.845215860775,-69.93936963230328,-2.8178888398604207,-65.38596129165498,-9.149020058638948,-101.80979485146523,54.20835361106529,36.055310266944645,-51.82641950117038,38.86708721689775,120.11018056018284,-21.01684406834238,8.67949737477391,-114.41615648196142,93.51434602804277,65.04054408982579,-101.80979485146523,181.4428082872108,120.11018056018284,-30.55698434148566,18
53.817288729326336,4.879645691752406,-81.38267864587746,24.006780987337955,55.82900458593713,64.13396561882192,-3.7399184447236262,10.36806586569762,-71.71715035255455,195.00948927636136,37.18301287814765,-169.04706137038312,-102.42657644706057,-17.544427650913597,67.96292931471604,-23.799290203327033,32.0776077951099,58.57327103631462,92.16344441876277,-54.09330891315114,195.00948927636136,139.50436575816508,67.96292931471604,-145.1518035866223,19
-23.4786828319626,-44.57479612951669,-110.58630890093411,40.40783832299573,-80.48224074054922,-19.978890235929192,-35.275746184386875,-44.79919498072809,70.32503172652856,350.72619800054616,32.99430324233782,-22.220222167404167,39.294806353529594,98.9593348871256,-335.9574612917069,-7.803720335510921,-28.014090514525027,125.35111762411302,25.945479468795213,-76.1571896055399,350.72619800054616,-109.7330971851211,-335.9574612917069,2.064902577749561,15
-5.4703333734402175,6.03072710958326,-190.10924547610466,-23.85708678490838,89.19820980376923,-11.487168498715207,30.83427531979435,-168.01669177240214,20.716609546343765,47.6834840738904,-13.613424091975261,33.08416375519331,103.63298602064425,-165.14399620212794,-63.421918500809525,-24.296101651430195,21.7905215896363,-69.7232762109206,-56.940777133266124,-58.091547683087875,47.6834840738904,69.5535015893057,-63.421918500809525,81.53988130926793,16
17.31790088421882,-39.26315111207983,-131.14794717965646,-97.81809165465248,-136.83723419240522,-18.278280179737912,11.643659808256823,65.03478891736242,54.41314603619462,-4.457106548753414,-52.999153774312816,-56.301947225721996,-143.95023865587325,-41.560834415677725,-195.83410342589232,-2.841174428562781,-25.50418136229519,35.04039932784274,63.717489692571974,-3.9893537258525944,-4.457106548753414,100.7862843714611,-195.83410342589232,23.693929423405706,10
47.56819897647994,62.67203716858256,104.74873847391319,88.16673095731983,-41.70548040428785,-27.592562097094234,-97.1587382956454,12.923941881101971,-31.388581095077864,-235.15244059683934,-125.03256576420301,-173.6834220439377,-11.161054725948558,-96.65847228346922,-12.784321728933145,-1.7845340711168496,-8.811625704865738,-99.75727158928817,197.7687314169249,-15.987256404030965,-235.15244059683934,92.56597287497259,-12.784321728933145,109.41634806029779,9
-2.6390839454347494,-10.29066803640087,41.44086236621053,-59.4324272107578,-2.5077749268728677,50.935438747254736,92.18886058081026,13.490300190681808,15.817895935948059,122.59759891237367,191.7891113875602,138.04184525381828,-17.809104620967297,-2.094928369337392,332.84242518647653,-2.171316258969968,-35.13871930119955,-3.2571593087916817,4.718953944818449,-37.01799595129228,122.59759891237367,-71.61237377928775,332.84242518647653,-248.64750174465655,4
43.95777260550349,-55.17505379253389,-127.03552244863361,58.82276155367049,139.61140520290576,-6.300892843535322,-24.357479074448737,100.06976051711104,-25.46884540977743,-43.5377285321877,79.29706603942226,-166.61542734381246,4.302821745033527,-101.09519615604732,41.720387852942125,79.39284159810136,-51.88462932807899,-40.71634829628365,-22.08434909351063,31.142160113457567,-43.5377285321877,129.97263767749612,41.720387852942125,62.86588387650258,17
-55.77961332926351,-68.41789368212305,-77.58110205460261,24.399898742259456,0.9130049122782946,-41.058314978436734,-26.201467556732254,-63.0282010414523,38.61941181771246,272.83688431798834,65.82657084005662,-5.3565329656038685,-74.98918392846072,-31.379843686949265,91.63688802898835,-22.815978906618536,-85.014274315204,-22.961344065771392,99.34119820036429,37.27591109961133,272.83688431798834,-85.29985827585271,91.63688802898835,-108.75707988801771,4
-68.30600832465554,-8.352958629757111,-12.622433555127905,37.83968329005364,-14.938943582971227,33.077150849806124,-0.39407040003673477,-144.51394748831476,34.34728439781839,157.29054493456997,15.463485219399109,-185.76674235750409,57.1616771879586,-13.58716655660067,-198.99700893458802,9.316454944839434,-12.725189575601503,5.292486954995734,186.35548617528463,18.0734459354831,157.29054493456997,104.12894030643749,-198.99700893458802,19.575077017225464,17
32.90362230188727,-24.981415484594688,98.92997464978751,-2.946893230515792,-31.352497357001724,-11.247361405409194,-36.633768529796946,56.00296354475111,64.88196677691626,-242.70173917997042,187.09997850774786,-126.04301622122527,105.99746955959199,-70.90929215766019,117.05506006193013,32.52311384291956,-9.582115023192236,-118.58732457883015,43.76292389612095,-33.03346972765267,-242.70173917997042,97.18446851660414,117.05506006193013,15.407115314320254,12
-7.383822651951699,1.0705416587609058,-60.74552404173506,38.800706803362225,27.180235487840587,-10.912775622492381,-70.95376164526593,0.4585936408839242,-112.03190920222283,-50.500762859530354,56.785569306168156,-9.105399587144243,48.544025540734246,2.550828532711269,78.63582243100367,27.408758195780912,28.551408131248795,-21.64320108920517,-167.43140412932746,5.954827962433344,-50.500762859530354,72.48066686049206,78.63582243100367,-51.92843871259349,3
-5.482382387811652,49.958516850067845,-101.87456064051055,-5.681015403506468,-184.050872213876,48.589887431880655,1.6103844992541563,-2.869272454999914,243.77804047800612,122.24432666697375,170.44940291428333,78.93312702654336,29.79257621406677,-12.323615566258681,-168.31193140478388,34.935588265133184,-31.794299292454458,156.45665381910538,-26.73486313513728,-0.7026102073446605,122.24432666697375,117.64796413605255,-168.31193140478388,-177.29912590850063,18
40.22018093972436,-17.29844956700339,-25.10074834139151,-73.13067134858076,74.83750575102549,-36.16105595952114,68.13769955863779,144.5039912668385,74.1108866315485,-32.32737182779671,-191.21479647713096,70.13698288452217,82.40823305104492,96.06323619224153,-101.010148710022,-72.26876373721959,-15.599720438038545,-4.822778078592127,71.06499695747624,13.58612683082395,-32.32737182779671,2.3848301285418216,-101.010148710022,-4.5588394659670595,1
55.57173355210851,-25.220957311705753,50.37953926306316,-46.2555171709277,170.59026453348335,29.596257277969023,-26.040900283412324,126.98438080847109,8.541238536190324,-50.69695552960938,-33.12705763375275,-13.713192012534048,-129.50436312217022,118.05216287642912,124.92900738001313,-67.79257944689806,-15.622607838332023,-212.1534508483467,227.88767554784027,53.87294254132271,-50.69695552960938,-34.43480352090699,124.92900738001313,92.18562434736629,1
23.322068632057928,109.74755195615558,-49.55389243820154,-42.12873319437599,117.15060008213098,-107.92733103346123,-2.132868264646172,-35.71521871878648,14.105684689530328,46.10423533637926,248.18715606502624,74.26740835800794,-117.67218231854024,151.44602261948597,-64.67279244890095,-4.838048957586678,84.8831541512903,125.30802553998933,-189.8969379072684,-11.026864958791975,46.10423533637926,216.66575933037248,-64.67279244890095,-3.796811355295122,4
13.167008478551768,-0.3094734710923514,-20.768505571952154,10.504629771026035,51.18830027183886,13.751360348961722,25.160937312078637,-37.93915073359601,-89.5397675118223,102.5274491517749,60.99556075440924,-91.20226897000578,131.86602832327193,-31.934769840228405,45.19933862651995,25.71479274629501,-15.35933820071884,-51.96683150161904,-75.88399665980133,34.349637035892265,102.5274491517749,-144.07221614569568,45.19933862651995,39.97599085196944,11
8.450298762485126,-48.914906191600245,20.925566801270268,-19.946929750505706,17.70127574178462,54.40689580338046,-31.478927547370912,0.7692674989762072,-125.20011813529719,37.87453562287942,105.15758125195852,65.28706716036126,-2.139431174636073,-72.47887630911025,58.36287709697955,-2.0091807460659714,21.444000882280992,27.71011693172854,3.984093011508021,-26.484949402535342,37.87453562287942,-123.07338680145196,58.36287709697955,66.26621525561467,16
-54.9846675656061,-8.101397822705213,94.48137754427975,-21.561314819220158,125.7176055087529,14.221552536265317,70.00456130280641,5.298681292776681,84.77723919715626,-14.700823534242215,-79.85000655614971,32.445807038612884,66.08650280150142,73.13945216712105,147.11434300061063,31.800981160937887,-0.7440890756052086,-90.42052857074133,27.727276668143418,-10.110546513329318,-14.700823534242215,-88.7663604702842,147.11434300061063,-15.59096666432536,5
-41.9764236600675,-15.535633793204418,-30.953514247003,-0.5894227221655296,-53.303563028186844,14.78023777639774,-24.731681783592553,8.003788929389959,-37.66463800235452,-109.71465439229206,-69.62738904906062,23.013382805504676,-77.41811551137373,2.7249447580793262,184.9894666897002,29.07300444382627,-87.30267747833875,-106.55622049360079,-126.00555605644314,54.34485662447454,-109.71465439229206,8.005268527116645,184.9894666897002,-89.37395699770303,14
-39.27904248984204,43.15960741235195,65.82575732720147,24.528328410583885,132.40574311716333,58.39669409339904,70.54252607005662,11.057511424275944,-28.97495845916164,-69.24344778688044,-32.8930766564516,-29.143283328362255,-76.27213226199787,57.11005258500205,95.74730619618465,-21.25688225400414,1.2566359214956446,-182.06112273086146,209.11430270846046,-7.8427275082077985,-69.24344778688044,29.905374418108693,95.74730619618465,82.5041791332724,1
39.40235911068931,34.61859163581718,-201.71593197418048,-25.35697350582431,-108.60641534500238,61.3181906774999,43.18473932488608,-21.22716344818027,39.8096998137094,283.0657264311317,-19.02075871566591,-90.48431752551954,3.375484923527443,99.08203031450685,-254.2136435265888,-21.625041311521596,9.847910507218238,-176.12738796298243,137.22947755852826,3.224019288563493,283.0657264311317,-130.17443364718014,-254.2136435265888,24.326074352775002,9
35.582625077930025,18.15065919959374,-57.82633892092119,-33.35068584225642,73.82980337397922,20.12205645878401,-63.64864285655771,112.77631628981939,-20.667931497724847,295.83441655984643,-96.37092436754271,-122.9302751363021,-118.00357850183396,102.72361373066295,-50.95041014544457,-22.055175080530155,7.784853973654824,145.02280121418744,-19.05962265331384,58.96279315839084,295.83441655984643,-128.76321570350154,-50.95041014544457,-39.60522953864561,10
14.047570327788875,9.287181451317949,59.95141110597782,87.65489503433356,-48.23128074163861,26.09151833431174,-24.588373962245285,22.884213926659676,-131.17351999240694,143.03214383376567,-63.745680189364705,-135.77064332328706,-59.74489601919309,90.98379593643038,-61.79037287046172,11.658897703439665,15.169882238099511,8.863249827486408,166.42011663953,-61.699447150020106,143.03214383376567,-65.83610137443088,-61.79037287046172,-25.527399990383806,3
64.41232466383155,-16.885263516476016,-29.62085073193918,-57.07327999033858,-2.218281886286082,76.95873880790381,28.46715292339233,79.15495561280729,-95.75506833284618,-123.83004991326217,37.41616948695604,34.1087921276352,27.635087410118196,-40.32345121193758,-16.423418841336535,-13.729729645572426,-33.93700694331293,27.031776209277716,-143.24811325794246,-68.82580964751006,-123.83004991326217,-23.369842959892683,-16.423418841336535,87.09894536050136,19
49.10508764112833,56.369791789999994,29.069851581804357,-30.938591588348388,14.924568619594298,2.641970480947316,9.331998116929551,-56.55866579651203,-150.28389438598597,13.696185552537516,-38.65784717730607,66.87394997707128,61.15960576640141,40.483465686961544,53.81330578048651,-81.81934025016594,-39.63670282768519,-84.07066442772525,45.42427304573428,18.879230415174085,13.696185552537516,-48.2803830859184,53.81330578048651,-23.8660241350835,11
-14.428534342251229,-45.766357233672615,27.097034607226412,15.991396829455496,-13.94003832920144,-31.099503821727907,-3.534694972010646,-88.59749966379161,11.334406499953538,-22.57247185192068,-43.2721234504427,197.70883214258885,-20.012009683958894,98.20541000376986,63.67805733336205,-7.394661725658827,15.407533384183958,-70.66683410481821,65.36349165876709,29.891494048482684,-22.57247185192068,88.17535166567748,63.67805733336205,-128.48946313850436,1
2.3680769143557443,-36.958528797447165,0.3161283933409065,31.71368893110997,206.09066436980058,-79.44508938272969,-39.4194722705111,-11.071388528926075,-168.23920406178954,206.66753120889018,-165.10195487792956,41.22657433574872,81.58926365774128,209.4142747876653,-42.140539260221594,-7.812077847879805,1.42346553640892,-137.71638507732374,264.8740045472674,-25.32176951332965,206.66753120889018,-39.14185190601016,-42.140539260221594,-21.53166453598554,5
-87.41092381566077,-5.414950318819337,-34.739572361731355,24.95635709278394,-174.71732231048924,-46.28494424994489,45.03737083406407,-52.61806053016798,11.60895586567852,-195.9925880277156,14.837999152465859,-9.607146070068172,-63.121343428007535,78.30473017790783,-137.08878726299906,-1.015534415336511,35.89143929579509,-41.950517784223734,-155.70660161645537,-19.055585829437845,-195.9925880277156,185.95600458014675,-137.08878726299906,-3.348818843098962,5
23.328690048741212,9.103309806588031,168.7691491047442,-43.43759237192,-52.26214975859456,0.5445913059435723,4.724036736213363,-37.13670993071172,88.38904473339656,-209.48590281604243,84.82955484611745,-55.414359420344525,51.71039969018618,-132.941032294162,347.6051848759048,-15.887179697391051,14.769272612744357,-117.20178659246767,36.32578312070471,43.29554274826631,-209.48590281604243,15.235726746916969,347.6051848759048,-108.92823497287745,12
16.45721367530407,37.711881244388586,-72.61585617008123,59.10198495092391,-160.27710703033858,14.332065169332374,-38.518139351589184,87.76031206742519,263.4405231775268,-222.11146358051948,-204.52026156431407,-2.515323653035897,-127.69374061386408,-74.07892852841555,-226.8178726754159,-20.754449620590407,-15.842513378168901,9.139183086917901,-50.798852576743215,19.11435050744552,-222.11146358051948,16.07621865914533,-226.8178726754159,160.64440511872357,12
-38.391439456633435,6.463369026985475,32.98839755394893,-42.80314267646095,24.251892105502716,-10.335725538123464,-19.927107373495204,-93.01331373940192,-11.303605353834772,-2.017789967382056,-28.554242901350896,-55.41345875485117,51.813706049455504,12.52615683425951,32.58741868890509,33.2844315947637,42.19966940624118,-2.7917641882686794,-74.72921187434861,29.090301757536416,-2.017789967382056,32.704902665928095,32.58741868890509,-25.117029684654142,6
4.143458181914642,-23.184793543025574,-58.24304698999409,85.55425702353632,-102.45388248184149,8.200187122104944,30.242123082971865,-101.09638686999446,17.407461869417634,114.3792699900946,-77.17921995531147,22.927586406910745,13.646798847089649,62.400400833675285,-208.9554696291367,40.79938739304501,-39.5753561845181,67.89301436127744,-27.95763931982095,5.442574040002437,114.3792699900946,33.6421371222852,-208.9554696291367,-41.05008683883611,0
58.642367201348826,-18.830073112788952,-44.85695018472414,-45.56018136029775,-27.75381435929498,14.309616041097055,-16.257240729846643,0.18320306739162628,8.857929979287622,216.0306117263588,60.151422176653796,-190.41402741531047,-0.32091509758664927,111.12691178225548,-224.3790645655486,-3.1722576325753855,94.2212223453191,47.30674654455641,59.157166392125774,-47.88062455945404,216.0306117263588,3.408891164292025,-224.3790645655486,14.095419364800206,13
-25.581232656618205,-5.6622542511846055,-136.90914709907526,15.861712781620056,-13.205282812049397,80.00325302024478,-92.41535566383968,109.59522320582036,-15.740016470194949,145.94383644404337,327.44406033764267,-52.99938784040748,-163.16887492056082,126.68845024860369,-201.29766712849118,6.646881391182528,32.85307832073379,117.33962810396504,-70.99725830055948,-127.31764409282596,145.94383644404337,133.32837069778716,-201.29766712849118,26.3134163134649,4
14.679110015688622,52.75338345907974,-190.83524246871218,-44.43620077937546,-123.19564655268684,-55.71804927526909,-9.916540868571138,66.49440987895575,45.87336150116911,156.5895494018909,133.56010278456642,136.81474343933985,67.13623001918224,-38.94250182500845,-115.21645067347927,56.19013219790731,-19.465405885787817,-60.45135063702901,44.694233446111426,27.84192858390139,156.5895494018909,-129.14960267206382,-115.21645067347927,-33.571900548643015,6
-4.002588737025388,-35.21594192139852,-4.28220074879007,12.406383824366387,132.54368193280914,42.5901383695785,-12.184949499487338,-11.957337343439587,15.256326853605886,9.985461596117183,55.52339868181267,-54.08319489169651,-49.842107066265825,109.84535832680551,325.59621468360126,43.18492459712868,0.3214076879728923,-138.10902453482703,-198.40531431256562,3.175643154842968,9.985461596117183,8.877189859692383,325.59621468360126,-132.06443172203748,16
-18.52343929560184,-26.924211565167585,37.56395632932239,-33.150437928159974,-45.55607577602334,-31.88063116143899,51.35698652708029,-52.47172967872126,-83.19222199844532,-6.3745387753818585,2.7688022667105683,90.0563043011258,121.77861052876779,-51.73710958893424,57.04258503956517,-38.53675164315584,-85.1713735064109,2.460791508576241,112.32409520353839,20.910516896183665,-6.3745387753818585,54.69401498503474,57.04258503956517,-129.57227665686491,2
46.18164427523226,29.246441875472485,-193.82147099725756,-10.631006919392316,69.21441009709775,3.475677366543215,-83.91022225171177,-68.17395235720339,-59.202403306293725,283.1190779217976,-157.2656749779983,-116.51946448785179,-197.9827470314335,6.006185088520972,128.2802479682094,-27.771949867222453,57.50188802231116,-62.20514944089308,18.829617864515203,17.736098931835397,283.1190779217976,37.71642729555079,128.2802479682094,-157.47340189160627,10
-43.444369398475786,66.73310919432791,83.71973796804207,0.6067853408467694,-9.514019081033576,-43.08881053985843,29.606014452059718,-23.88343145895993,-114.07664476705693,24.928847362649087,-109.25189443443458,32.23103421524509,-62.02535733662779,147.0654706395172,13.402519559066008,8.340262248400567,-106.56572396938678,-189.72466129062101,308.5249867073933,49.96842717818798,24.928847362649087,-17.240964306305724,13.402519559066008,-25.398425317313862,5
47.821717349626,-71.28313462751254,26.638057511338484,25.083239525492353,4.54166683577796,-18.131545059225136,-22.184186512076856,-68.31307064754807,-70.2191516690007,-77.91016675596155,-62.081262579102514,25.118865047385547,46.161062419781956,-98.91404424595046,176.12776888473633,22.95809316124581,-1.7645633774322222,-25.54590344428557,-35.694330609460735,8.115958283816374,-77.91016675596155,33.42673574859433,176.12776888473633,-81.75680315489664,12
7.845488092800512,-123.10807836188333,-79.61474739505134,52.23956323457183,-36.172851102802305,-81.13099038320213,-91.92932132769246,-10.300483239412369,-30.186938601361568,97.49687298739062,-5.574646106901611,-49.1995026821979,41.4797106765537,-39.107044094213286,-283.860293121453,44.29386406352307,21.149085267892772,107.62839601183393,24.778921508109306,52.73693991342881,97.49687298739062,-9.415284595389227,-283.860293121453,120.99488022081486,3
-15.973825433355323,3.9088997387863222,33.39844006608822,-47.36375634408118,-86.69628090469973,-4.696336917322649,87.9021270000164,-95.14827605775146,-26.977182476855628,100.9427906188592,-133.32335716642322,-112.01176133485922,118.83766912372833,26.530783014217945,-148.7487412456302,4.9551455081954865,1.2283498671477215,18.670138085168052,40.17710853776041,-37.94614600269289,100.9427906188592,-63.649040150906906,-148.7487412456302,-15.52251538979685,15
111.15193205469498,-8.935571130539486,5.051057446668676,61.54247104454363,60.27616677218127,17.950758221229847,-52.201284648565114,10.476399763786057,-8.250883144575845,3.4176681163496436,34.518404869034335,143.58521923659478,-71.58194797593639,-15.608689567519217,213.70942299268137,-85.37145468396488,34.49767221127641,53.91507585865945,-130.56620648682647,-5.585802602546586,3.4176681163496436,-27.877620161096303,213.70942299268137,-90.24490570796101,2
52.91182707558458,-28.27767884307038,9.214645963786747,-31.3000683473342,-18.938708583059352,-39.43641120277357,-36.07789318735554,-99.30247112141294,-93.73680498035716,19.28115920349795,-67.46893872788547,76.95651075950127,27.465704232209482,61.83621262545961,-200.50098119354243,-1.7686438976913774,13.260137514666601,31.614398656129584,75.6231932252422,-23.135011266761833,19.28115920349795,64.13762735890063,-200.50098119354243,53.34934131171009,1
17.22991659909451,-23.930482230878383,88.7607867578431,-17.63266540653704,31.54843537924899,0.7134843403028985,-22.32678383456921,-154.79919069552773,-18.504672929172767,199.1731643111401,18.93570252604162,-190.84177590630406,-101.95345583368223,31.92017956518908,-191.53280743155375,6.2196250323393985,17.896773586124326,184.62181184406558,139.502870935799,-12.691955141951237,199.1731643111401,106.79797959260443,-191.53280743155375,52.73827893876444,15
15.581296724759975,-31.145144654640436,3.6678288623217448,-106.45678348506983,36.11595296938645,-23.501028705508574,-0.742962368571467,187.40247198055238,-159.6143324497002,34.48949325098232,-97.44590575629036,49.62618881157159,-126.05109833844509,170.86693952192078,180.18804168325374,0.47737939852036865,11.519604674724492,-127.76453690486642,84.28775179708019,17.434591685414972,34.48949325098232,-107.86610809044595,180.18804168325374,-104.14596861737843,18
40.035845518827024,24.485418342749625,-140.6569238870439,-5.728226646474375,66.75855773858498,-30.177711247852656,-47.093041974094035,-73.42553401338627,-1.7372299246669742,238.3135239442271,85.94989689433953,-190.03352019680332,-48.603141463887155,-76.21188274679642,-45.600466480573736,61.38675845296781,-28.459752689500366,19.049275319861643,-43.48344163943962,88.60039799381354,238.3135239442271,-28.05110488957603,-45.600466480573736,54.86252000129777,2
-0.14354148267954978,-67.29797181413305,18.538431294085534,-31.619337226830172,-135.64624885809206,-0.7820573772216187,4.454097945274929,-59.04417285504938,131.23315109331293,-53.726112580500434,-114.31528362001744,-26.708772026218792,89.72669096851888,-131.4398761068618,-128.07155484015874,-33.594622675093916,3.092916294973616,-17.815235178217428,115.33901086299848,41.219320028354005,-53.726112580500434,-53.97732819895418,-128.07155484015874,56.42503155652912,19
14.12234675625048,55.39418976372129,30.061551396356524,24.926929671643986,-97.93706385028848,7.936591966483778,-33.52390584298639,-6.05550399006952,-90.11379008921224,-88.8156007534208,103.0089083599271,20.732657125409155,4.177518881824249,-30.8972331156738,-46.881795226393194,-13.1373029690766,-11.521724891219913,-40.754706964314735,-20.560178996679337,-8.22441639551103,-88.8156007534208,-72.9730378153669,-46.881795226393194,105.26771282634002,3
-38.47495271689616,-20.045899387166322,221.52981849665397,59.668162964876345,-154.26186500550335,52.36655627195649,-17.557069953309508,125.91810480736861,-34.4817881023437,-147.94692190457044,-6.603699949254818,33.55651204050166,-148.1362767099657,37.405764641533494,-207.17822799452077,-79.8710892042622,20.96161395431402,268.49645531179806,116.84515798019783,-12.013922302911801,-147.94692190457044,8.914060436896527,-207.17822799452077,107.47852922857808,14
-24.06314356735521,-16.250196323663097,-30.494412987021107,-5.213738760991515,20.738836859017617,-97.58608252539737,-16.650889606352813,67.24781477974679,-8.062273415105427,24.086171014694017,136.17988133905752,11.388206477409737,-3.206999584774266,71.16379238328746,56.50731946962225,-53.42765022411156,-17.727253945047117,-55.167262348416806,-58.12584658097155,58.338397004857455,24.086171014694017,-30.060502258269814,56.50731946962225,-22.926459429513145,3
26.872534118824504,-23.792486991791314,5.4672266228464395,32.05833549322618,-16.80437345040311,-39.44566540438558,-41.77754230894659,34.300167312546364,-14.698052907102026,23.964485529955443,-62.32990525214511,-135.73189730344433,46.458106416126654,67.83934281616166,-55.217160125308624,-44.96851284502917,24.682425539550337,1.0893974985315102,-81.9498356046835,67.086132583272,23.964485529955443,-48.49735638962941,-55.217160125308624,5.857972310968074,15
-32.97102786719025,49.95857305991685,53.97107471502379,13.535614402057064,113.92865032206194,1.4023264534347186,17.582102377975723,-130.71114389301243,-67.75053820200266,72.38129270082706,-55.49837951174492,35.889338955627615,228.95938633446502,51.10268194868121,-72.77751819195007,66.04191388544417,-12.995367957513759,54.93499218965133,-52.24870648380272,12.044961733420505,72.38129270082706,-6.549545223194171,-72.77751819195007,3.7191822709086964,6
6.34352853135187,-21.905584053930724,72.94064732318822,-31.201400394854883,38.36142247827241,-37.144966989705644,-55.77684611469655,-20.536323613178993,36.72608203732395,58.668477693154955,90.51186307831603,-91.7795346684806,-54.795821532700586,-89.99745300546614,405.3906575008233,-14.11027555531454,-80.75191135820036,-129.01271512763742,-86.51642656443931,12.615218419722165,58.668477693154955,-256.0419809985749,405.3906575008233,-42.29220806768649,20
20.584158606067042,-3.6117278553474086,34.883824899873886,24.214814418432514,-113.1858113743053,-17.665254061801935,11.80782906541014,16.104909601819102,27.638619488015863,-173.41228976419157,62.68653178540678,4.78411252584543,39.74936966723582,12.452327191685777,138.7341577713828,5.578398053430926,39.78585902763542,-115.00671893843634,-114.86519367504076,-70.9996619759067,-173.41228976419157,14.081483839005307,138.7341577713828,-83.85957377158334,18
-64.22174634565047,-38.80653939260147,45.3594288574253,-6.747064214340207,-10.705143489146876,8.311165975427052,-102.04880087952529,-4.558644051927887,27.75199968218489,-151.39069979137324,100.91957864728896,-42.79704518231503,-7.22281168507978,-150.2973853531545,246.05287767621405,26.021648981391316,30.65768616174116,24.399333383695275,-80.14980313631659,50.45062431025911,-151.39069979137324,119.0478996771035,246.05287767621405,-102.0961494571203,18
18.482092421644012,7.409621547486563,-151.88126299251678,36.26986051536201,-82.67712248006305,-59.71203439703732,63.06260439856967,50.126358101181125,-31.479369855964205,72.58904187886708,29.81730794207685,38.121083050066844,-48.69611247855707,-175.96129161956128,-20.35999033163979,45.41745917988189,-0.43486624343786523,96.2718605542298,58.517092175267976,34.76162806905256,72.58904187886708,68.21212283346152,-20.35999033163979,-83.94067213564041,5
-7.4501079120762785,-88.56289163231084,60.81230825396878,-84.7621776431501,39.45371413713941,28.983458736494416,-3.285536287421957,-3.3114711060776347,32.73000352076107,-5.471555100860703,104.79702688558885,76.94158419863932,-74.89322566301057,85.48485177194522,11.250621208394262,59.917133313265225,16.22476994960204,108.68521569437826,-88.71998597350277,-28.448519725217302,-5.471555100860703,57.73813641297558,11.250621208394262,-14.624364272138038,4
24.36132332590521,-26.1304862347289,15.632909058801339,-5.644196146071843,10.77760892997524,11.301708304916806,13.221556530639333,-19.63290873397831,34.55180543268292,116.8496038336,-89.81536259039308,4.623582774322164,106.04786305206278,12.313945773798496,147.26043068817245,-43.979977596788814,58.3939720103928,-82.31683197486672,59.91763446514671,30.529810202959276,116.8496038336,-120.66243959361218,147.26043068817245,-144.31343349859375,8
12.746291630800478,9.596295054136593,-33.64887387633559,-3.474403471067342,8.003734144347039,33.70412161962943,30.364754827807758,153.88801174572816,-131.16837698045146,-65.3183854617907,-88.94133078418626,-100.4563333850368,148.0358929987568,-38.25515317382054,-78.10697060006777,22.512735216992766,-55.023751784297346,117.76839185310766,-99.57082352887068,-30.267936208075326,-65.3183854617907,23.466334992846313,-78.10697060006777,-6.518431708748844,16
-52.72446058429709,70.83382959100621,-43.92269804593005,17.24400345091597,150.81215979900313,19.410186173991324,48.73590659327328,118.20336440596827,-204.32940087287994,-88.15305425978863,48.353482274717265,62.22298842949493,-125.29525194620518,-125.05341533871626,491.9859215622421,-53.69067691600277,3.2823248210439244,-130.3412543693891,-47.490848957390384,-9.144813541639138,-88.15305425978863,-32.59093795685252,491.9859215622421,-91.58001110321442,9
-10.792247060663342,-14.519284486224095,103.07478165705822,31.520075376874182,105.59196716013865,-5.0637122524248035,16.01756308428561,128.5968823456796,13.334484800376654,-100.10206140558199,64.41755597310606,8.115103727027249,-67.0077917294667,-63.24240104467803,219.19397454365816,-10.901766366426827,-53.39220608792775,101.00973261304063,-106.77764544352469,63.361980845230306,-100.10206140558199,-76.03735942764601,219.19397454365816,35.953455010836095,2
-31.119864509446664,-37.395797760860006,-40.030609840229445,-32.259991031129964,118.7675012087858,-43.86178773255503,-91.29418551438819,-3.135320366551815,-26.65351077182936,143.1707830025581,22.44925278932156,-7.4876306247550595,-51.92327968801628,-3.200989763721065,126.30907640395408,18.03783351927877,-8.934649815516662,-76.16060853470199,113.34238916368705,63.41204258103997,143.1707830025581,-44.052262612936374,126.30907640395408,-26.625869008118666,7
-36.387357787737805,-3.3337695336830846,-245.90638499147792,45.73578509062596,28.76392831322984,-45.25952439613768,-11.923315929385902,39.786227507780396,197.59437243528134,300.6518983963314,-31.649929384274216,-145.93953560935998,-16.19367661070784,-8.440228273772114,-201.64521341166983,81.62610270481076,37.114167933590664,-15.382321451685845,199.81785451086205,-43.1954950323587,300.6518983963314,105.35281748203286,-201.64521341166983,-79.9880488058759,12
28.059859048235552,-62.65140229601268,-147.6066082443114,-18.04175647047443,-134.02885991418424,-23.582749242374245,-101.24464135881357,-112.70943868741882,168.280711110423,352.8560037085095,0.6580790325706776,-132.176839353263,-36.494089034575545,58.389617399300505,-364.0779763483567,29.099620981305414,4.10670361835468,48.39495701610983,149.10019639061252,-51.42671660982812,352.8560037085095,6.271683094485727,-364.0779763483567,-20.81507807589365,13
25.316480391476645,11.82430457341189,55.696207652123206,-100.352089921643,-184.50556314164453,-0.35376945562627277,40.915514458693124,30.63327480235067,80.66830808056098,-230.1821303894904,9.000872461527276,36.498804070648006,5.407686600109987,30.200483127114293,-65.01071335421175,15.616131388794237,0.955182061952907,-8.745346774414212,-58.32588463054485,-33.465966885722004,-230.1821303894904,100.45975274819384,-65.01071335421175,-34.503434770864004,18
3.8126050740506523,-17.663809380479083,-93.37821536325139,-7.379000499464734,-88.78065894498427,-26.65012149687755,-23.601830695225647,13.133128299836496,12.774052282669693,178.36799658929982,39.43728939075743,-59.34188868400456,47.996863179267315,3.5758932468649895,-332.1898621092831,44.82833686975851,-14.006672402390365,67.76176966987558,151.93005225526375,17.39914125829352,178.36799658929982,-17.39936831602069,-332.1898621092831,69.5002097320255,20
-77.7897701734114,-57.92732568622,83.42660951227005,-64.05585795971449,94.57637031908307,63.947571872809405,-25.026681318644282,-57.01752252647538,-118.21947342959612,-181.08470140923527,17.251871718926566,-23.12128316493989,58.82308114331168,-132.72493428782175,367.8934018811682,42.88958239342081,19.77461903755843,-104.20689285549534,-6.906350537626538,12.06878004861421,-181.08470140923527,109.61247271918616,367.8934018811682,-103.35447477398235,12
-81.90587797330178,-20.954841972571554,-114.83047023611257,48.79727781547517,26.66902731687438,-5.747035268033497,-84.11857842898081,-56.94064462720384,38.07092578191762,208.81437015862053,81.6764759352589,-39.899726466625786,70.94746981435642,-7.0707362122648565,-40.35365872305947,-99.12991585442215,66.91382780235199,-30.42941905929228,-27.190148377416374,70.75170987442684,208.81437015862053,-68.38204264009758,-40.35365872305947,-22.46158438375413,11
-102.73377799545639,-34.65204656245477,77.70402497307114,17.76301903485607,-80.31572542945989,-28.97967944854986,22.315464314761844,-104.67203279466274,84.76075474692851,-173.32018219473662,-0.5413884737059016,138.1015285943545,49.64487687222654,-54.06122103642602,-112.64389896063749,7.519807379718646,-69.76169584358541,-28.168948424835456,22.499735908154996,-28.74190612974783,-173.32018219473662,-13.332141340194866,-112.64389896063749,139.04196455178698,5
0.5117400943819814,-45.928658959859234,-60.224668324653685,-12.713969508149308,7.339054110002183,-21.651940264306937,-106.30088720466689,37.7132441454583,-204.253199197052,240.79866100648798,11.408937925256204,-50.594617209477626,-105.63635764011956,2.589767180763358,-59.90355591013548,61.32145685617851,-5.439032970833396,110.92933616427885,63.16133968075789,-1.995194779252446,240.79866100648798,-94.09496962560942,-59.90355591013548,4.264805879738778,2
38.668022943389644,-2.9405698946868934,-88.35676879978438,29.677038485453792,157.37154286839672,-70.658173292365,28.489561645569918,-42.435057853210694,130.9689124104658,116.42277627812221,19.77292599756391,-45.81778571329047,119.07280029180158,-45.27428613047469,-82.56086655846025,29.216931769064473,-38.7162396180265,-51.02287333617035,81.99414601854699,43.13487037555704,116.42277627812221,9.00809333787782,-82.56086655846025,82.17254193445761,10
16.76233207608012,-29.095567929462703,-129.1279914598458,9.804215940833759,125.38861475954639,-82.2497618370607,37.71294847698329,-98.22731684518118,-66.89636844908703,123.33606531396178,-132.751092564771,9.543367342573713,62.30687624135058,-52.69141299674597,-29.143629060372138,65.36544812662379,-61.227599599341474,-91.49404744915114,2.0379805755666958,-4.099372396418468,123.33606531396178,-70.47662627193259,-29.143629060372138,80.39607588400109,8
35.133295969028865,-40.747018147128884,-64.25881847314318,-16.648270055004073,-71.01539791871642,-87.95501086273129,-0.818649386756106,-56.84089898466715,-41.530218390377044,59.709292665267014,-118.7903699974301,17.613063933346695,100.00489256115486,2.0875743277570358,31.774888877143454,80.17670196952258,-42.75182198606558,-30.578027737975493,-82.16712875118694,33.78917292107906,59.709292665267014,-24.314016807357206,31.774888877143454,-142.99035625602778,0
-26.671340177394015,-36.2273519857531,-9.703678887907877,-19.95661159690925,47.140855551609334,-27.92808290336394,15.22456166477176,-99.07792867690094,94.55167755290512,46.770727295228355,87.30523177262185,62.50362893595886,60.186863561483065,27.836656477338387,381.83367337897596,-17.60000718099552,-66.64861316269024,-135.11401715500102,-111.81756024871412,9.549968357641182,46.770727295228355,58.95225716873217,381.83367337897596,-300.9687146240312,0
-11.629999872297436,-83.53026562213486,2.5689447508095498,-61.55866540337766,50.67486161405921,-47.11896498180435,-14.358123696509592,152.0539022809493,-35.14530174822133,-145.90001693387018,-100.1734031084586,-85.78417856812518,174.3535018067954,65.7078833904828,-95.36441336607295,-17.040569102523122,-44.511832880677986,-81.84857633763002,113.89269663814784,-50.46562814446949,-145.90001693387018,113.72455754498668,-95.36441336607295,4.931362792977989,20
24.85665133827267,-69.62588746270922,4.689022321775251,-79.33438434635163,73.68535226022763,19.906901686562716,35.93382507064216,-66.00905874195118,-121.54036568371943,-116.09162588467026,166.35517033951064,-22.10388263866621,-34.78631181646819,-37.62051774477155,256.5606872587413,26.099116661846217,-46.572595169529826,-212.93413401047727,-56.69411598236459,-9.916355415993477,-116.09162588467026,23.499583848309136,256.5606872587413,34.33989709087062,16
95.67898491994055,-9.92788057422488,-2.379359008771331,36.80367826070556,-39.56940674079934,33.83651657313189,-0.11781784176020066,94.31781863686744,-45.27375172274467,-116.94175201620345,29.92846850417054,-20.517313402225223,-93.81709419262432,-130.83417909442255,71.81193081891422,11.52205665079837,65.49581904159842,64.9764419259222,-130.2304713815318,-47.46050855562025,-116.94175201620345,-86.75206636828605,71.81193081891422,99.91567822692778,2
-93.91420068229684,42.53337507570309,-162.5733810233384,-29.415957834126864,-89.05684874715945,8.092099908089924,-55.42523902829737,70.1648577358688,-46.226191113094174,38.94837204466574,-71.26755362014096,-30.129500564385722,-113.4149894651321,171.28160792922165,-325.58402096374436,8.414072776090382,14.205530534440092,12.241152483869664,9.292275162068782,117.70361199837347,38.94837204466574,172.2065415856304,-325.58402096374436,6.955251888549032,18
31.041542447274164,-17.46776541876967,19.60064665310299,38.04532499565309,-40.63344436935516,-6.076952067643343,11.500659935661073,80.69604900362577,107.81063433033756,-195.4248145318225,49.87627007941177,150.01730389435775,209.11223454640603,-95.09451030208314,63.6608523426147,48.43207287530123,55.1938068673704,-9.447727757373663,-80.94236756690528,-51.710228292360355,-195.4248145318225,-25.1532352364077,63.6608523426147,-30.738603150795427,7
-17.298226100042783,24.716508367482227,-87.3937858653155,-13.44537296626795,17.461337430682093,-37.35229253467964,53.66817684969935,-24.204947122284082,76.702598692961,-49.62399556497051,138.07675139258905,-102.80011318285827,-0.936460063541551,-209.10417249860842,-61.84522018995398,14.98946832841785,4.010883399942906,130.00238376576328,-213.0281819147933,-15.385927414931588,-49.62399556497051,30.24911125398418,-61.84522018995398,154.85347955396736,12
-11.357036824774323,39.33968311762395,30.650367169910844,45.569988481409396,21.768479783755474,14.071839997136257,-18.75311552031132,-143.1004985369627,24.38322677139822,110.50296453929442,37.56103574698734,-145.19395583855103,-115.1577175282844,-23.330741226655178,-20.879233806834804,-28.923608030900102,-43.8902679610979,2.126391287915146,208.6788950859517,-21.530527716373143,110.50296453929442,161.47015052266144,-20.879233806834804,-24.286542136804993,17
113.3132708583365,-28.06528156692119,-175.32648599808184,31.386393424452372,-85.28804042696052,-13.456767467511664,-23.171963734183652,-116.68311913508184,-105.63934710876907,209.322365909765,135.2370599112217,-142.7931355280493,6.553733217321636,-139.14843073183562,-163.2728770810273,29.698042929037513,17.407896738076115,-6.03862605017254,-12.917213674510268,-5.289089175076066,209.322365909765,-56.709703999582295,-163.2728770810273,90.86380353751302,10
-17.3299395763426,28.82266109326567,-50.18358637807874,5.7291180452669614,-78.10275952583038,-59.44780347924721,-45.51954841435006,-141.74823316411175,126.23993962252214,112.67463896981027,101.74751110405947,-79.7081515965317,22.5269072332365,-6.61225350344862,-81.68593321941515,-7.270083511922413,-67.9529453061918,-85.52116518638516,-40.06091331979471,-8.101384872032039,112.67463896981027,-69.40822654969891,-81.68593321941515,42.53336302214615,6
57.171031963086286,0.42557708038365566,66.23039489717844,11.47422476910149,18.59522977059699,37.26399487936868,-28.820064461585794,28.38357994994647,-103.06113026084836,84.73812273931242,47.54615107754803,-76.39749654305056,-78.86948770310246,133.0506166393317,56.01894197236882,57.225830866169034,-29.45227414456302,36.71554755831839,38.59442938094552,-1.270715133564774,84.73812273931242,48.56861983808115,56.01894197236882,-100.22596642819619,17
-90.49741099324368,-48.27886760556254,71.89738399613628,36.84944302995592,-60.263914134205194,22.548887094943886,-21.79680744175949,134.12132914633094,23.735085955723058,-52.87551353585681,-19.477377501079147,-125.9014799247612,25.45710540661809,115.08450407975728,-133.39985044824647,36.96614715378117,-3.5935108011851806,7.861390796251211,54.8621309041199,9.84870997498595,-52.87551353585681,-18.04989404302722,-133.39985044824647,36.662262795404075,13
34.53790320517759,18.610937944599332,-115.08945632779442,-25.415130395986836,-229.64950124297206,-28.54739886055072,-28.102742339787454,337.6895812621178,90.89975119165821,21.979089629177256,156.5491351817515,-24.901416307199653,8.03549246062091,21.545989322818244,-227.47915209017327,19.033330682880127,58.980921644614874,113.1114258049709,121.30844363952974,-34.006598710431,21.979089629177256,41.865049232269264,-227.47915209017327,-109.16093743520982,4
-27.366268101514176,-35.260679653824255,-68.69994911330905,-3.074043988906214,-172.56646513267012,96.57339783301663,-4.912847186395898,85.44544585707321,-33.25306342467649,18.502791418322314,0.6017216220488297,77.80247812480832,-113.78035392809764,-132.42279121175304,103.64920779652272,34.233004050026715,-39.69596882919984,12.146396984398802,-23.678846078556965,55.00699477202819,18.502791418322314,-164.50735499674545,103.64920779652272,-54.36913507704279,14
-19.75811213262884,5.429911474825987,-123.11965788828111,25.781926074413782,97.21839171797562,44.229419272875354,-39.962590909756344,-46.8699304111567,-4.250314060559273,-34.200853640666,96.0227708915863,135.83608128176755,-108.29597723615367,-97.53983903503332,164.33047619670754,14.657251790302388,-70.89301793997232,-43.342131335615434,-160.9115468969825,43.21167789909322,-34.200853640666,33.72811988662402,164.33047619670754,31.871059064103278,16
50.16461711829823,-84.91106276824661,116.61728055790688,-8.501696741189114,70.7354831918105,39.762712968959406,31.99603763321436,106.03516122496532,-17.097267126650415,-120.62188907960847,64.23340637827219,-5.514717742641602,51.74981055210218,17.106490841913796,15.883476948316575,-26.481363986550306,-34.60272633066877,7.40509918048287,67.69248427338972,-14.58765793670835,-120.62188907960847,-22.13785821621319,15.883476948316575,93.22794120019617,10
22.971035230189877,-34.060743537870046,11.4787490302957,-77.25638208475674,-106.16187702080339,1.6247311703854905,8.318367233118543,-5.8229009103169105,-50.31472704746961,-246.41011094212848,-25.953844680393765,-155.99719943899078,-58.843442657693004,30.0723871853962,-59.7225614893033,-4.118144698693046,-6.58225051061632,-133.90528914715776,-119.12978948686103,0.8758850959442892,-246.41011094212848,74.64259911494652,-59.7225614893033,121.73103175578751,8
31.851236649394345,-21.6787514994575,6.042997869228337,7.37598624951919,135.6199037025399,6.486671571307975,46.4878290764273,145.4700140242424,101.2525155940516,203.96114848415195,10.467232864745775,47.62217672615371,-79.5961529693188,53.09861644563672,176.11658115835382,-55.98511541720926,9.502310830676644,83.32329206144722,126.69266277127943,-44.2747371841888,203.96114848415195,-48.96785097834503,176.11658115835382,-165.55444752217468,4
-2.4302746051011384,1.8305092836686225,59.5122687273025,28.051763381243816,-4.926073467292729,-23.509855474549006,12.105070716994373,2.1781204507289154,1.5046909180580403,-14.293022712490885,-108.95377762512844,-72.23380375665994,129.7438696382547,8.061349710155712,-116.00546952421232,-1.3025422991109405,77.10088890872098,150.2581697917981,-5.238382452131165,11.361920694654115,-14.293022712490885,92.74088540946245,-116.00546952421232,-53.46747289645044,7
59.51369215988169,-38.75834809912514,89.7663039626279,-37.02364965582689,125.78057415698218,28.58454105899767,12.1594228901365,84.08515584496399,-32.64491197651899,5.578143701244017,169.5041750230186,-18.379098426483065,-30.80720771078104,-46.7194774591174,298.2886420252211,-30.692744148410537,-18.98870650560407,35.24022565202657,32.749365563706895,17.41200904132801,5.578143701244017,6.753802583039938,298.2886420252211,-92.68863357009616,2
53.21250884793537,-27.899496600442447,108.99083145813356,65.495581490861,-58.1417166281863,-23.941826667545094,25.46569705095903,-186.93739196401998,144.03921065699623,-181.4053120136913,-33.77141262098792,-95.85001791290478,-63.89148512333925,-43.67265829983982,188.61420661835692,-7.974291531401264,-66.11438013041438,-98.15791799261561,-83.06417852368106,10.957925249918222,-181.4053120136913,135.06384538533686,188.61420661835692,-65.09043721887727,6
0.46345280576710224,3.6225390495625227,-98.2141712365856,-62.800222575842916,120.95905278564683,-9.561475272446296,-2.091527697123472,-31.959594754244502,29.639968528933018,227.0925633958038,-54.952110732311766,65.60913808958202,-22.593211844507888,-74.74654111081163,217.92744350179544,44.368233408360766,7.2735343331081115,0.22854625324294275,50.47511876414431,-17.508294692475456,227.0925633958038,-44.38611227810111,217.92744350179544,-169.27795079495795,20
-10.199264099002496,5.962380036709487,-5.227080516020157,-9.529658691102314,15.16755776145548,-41.82154237530484,17.218608592220374,61.77284338781323,78.58028136979901,52.536423674672406,64.9643603106119,36.68114296162202,109.1735809977601,15.137397048152224,27.40322150172661,-19.460307730902684,-15.474700525133951,1.4520085085232104,77.71886399464078,-29.082771491529765,52.536423674672406,14.650735981516503,27.40322150172661,-107.35751598658851,7
-102.55349705090563,2.3080599846090997,-38.17233085707124,23.05416715635989,-68.09409726448737,-66.4965684923248,-0.7481679099466821,1.7373138828906853,122.41427185075989,-4.6119671002039695,-125.26229380441309,58.355479049037356,181.10253611459962,42.37796591202853,-68.89381091309306,-48.43643754654614,-103.41511071330089,-109.67068666443522,43.84889183102901,-45.873498964319595,-4.6119671002039695,-46.86505325104285,-68.89381091309306,-77.27037477707773,0
-38.32196074700879,-32.87062825177117,193.3306873916984,48.26979360112725,-54.79856797171906,-30.51685291541294,-53.690670649843554,-9.126808701337916,-36.6771243200278,-206.2416259883352,-51.10421536251282,-31.27466723078011,-204.51168439969035,-11.010736415712117,214.93083270135332,19.524775160874086,19.26004127007278,52.25412901461574,-52.562908857259316,39.273862887515996,-206.2416259883352,47.83233344401131,214.93083270135332,-27.707229953215872,13
-19.880175781425603,63.60259561610965,75.91632874148003,-55.31344479245158,-66.09363990532962,84.5341786047627,49.439034695163826,-71.47491625389038,111.4888643741738,-130.56729118041258,55.9071121625461,69.47996579073822,-40.75172030419977,-55.702824706047124,154.06952564023138,-9.925815816011077,-8.901064348291523,-33.50987393382078,-50.74972426131534,-14.171094772715584,-130.56729118041258,28.23651764242733,154.06952564023138,-51.44846799579514,6
-15.06718804035055,14.317279540713736,2.655628171317961,32.47678608201626,31.916038627554073,-25.003077556382678,-38.412613243137905,8.572774014944349,8.447543394909909,-78.45894223364856,-15.438509550871832,-62.15015774437147,82.88565696395409,-54.70688191125308,37.38958454740225,31.79390542741178,-40.46969061131875,-40.53029516787678,-34.957788977998526,-24.146446544382478,-78.45894223364856,9.305443526701405,37.38958454740225,29.139344126926208,19
-6.404349259419849,28.67886148100295,28.627346876639844,9.393006832607385,-15.203576923939917,-55.88004455676516,-12.259939078507593,15.610532712615349,129.12338367886682,30.524841710717027,-82.57058648833343,19.768057348924746,-143.80722344808956,50.31636266347964,-140.2588457870956,34.39703514488584,-3.5899935699815884,164.00239132690544,7.3474400979939425,45.70788259543991,30.524841710717027,48.94323699978737,-140.2588457870956,27.97100355361744,13
111.51003700924676,5.633540972821505,173.05229867324817,-27.24767777881269,-23.384813349964084,0.8226677618643746,16.883370617671755,-30.342325788791904,40.76592379710063,-210.79083860981044,130.48492435603356,-87.74880515914049,92.47983803248249,-47.35832709975761,209.03438821745107,75.30567411204443,48.040174064054796,-81.4947430996603,-28.42280926555472,-18.755590638138344,-210.79083860981044,38.549705238713244,209.03438821745107,-30.37152453017855,12
20.332437205954932,16.304193375123592,34.34511913864753,23.48537586803357,46.19886784077431,-5.041059889988102,-63.922684731133266,22.612218295574618,-42.16699962577231,121.52456488354062,-84.28758023888845,87.67729692900055,-43.72798657891721,194.33145119621653,-146.69106264819558,18.74511799594145,32.93626362534458,115.53504478651716,-38.27443054835018,2.399712371992181,121.52456488354062,-63.122158345167,-146.69106264819558,18.578566010337454,16
-38.105013161671344,-37.40357533035977,-52.10270147898318,-0.003191823643028893,119.36608448232762,21.96803345612971,-19.310995838436696,135.53831608845206,-38.86918728438274,197.91488958305078,13.991646603447583,7.872308732454849,86.69919281378284,-25.02027955440237,-27.521599187333802,-2.987601739514928,10.188911702687955,130.075636779997,81.72896409907435,97.27327170358717,197.91488958305078,-87.09722081888029,-27.521599187333802,-28.869674192321195,3
-33.78773857728456,-27.792431925180527,-29.482566354029984,-43.94404432689303,-79.46008535278283,-11.746453329721705,-22.895071571968984,26.403248858828483,-32.87355436778044,12.007364821179738,-9.596500361817828,-160.78831825686058,67.7807924773106,-5.990882023370103,-35.758204692625895,-44.45606159516407,54.64364049191725,-20.82282440603595,-57.2622270276628,11.19321836002012,12.007364821179738,-17.163738859898423,-35.758204692625895,-31.311233406042824,5
54.483766993186094,5.842977312705396,-3.146285508556641,69.3546251707369,-8.981729587784555,-3.207298591944128,26.20248652526321,-86.29956327743265,-79.23508077770941,43.67587929783977,-0.01937680703541389,160.80956762904583,25.39228087281833,-44.09610010055019,169.04123478825045,-36.87663827243511,-26.52551385882912,-63.33903124708152,144.73870464636946,-53.53343550628273,43.67587929783977,61.46964406041608,169.04123478825045,-180.69440923436588,2
59.96151778605174,-64.61092535224408,84.2821279740361,21.34234427413206,12.369110823269388,-39.864364492396014,7.307585210687528,-94.58902353571864,33.073721900001196,-99.8890877340404,-2.0487800933491274,-141.78123443332132,2.2068455584893654,-97.9215314588297,164.48400880336163,61.76005298578516,2.6516133441158245,-13.134525670600068,-69.09715559003929,-0.9295816542679723,-99.8890877340404,60.09481308300755,164.48400880336163,-19.58716129334672,6
-13.323200264802995,1.3227512460479032,-49.20024747058321,-42.01851084512412,-128.31984167484876,-14.389051087986935,-12.700451026593793,-56.05008209739459,42.32020480251606,111.74919834563022,-31.96923331014134,-136.07094547951814,15.97578697684673,-17.01962329579109,-179.3270514669644,-62.11521080130346,-30.29252286880826,-53.43873522415176,101.55667618148345,26.193492012484427,111.74919834563022,-67.17111382063692,-179.3270514669644,45.47528270525197,14
-26.037231453564026,6.502539560603164,-220.06246488184684,-39.96702936654534,199.75129804008498,-22.418026155098406,-40.14037509274323,-158.27468308471146,-25.998606451971185,144.73942599948242,-9.97007402120965,104.2401368004499,-20.14604754530799,-73.48651789921826,192.40085916685632,65.19159604799918,-55.591751647763495,-106.59033394365139,-88.16014358417081,-19.890916566702206,144.73942599948242,123.6795042073777,192.40085916685632,-105.07480462767198,16
-56.82495968659503,-5.062606825109015,-66.1532660198287,-37.9299207573006,-131.75943006517187,33.85437407231357,-17.231265343734425,-114.27839156949554,200.05981382786342,59.33331681363914,118.05723384039068,-132.27813217867453,-61.96695681812145,-115.36619887562273,-128.17217420636473,15.006990663096918,-9.833375349658652,48.46568183801347,-14.396889078749844,5.191953091205671,59.33331681363914,79.34010419270902,-128.17217420636473,21.908106793823663,6
-79.41161172530711,-26.53409845348876,-5.227225468325725,12.410394841651115,-204.37578531361456,37.98452716648433,-17.985263075317,-181.38469178921076,80.63148375707905,-121.84016685396364,-257.4212460820314,65.93287716087686,-8.335663848171642,24.610538372298272,-467.52075083578524,8.421196730661233,2.171544919938385,62.64979808279886,51.72683689444668,-53.790414901537204,-121.84016685396364,131.5203948452789,-467.52075083578524,147.13356588313803,15
-41.91176383016774,-8.94047029000928,-37.43460033797313,-17.460216250815357,-88.9036244472365,7.3162865523128175,-2.914976597006307,81.94517511497173,-64.89671708171507,-85.75954988580747,-131.95347521523937,-94.09669300414761,-46.90266624423323,-48.43137008152917,-186.38803648774365,-31.752620519441628,52.22465788686791,104.05107225194888,-55.19163992830965,6.115152621624038,-85.75954988580747,15.460684919417913,-186.38803648774365,103.24035608095976,5
-32.62256289752322,-21.153887156050306,-53.14732063096698,-63.487494564818945,255.81607265947324,32.40693806692652,-35.76406257972962,-111.09570413024028,32.0338403857781,126.48490989091654,-142.01353488290383,84.62305956164133,111.7959348923705,-53.443642044528374,-94.21001290036342,-15.016337885132405,-30.33455812978383,14.982103976029526,107.4345355593192,44.215405364611655,126.48490989091654,-9.30652337688393,-94.21001290036342,132.4466889130859,16
33.015152427654726,58.828169405369124,8.39009429757632,46.40079288313622,16.953260058183893,2.442469933112889,13.183323479246841,-24.895679783379016,42.232413409110904,-15.679353473758248,124.84746307043798,-9.885462721282003,-17.430027463597256,-0.31683948903100667,-3.3361468053410026,-55.63698530233074,121.6925399970858,-50.51240105565613,97.2833386504247,1.3660516048303337,-15.679353473758248,87.58504136468994,-3.3361468053410026,14.025356027593006,7
-20.39498937704741,84.43619405325472,94.16835604258233,-19.10788995076334,-117.13475279506233,87.3061191182491,63.14913908701274,52.41947738852766,71.6663006844211,-266.0839480963242,-201.34663006107542,77.39846803079669,33.28429862488228,137.15115061526336,-262.9169399412117,-70.68272694663146,15.82560402321967,111.77428404722292,-54.18541210766289,67.27355705234751,-266.0839480963242,174.05901315941333,-262.9169399412117,19.798955565982364,13
9.797447908042392,-40.32802137568429,113.57612242866227,-16.271894707430885,175.0318594685162,-48.53192925192438,10.082236857703426,64.42649488675639,233.14756984213716,-86.08396499072818,24.47920611414414,46.424623231369694,-144.9320440917239,-22.57293616782323,274.38675121008464,57.755993981378154,-56.16084444509206,-56.97091778332165,40.228563450963044,-9.357934466949395,-86.08396499072818,-74.58600348620634,274.38675121008464,60.950838701027834,4
-32.79352456446734,-69.25419186510729,70.2060679483267,25.952451062453278,10.659661597171546,4.8045619698821165,-51.06816842884057,-33.04724715132946,-21.515060313709675,-88.41163646519199,-69.56137562853553,-127.88220716033523,138.2505946218396,-114.51260557796263,105.99248739259681,-76.4406558170404,79.26107137539366,13.1505344039684,-46.079748361503405,33.28593604511965,-88.41163646519199,7.710299527322784,105.99248739259681,-29.2104473046534,15
66.0831543384618,39.086912058446394,63.27982156388966,85.64463340698508,98.73842617137572,67.78298021708254,-31.98207866825392,-44.77729908277743,-50.360185713726366,-75.38248983419577,62.2245909368446,91.376339731233,-6.89353385015242,-46.066358027278085,142.3418298839009,-6.318106600719837,-6.381848958076388,70.39153909090994,-13.425850340942578,-13.06824929902537,-75.38248983419577,132.0095954400762,142.3418298839009,-51.24522558314549,12
-64.85640429010354,32.67480987744571,113.40739902400767,-21.513996400616545,175.74986887002242,0.8782898168376261,5.120809579183162,-144.02993224115863,44.344875462199695,99.15260689576954,25.12581262292036,-34.66262908546354,2.0980867105228063,-12.005794506637919,220.37623998098738,58.8568595584763,28.63217060081692,-15.56913082537819,-61.53211176653986,13.620245940556151,99.15260689576954,-122.80633425266964,220.37623998098738,28.89947364348872,19
3.3062979128788967,-16.070748167185872,33.84391837627358,4.684787350097502,33.83984641578021,-46.90478969931427,-29.000818789760636,-185.44197930605634,-103.79273253114559,-15.917670928561542,31.69360289489985,-52.45873325138274,151.11044595208443,7.874314865579768,20.66064033929496,-45.883482497192254,-19.366723184685345,-73.49300177196167,-114.76640798033608,-30.48413603827562,-15.917670928561542,18.92128485511072,20.66064033929496,20.92994199854511,17
50.85346458475812,-41.89662641063143,-155.84876502978238,-53.93629497791012,280.85639483210394,-2.4083414634486404,50.4735850567479,214.5373595630339,69.54697535702954,343.8275941875562,153.34574187810438,-122.34397463724105,-74.55807123303833,153.78905689013354,110.20963116364948,-13.63635685884912,-21.454339054802002,-189.96897556744855,115.92823981726646,47.519694937670735,343.8275941875562,-219.93972329628775,110.20963116364948,54.5976295926479,1
-18.630041786622943,-14.370838891260533,-32.58186374376987,2.2021449121192327,-8.68385438468061,23.17278776510021,-24.634705052144483,28.412189108496445,48.34893761217556,207.42199539623596,-86.81502945875735,-129.73766271454988,53.61890578951833,0.7239558943666236,-250.48833697784937,42.760757498524654,30.107706526992498,103.82783894770779,136.0921430779773,-48.91198505521105,207.42199539623596,-89.87790595586931,-250.48833697784937,66.66996504815316,9
-13.026779999467703,0.25481881367491344,71.0867258503909,36.26226215851185,63.315819655874336,22.53992946147772,-52.32101019353186,39.197019028971276,47.41633726050704,-15.335248418698143,-18.25274574447034,-9.230278129376845,38.54277960849248,-72.6576287997999,36.464540242833756,-2.580007217351083,48.34585370733437,44.5555803321719,177.6162497816918,0.8093163276661569,-15.335248418698143,32.53908185204122,36.464540242833756,-4.802635441517875,1
10.700662683892102,-4.492007273706356,-25.853897775569926,29.302141201250805,22.07899672348689,20.807000210339123,6.922158729116868,21.749369260005924,-26.47981686615313,-124.18662201082795,-131.01885392465027,136.64288616818854,-116.21921109179328,-45.68783970993535,97.84436880839685,-52.90739725733289,-9.969535566217473,-79.65406771504128,-28.41942079206092,20.653417962958372,-124.18662201082795,-62.20018298806039,97.84436880839685,74.27066232265517,9
-48.017995119148665,25.865943425554327,-10.131199221932041,14.795007000646127,20.5576121000853,-1.901077001191035,-5.592340817516639,-75.66429616480883,96.92034584765771,134.82747226329073,-55.23215644194139,112.4701871453428,-4.285878902359244,-14.935242629417909,107.49926367711852,-37.78579738445613,0.9232351975686544,79.64637588006346,-99.71982457620652,-13.009634029872197,134.82747226329073,-84.82721954059137,107.49926367711852,-114.64817935539999,7
38.331173690344606,21.94988551327007,79.9956399505116,-61.52466778370972,-29.42528946798931,0.04017328720655018,32.272964624547065,171.10661697305892,-165.89121935597774,-86.17777370821673,-62.85954819792144,-187.5121231613102,-109.16033331854072,-32.477113904367826,151.60379676393316,47.41137704896466,14.337060493648996,60.388733603255176,-55.052758745725434,77.42614286233226,-86.17777370821673,-70.27891329777317,151.60379676393316,-6.105732401946975,2
-64.33676582435731,-46.495739708081146,-15.904000667051776,17.819634324535123,118.89461276146423,-39.07810701448245,-10.561601000865695,-106.39985342812615,-1.8479781423802866,65.58129953672707,-197.9414349198887,60.86598902944217,-135.4351198081731,-6.1010246166793,79.60051747105877,-54.66101545700215,9.463058579933202,2.350234043404442,-15.120514039477557,29.712910481857847,65.58129953672707,-21.45377096976775,79.60051747105877,26.20044637253453,2
-13.935141865813803,-51.58403042744644,239.0656540958199,42.137277500882185,172.62591830014406,28.527744598974046,39.94397000345363,-56.93704260933355,246.6210914560793,-163.11077449852124,-96.2788194179977,122.85015843528527,-1.9025998770579111,-9.723244674496154,323.5849877165055,72.76179048766795,-14.884297652196363,2.3889068741630304,1.645128634534716,-40.651126241007816,-163.11077449852124,-10.892394687836848,323.5849877165055,-45.600813329469965,4
-4.054801992810525,-51.25804676836605,34.1861405756338,11.388351764937095,-112.74000856224046,34.36268828467775,-8.90538858011638,97.84472317591732,142.03952435966698,-9.297315533592416,-115.5057318548931,-55.2118518065015,-133.67708057511564,-66.94078643161889,89.33841679295112,-51.90592665012946,1.2966430395657258,102.87914923669767,-101.58592416311126,-12.038629542827088,-9.297315533592416,-152.16950658185044,89.33841679295112,-36.30158467462091,5
3.6126474192786118,3.9551618735155025,161.78259127703092,-16.01616947678545,46.92444680441328,60.42374172921217,-43.83240276277168,-87.17165962372546,48.976868917990544,115.5202906902049,-73.4661964362464,-103.45529326674536,30.261887341390626,115.05960624482647,106.59300173787685,66.26316321492092,1.1396043432350316,-3.1308461751228034,-1.299141960182455,-21.71714867035057,115.5202906902049,-123.74844834570062,106.59300173787685,-61.70925002628717,3
13.144973518516112,31.55709233438769,-89.44014697340577,32.011226666944026,46.32458243312804,29.377248247896688,47.771988949862994,132.11884313842788,-29.084303265332903,-289.7867345216483,89.68423766797798,183.04470539342418,138.84949271534035,-229.88683236880118,123.14765586308252,71.80583789591606,-25.76834150374816,-19.93174327168071,62.35933778681306,-58.855165605345974,-289.7867345216483,233.39260328144212,123.14765586308252,-51.88702077278211,0
77.30603218613629,15.160344818581091,-7.101943442708265,-7.310162234120149,172.3425944060007,19.269317875977798,109.15105992504805,61.2490522227727,-7.767756340207415,-89.17673336057504,61.113430274345376,113.80562896089927,-35.70356057994869,29.41587381000579,174.9261610896605,9.172031052055612,29.167113394769476,-5.8037885062464944,-60.65977616837094,12.181812520098298,-89.17673336057504,122.22919650817865,174.9261610896605,-42.58298434634315,4
35.41430906722613,54.352100807658914,-106.32929805705248,33.2362797701544,164.8550202592832,22.05886222071208,5.7786414116976035,-75.43813399476684,-124.38043824601249,245.66969989985233,-84.17822822206529,3.154826200705969,-145.1302201081009,-72.42955932435038,131.56131334895915,53.32126738265276,-0.05761453508043998,57.45270836834848,-64.4991806368794,122.98290710768553,245.66969989985233,-109.27254429885978,131.56131334895915,16.75186675631435,2
-1.7191791641422656,19.699261017470974,-60.41266083228113,-32.370907831469935,6.77700731659562,-5.647159094665833,8.727021852565475,36.077636010263625,103.49376894002617,117.60799287152923,-119.54027526120905,-65.94304917798526,69.31913916446084,-97.64850423763531,-8.744534114221786,55.440482957849106,-57.78547151112174,78.085484658096,115.45290711424866,26.862470552537303,117.60799287152923,37.65885270627671,-8.744534114221786,-123.67173096817281,9
88.98396913704579,-103.18596478772213,-41.891343498427304,-21.663996588869495,-115.88765148819729,-34.066561460029334,4.027916984382264,111.46610867592901,75.05641086893725,82.41304620826527,14.123474307786976,24.446102080996106,55.88381458229154,-11.615487111532605,-100.15172288192176,-35.082003064461254,-37.35409432458721,173.1270133214095,-8.847367202730414,37.10827952231405,82.41304620826527,12.96899146179415,-100.15172288192176,-140.28889883909187,4
-23.45224889673908,53.02886848965959,87.41867862541281,-34.49520706762337,75.64506474679786,-21.372806189459162,-15.256297228965607,-82.22269834375466,-48.77130110870272,-96.72770778648946,6.8935746043818025,-138.8227269023006,-30.017449193758733,-49.160179507600844,-66.50381277293843,3.2936336551940304,-12.417321650585379,69.60373255580913,-35.25235613280539,29.380918433925174,-96.72770778648946,83.59351520516879,-66.50381277293843,169.91875303462308,16
-72.12399638115473,-9.294504449508995,84.9472448337894,0.46530749913602004,-47.07985480204784,-28.588479612141416,-66.86176718249924,61.615470619050186,-146.1842496220301,-13.439838075200413,-12.463621680631745,38.65260025663699,-74.57353871770691,134.3403507514817,97.01657846462494,28.105837174573182,-31.77047556171051,50.44885978914621,-90.77987212279544,34.38917400458528,-13.439838075200413,-38.69297551486666,97.01657846462494,-101.62854090159486,17
48.13040605266931,37.940878698979944,171.6471083544111,-8.196966512484336,-226.17609299936214,36.80782817823472,-14.794776070632556,17.792792595620433,49.67105517164454,-276.55622918538035,4.980013376867749,-133.73865493382914,-36.08381515838448,-46.53245647876862,-121.51376488531156,-69.83172483287066,47.39637757826579,34.990497698364905,-43.53131030305691,-37.12914543895043,-276.55622918538035,-28.70873763368739,-121.51376488531156,151.76341274121003,16
-14.261533032351931,-39.72208420628764,48.72264734254089,-0.2772500007754453,189.4642075472512,15.134111555243665,-23.959382490450565,-80.19902460012786,-138.39070268718453,43.59589929122307,-66.4044944442179,89.7113265056629,22.784468433068945,-38.27034771870095,174.37294263565087,-22.803794902327162,9.366685049073219,9.12345379923412,101.22036494263268,74.25594622069562,43.59589929122307,52.769445254102685,174.37294263565087,-49.211919501860265,1
-13.95720004143493,33.42258054052887,-88.82673823296015,-8.701041922662348,-179.000710779975,88.2627362027377,18.827678583108757,-53.404682188630744,61.57389523586198,366.8387708132508,-37.86559123048932,-88.2894613816458,110.8570669633254,182.45652926610998,-452.4819640722078,-14.622794836682493,-23.9677868385562,-48.45599201141982,200.7391232200089,19.691884053270922,366.8387708132508,-196.25995488469255,-452.4819640722078,33.29786192345453,9
6.490204608545371,-35.988095263868146,48.5745949381105,-51.56224552731439,142.3299678957451,14.459650011146019,8.1648679243704,84.57000794509199,-132.39438510200256,-238.3160187777557,72.23977378986764,44.54026325242759,-82.80758580900141,-97.16783439177797,270.87589122414334,-49.883351542328676,-47.14068814818128,7.03752940433795,-100.04092391591445,-9.224603258120139,-238.3160187777557,106.35352058373762,270.87589122414334,35.572084113872044,16
-21.2980177610089,82.06678257626704,183.12062596019553,67.98345210537312,-43.14451185921328,5.586285932624209,60.35971701661189,26.022700618917032,-54.33882114045552,-183.1210912720289,-2.4631663360910494,-62.42817655762312,25.86471454565338,43.434160530187825,-32.3720045249855,11.580836362275907,46.524775602367626,105.49327527324809,-64.94190847037729,36.57594530668289,-183.1210912720289,40.718044310250306,-32.3720045249855,49.55506137099605,10
-16.506714024091146,-72.01879298956187,87.42782001846209,-3.1877334972483578,-80.58579560145046,-69.45461032203308,-56.48213214898453,66.64562980882756,-140.45387351605567,-193.74893615169822,-8.681742828810686,-4.477402407432929,133.18963741363424,58.99066936186854,-86.42577364285555,-7.000228241132302,-36.21505329264424,-15.116877050628727,-135.76753168813588,-36.53528106163042,-193.74893615169822,-85.67824742692574,-86.42577364285555,104.49910779710709,3
23.18024153668985,23.30145208924428,57.97087505783354,-78.17545427940058,-1.193899988549063,-26.364172506526977,33.694934604890655,89.31830586880004,29.280496522305526,-106.42443370087327,-95.6019427456615,-17.50213219845413,78.30270377489681,-75.59033030906335,-53.423522856728354,-33.41773888481004,34.39211235635767,181.4785178834287,-23.2604736644433,17.846913214575004,-106.42443370087327,65.71637159170234,-53.423522856728354,-11.66002942748909,11
-24.9271200645285,3.7984346725088387,49.3518610958752,-28.35302824835553,-92.99435953410762,-34.90295719067063,-39.60972919340969,127.59001103489624,-24.708167043316493,-26.43333976168791,-65.81110495960344,-18.083849424331284,33.949015645926465,94.26604448309519,-134.53418745253703,-41.26904726140324,-33.754748276362406,31.223988092299617,18.61253751642593,28.357709460723402,-26.43333976168791,-105.66361841402849,-134.53418745253703,32.39622837892382,3
22.803777093727,-78.18396072815031,23.317534889860188,-3.7609506887485127,90.79570148602559,-26.116208961875238,9.166855732156844,-4.925029781613599,53.44132637424431,232.4338428835482,118.69660659736611,7.8296663680064515,-102.67457125819475,47.02759749210456,128.4388705414334,58.88213872363235,56.27400837191822,22.802969974963034,101.5743209965203,-19.256318922621272,232.4338428835482,-83.56154527290445,128.4388705414334,-70.72817441862051,20
13.542338195744763,16.664247499021528,-152.50777060766643,17.885982300579,0.8282682382640161,-26.742891200401626,-5.70698197169904,104.64933389191712,117.49047093763451,62.59703472703164,-68.45843096496733,61.909589744774735,64.86058570652057,4.916055880989232,-439.63764577511154,-43.64690462166461,67.22437468621717,121.1691883204196,-57.79547450916374,-13.988989046956185,62.59703472703164,-109.9588915050225,-439.63764577511154,253.76194969526878,15
-14.29237048928921,39.578676883404185,55.57985077476278,-19.926229184962555,59.92191291767192,74.11515867917613,74.00140435240561,-57.744526489413275,-154.8304127730539,-16.977724588036118,-63.82868660789485,-7.01856563313203,45.284729143719396,43.81123650753476,86.92734789736933,1.55118807782544,-24.65977206820873,-115.62903384382744,123.98973816098214,-48.85436978486217,-16.977724588036118,35.140511661259396,86.92734789736933,-34.551858349880355,13
-11.762716314410168,-4.11462889896779,11.723011310241835,-14.925959391616834,78.44272252974787,31.21003006772468,-54.386669659963225,61.942641959423895,-66.2890460547234,-44.63355966949044,-2.7078302899415085,12.935882800487795,3.1377143318269907,-37.39335832156443,228.9494526019624,0.7143923676465758,2.699215247522914,-21.090464934607482,-40.98050341279535,-20.954136979948345,-44.63355966949044,6.353038842727612,228.9494526019624,-89.5973607425191,9
-19.605153775614763,-63.47985621806693,-4.245752367467368,-60.71557827525321,7.00128439490868,-87.25365025172856,42.17783867176721,-159.10640923230866,-112.67919481560327,-129.18509522274235,-62.11706853019321,-92.43074722938027,168.61458318767208,-189.58824106736466,201.82124254679965,-23.75041214659005,20.964495739018616,-71.36625450351343,-123.70103265949021,71.47503403791143,-129.18509522274235,96.44842073643972,201.82124254679965,-82.10978803668071,12
37.47631985514342,-38.55591487357281,5.657051149618053,77.02343656753597,-58.569540818235,-45.748884704633966,11.03401389221254,53.02272824840597,100.65300923027671,-89.5417630143013,-89.00582105564517,17.548322266292573,35.85566006749522,8.306717994433308,-336.39910558988015,27.529879515771842,-78.41840726622024,111.18585622691157,6.226314555369603,-0.7841524435035581,-89.5417630143013,-7.089669383293291,-336.39910558988015,191.76624985727813,15
24.31204920115754,0.9321061344528936,126.23175821948834,-49.94045234187347,75.85650196190926,48.6350806122491,68.04266451009195,-175.1999965701667,-125.62681212547444,-82.32171080669944,-177.51137326157036,48.028991478286926,75.6820652430223,2.4051239207007846,-26.516613346224798,58.21134492179992,3.6058147582751703,22.442360056592726,33.7146591939932,9.111938904991135,-82.32171080669944,54.96437730841927,-26.516613346224798,62.15237678656636,1
-45.84451101263505,-45.60810353101037,-88.33819182679099,-10.752314492940492,-48.235020655973656,-61.583214492885865,-25.652955586825446,-32.270871268063395,7.2927169394020375,78.92740565514399,29.521313224399748,-2.7550153887050843,-73.0120664431726,-42.0595457698575,94.7597885141686,-32.858678241123314,26.151248602304378,-23.432995329276203,-45.39724828001256,40.773562706914824,78.92740565514399,14.506487592940589,94.7597885141686,-105.31209842071,6
48.32646000522737,-33.00883495360803,-221.3091840516026,-10.965274157722371,102.15050088320336,-3.318905197318177,24.361146185541575,48.606594876188765,-50.447651637578474,181.96928666990073,-129.06838775506895,96.80519039853529,-5.666332752451133,56.748541931955785,-169.46991359356156,-33.8184876611274,-8.388102252682044,-10.232630668935268,133.3002918716574,-42.219547843612716,181.96928666990073,103.15143264375291,-169.46991359356156,-44.00248093453353,20
-14.800734883574194,21.74826894177153,129.6179361721992,-7.154971480973256,-25.890691550130853,34.63303727082152,-8.776282784172547,-122.81743742860368,-78.30311158313472,-95.87006442968638,-68.9031365966868,72.03195812653934,-69.12286465989328,-71.09258810440514,191.10104441506064,-18.847790374028868,9.013227503655061,161.09141020704647,-168.9812027599149,30.153385955610972,-95.87006442968638,55.7870898002802,191.10104441506064,-101.23434275650872,17
37.99005270110221,54.53141505207472,-98.52633051656582,11.107256149674232,36.729172486963236,-7.85625313149472,-3.6683659072202186,-64.85573051588388,60.86728502730463,209.419737548626,122.76898285184616,30.145992245258604,-51.102193371423624,39.21225773176398,-31.493870053888262,-45.19711790015312,-2.7537577947113534,-36.13570813646044,66.10180395352646,-9.169106606660687,209.419737548626,5.739940757864241,-31.493870053888262,-35.595793051520204,4
21.635967063691815,48.26615495799472,-82.00417719097011,-11.456661248244888,-15.502479470947677,-37.20455551520044,-6.976874022547852,-98.16946987202172,-47.5049670350042,167.78045340333935,81.66933038067938,-13.44988592680612,41.35689855332082,-80.50279303770074,-90.31082990052559,-8.309752063967096,13.407760869629193,21.390340921823807,21.649469592909583,-29.249025097801834,167.78045340333935,-61.21401136764703,-90.31082990052559,43.3930401361604,16
-73.31602597129573,-20.36757265901999,76.43654970503165,21.285402865577968,61.94560315769834,79.8416792908243,-5.595130360064454,30.696285712618483,-17.83087188470966,0.10153827867957363,-144.76751051610464,62.65686266138978,-7.237514711383639,114.945703342505,-120.95900218101636,-38.86617324541326,-25.159505744213696,67.3079941814459,84.61174738632155,23.191909534454652,0.10153827867957363,-1.9809174393181816,-120.95900218101636,49.60967236330413,7
68.19225980386994,58.23118655937391,-57.80826848363169,-52.175385839148746,100.43334723340496,-23.083491686821574,12.160169378375691,-23.23462439589906,60.95652141331264,-58.92983785699684,13.383025319530727,-2.658983895284126,78.37368314803689,-65.86731316896554,-53.65132862883378,19.30496840282332,23.71670026666377,-43.89858917756502,29.633993546756034,-55.327843341661406,-58.92983785699684,95.34465325770992,-53.65132862883378,84.40853249026759,10
-35.70825955493082,-50.43713609879213,66.53932019902113,5.879963455989495,-21.637191665847162,-17.90610842624693,-0.3407383517888375,53.2705534021506,-33.87110023384919,-96.34385212619704,-16.03669674166657,-41.60766199039094,-28.196083223245644,-15.92944450446244,-86.87467584930742,-41.36791361295935,-1.3980871103733898,-10.330468381115875,62.95169519217929,40.66320327211748,-96.34385212619704,-73.1553458619643,-86.87467584930742,164.20959747949962,10
-22.691808955489915,-32.48594011427748,-50.29497032931894,36.22436125924429,136.55446641228588,-6.178448682182055,15.91621375429305,45.732038044400056,-22.885004442263508,-183.30161334701478,-57.548639430879405,45.26099102086018,-11.753603144902875,-96.0596863552609,140.5280872426803,1.3756128601146753,-5.794271637984755,-64.66579866488922,-72.19940581871874,-10.45282454231277,-183.30161334701478,83.74002441400947,140.5280872426803,62.224825330176486,10
-11.233644459944356,-4.872293738345064,23.57991164959013,3.220096370144268,-46.350568018416844,-32.95242490928028,-0.3567633180411534,-2.6295224084906543,214.39692229092316,28.26664753025634,-79.3189747130111,-31.912621776735968,147.41363196736333,182.10498571768724,-425.2122663136291,18.867402739856594,36.9029155833035,28.235047141401964,36.77857599834639,-12.964950296099381,28.26664753025634,-21.483972023025242,-425.2122663136291,136.0765556148483,0
43.52483343322109,-32.325929222524564,21.12501626548338,3.5573008592259923,69.74095079328558,-37.06822514578085,-11.270641480263322,0.4195593184504709,-63.76898649437729,-0.08970391473296291,21.66236646140376,59.75320436012525,5.11641501131932,62.43728126108893,26.349150417958107,-9.008136520925577,21.13075479019887,-46.74374446578458,45.23585543142098,29.553922261436107,-0.08970391473296291,5.4315594002223655,26.349150417958107,13.78588562415828,10
54.35931883945364,-28.102081057899213,39.659929987171985,-31.339915944342877,52.95155361490964,-4.168651172795295,14.883864660516455,-98.32695701913065,-39.71246855959693,318.02183309304013,35.13869889891587,-153.1885202089526,1.4444243102746057,-7.324846297027472,16.54828174973032,-43.785539550838465,20.105034706028192,64.45413570815703,71.12342048569927,-26.270011637063902,318.02183309304013,-177.74316229886557,16.54828174973032,-2.2348929721504707,3
42.34625349770238,7.563716732350709,13.479604309925257,-43.28100732465713,-124.90129426776782,19.128480403927174,69.53104370407338,-53.966437209402486,205.52774243471814,-56.017763705879304,32.41032247717326,91.87232151585995,-56.41412207899905,-92.46352893968115,-163.83767979277872,18.644444822558313,62.117995823858834,112.24961844975964,31.913932236544387,82.63022101278094,-56.017763705879304,36.97871984057499,-163.83767979277872,67.97951571107902,6
-43.26309207245447,63.89310823952607,-1.9312382910181114,-51.41135647647167,-140.5900327312878,50.55267485353181,-40.38312230678951,-27.73510990101518,-4.820318998528763,162.89546192306756,-127.427100259638,-137.91206196704766,-18.748379187331686,148.59310958376574,-296.2685155996357,-12.557576709729002,32.85139419468451,80.14500124279364,155.04552548687383,-99.67002146931895,162.89546192306756,87.94049544729987,-296.2685155996357,-82.74712601292,17
4.731421930298377,-11.292144514957323,50.37913025951552,31.08517151849941,-52.59906899260436,34.001997529343086,-40.681389424482305,161.81412755520867,-74.49514606305209,-279.3465809700345,-117.70679734460437,-176.72489263164493,-40.68577112068021,58.530410156836936,13.208047560553538,47.124406963646024,9.744038933668833,-92.66036447449197,-5.593846842442609,-24.42178592444364,-279.3465809700345,123.17697907757763,13.208047560553538,21.49708448314935,8
-38.185235109964324,-12.320298612935382,-70.38052233253532,-27.07766990009056,152.1016619524587,56.062549116822936,64.68924983032605,1.5538318093604797,33.980466649246544,118.44953687610979,52.24003118513038,-8.481221125908602,200.45542435328147,83.5481517104027,49.96661875740827,16.668524142708982,-47.34731265996309,-56.61329744682065,14.96229287606306,-3.7419985011741144,118.44953687610979,108.15266440720362,49.96661875740827,-153.94315861484807,12
-34.543377756998325,-13.04368816766047,-162.76571386008925,11.136988188654069,-226.85871852007992,16.740148996839064,0.2150594685355843,49.350710527369976,103.40106703067143,41.4036743770759,-89.66842953446277,-0.12031977107608505,-68.86349413187646,-192.66884124230475,-41.8706891709708,-19.15312340539162,7.123002863660308,34.727876178571115,18.50438257968416,-29.972159746270364,41.4036743770759,-41.39484229914024,-41.8706891709708,-91.34456905965172,19
30.704561840547683,-69.86167396708123,50.31596248920678,28.53975427230686,100.74797020012355,18.020022697931278,-4.80665959278021,-146.1496492612019,130.70753180975308,-2.1654474301928874,-66.12477121059753,80.62515971783438,253.25379035640648,-99.4007452805559,-159.1889728267629,-18.320794157070296,15.439712269218216,149.00178318306317,-185.45895358832254,-16.110226437768446,-2.1654474301928874,-127.89963254812969,-159.1889728267629,182.07627136183902,5
-41.43671227369851,38.410304777444864,-103.5116171088415,-2.4295328809288605,130.62545725122843,37.709606503583565,-55.47576335637153,106.55292554794215,182.78114983323525,288.65523470121053,-22.434664738135,237.92479960260866,-27.99903361689558,73.0073827240013,-191.4814829700836,20.41700373803446,43.51657826800025,182.66784145089923,165.28947902453567,-30.038317804401373,288.65523470121053,-51.86244378212703,-191.4814829700836,-20.049149206713626,0
-72.96472738303451,-39.20612664896829,28.668587301748612,3.7660912555910038,-7.199240889154388,54.97501540507087,-42.170982015276444,-53.255535748247205,-107.01696810618049,130.45236901633592,-96.2264317478969,-93.866176626028,-14.262723716315723,83.61426533791536,-128.21188182501368,13.986854061578065,-33.21333251116505,148.95554623250985,42.59687118671627,18.086261844684284,130.45236901633592,109.4820770489516,-128.21188182501368,-84.41202023447723,17
-8.19288304269466,42.03502831894995,34.153971118321735,10.797295393063695,114.03749701920245,-4.959539527727265,11.335434767215665,-18.578823209093933,-123.74683320273786,68.70616006979976,-67.70198726866366,-7.453034787034163,66.93486785842944,-39.203950279758935,169.9725519343828,-1.966813385482986,17.568620345290622,42.15848228621165,-42.77137944067428,45.85989655767093,68.70616006979976,-60.881051313509914,169.9725519343828,-66.36388255161164,9
4.7222959490270044,35.79072110224661,18.996228320995463,22.407903918197512,46.78058412755911,-21.47995599601787,-12.829818203513588,99.45843002554967,134.7455142998061,198.71794071179397,31.1381715750006,17.911430931820558,6.212759651360802,27.050864464197772,181.4514077659433,-44.9762018199666,20.791314009536016,24.219424916131178,-5.429791034500413,-26.478926045758236,198.71794071179397,-228.31489022844136,181.4514077659433,-116.08593253331992,3
-25.59286132911852,-19.736070184476088,-47.8266651776614,-11.127214481170746,-84.71968262503648,24.96868022015736,-41.033846679578176,-0.07466829018029308,14.971483939611616,14.293481179936208,31.881354607878727,72.78157664283337,1.1743611632734297,-28.34595861772419,-1.4929828646096213,-20.14141957971557,5.4739501954789045,25.187498492585764,-112.5943213023294,-23.926086308024637,14.293481179936208,-72.00502481886315,-1.4929828646096213,-23.86132752109562,14
43.14517723946123,-46.941713953926005,21.304390773761092,-40.480320630691715,77.90953532004497,-118.39709881761165,27.94317346239361,-19.347564862948392,153.588790931343,19.12909443992892,-131.20678980231824,-92.48296315649176,54.90700113529574,-52.08864346617327,10.945430190723524,-23.150189884787263,-9.162788099606411,67.01482480506635,-45.91452933793178,41.41257084226241,19.12909443992892,-9.916010434041427,10.945430190723524,6.195369590244177,15
-24.812178849808046,-19.70072460754868,34.086460098786986,-31.899612435697836,70.98066484972318,35.266894336590454,-6.575581304696411,88.67715807943097,204.89696545454018,-67.02378409314919,86.67213683711455,45.86625001088572,-96.26177405860767,-26.090727358856363,163.28399757614454,15.279483572284624,18.64517330743706,37.24013534420816,-25.20737967981242,-6.856183781345685,-67.02378409314919,41.15165819569143,163.28399757614454,-38.783453763851874,4
5.035613955968881,6.9395095979901935,22.32282975732577,-20.422371753887013,301.18183413759095,0.07529580538165473,46.25723351611925,114.8860241466894,-26.377567159557135,146.18117330880227,-115.55626436847312,-102.70648735291282,-114.64565491181823,78.20873508883173,433.4294403868423,4.861207685610754,-42.77841238972738,-152.6155874720536,147.65210368959077,41.45667017710403,146.18117330880227,-47.315809044039256,433.4294403868423,-154.68751628049523,10
0.687976069985189,-44.128451125227826,20.177991115937957,-26.76111418961557,-55.65004911125716,43.958118594856934,-12.23105056888979,-18.914305471473316,-20.422848897454003,62.77344967142291,83.39041198206345,-1.3695983045195614,9.83187975897085,113.01484721393837,92.24192023224951,66.3971140901987,-13.684201594044868,-57.68937227342911,-175.15555373855776,-34.28880994331668,62.77344967142291,-141.18475299519525,92.24192023224951,-61.58771414144239,3
-4.521625309457146,-28.253171113472327,68.79652706391717,-34.91714731159635,-89.9278588852701,-1.2018908039739908,-23.681760719449514,111.9050376620914,-103.80168130533293,-103.85615809281552,84.28148421930968,55.832279847881296,-62.80579331263333,-40.79117869316137,45.1872152610806,-41.606757428162915,-6.925737382866901,74.50064718423633,17.03858093070158,72.57407615076653,-103.85615809281552,-29.996017181411517,45.1872152610806,3.2864900288056775,3
-51.19683766817113,-28.46918266159294,-38.411433024204726,29.93141390063103,13.174402150529252,18.64919167384263,-30.641457269924665,-33.01322663001691,-24.480125498116546,-74.21440037436793,-185.42052577708415,-35.19996160780932,0.4563267467536125,-166.69541919841583,25.693785467735474,-30.853575623233485,-64.94072531185348,11.05013970154082,30.16872625554715,-51.468854212924775,-74.21440037436793,39.18372865681502,25.693785467735474,31.62938050848599,8
-14.540449553246814,79.6357847734127,-25.674596667391278,-34.57959605307609,76.4291935495651,-78.37197770852809,14.53518686564108,116.85632541324837,26.77964687770073,-27.62392616913868,83.87617043802183,-128.78385921267284,-145.4946117860664,16.457742502810547,289.8121208089464,-1.8563817545400751,15.485097291299283,-141.03934474608224,-70.39878655517491,8.017309410456127,-27.62392616913868,-32.43317523434093,289.8121208089464,-45.250917500485684,17
34.21375492470587,22.243578273212336,24.433243952364833,-70.89133289370514,-103.90926261165754,4.690309416111108,41.47923449916079,-63.584539790296404,-6.172363278849797,-69.71842207023758,38.873440322685866,-0.6866012189044524,-74.01811891408781,79.85766052905633,-93.36164091674664,-29.220761917855143,24.59428739237584,-90.03999556649825,85.28421617149999,4.082398063611386,-69.71842207023758,99.22983070516884,-93.36164091674664,15.322780431076097,15
-9.211666946372791,14.033370555896722,-167.6579361112315,-59.316900638591896,-6.497180946463987,-21.03161997819639,-2.03654814886537,-47.58156999560455,-38.911062104028886,58.688159027429954,27.334914978183757,172.8329089567133,-67.63287836079128,-63.01153351434151,176.43792388619372,1.9585284033194996,-40.147184782917904,-132.77020240470569,-124.61688943167354,96.18042591569966,58.688159027429954,-91.6740332573049,176.43792388619372,-58.5746641210714,6
-28.611929315631407,-9.491638656506888,-63.862762816013415,-34.94654753195496,2.1694583652155552,-17.325869196151483,-12.022847135451077,175.98259042143104,89.8806006610624,-80.92269294011787,-73.98223445583318,-133.22792137004203,28.314901647405968,-52.97696345137979,169.13623260205912,25.307049416117273,-49.783254797991816,11.40529107027973,-91.09889148173306,-21.702315950071693,-80.92269294011787,96.07227936107572,169.13623260205912,-178.24776943105857,11
-40.06204736208687,-30.10097657536738,-20.99100314004116,14.521713883652112,50.62332676159968,-9.784025429270839,9.468814494082666,157.16782912695237,130.69616043193378,86.47992329797007,-14.359085570861506,-117.83074794267517,66.42538611718271,137.30951503501288,-39.37341180002936,2.1878841238565885,10.476114015584901,33.50660835474681,-11.241132690377933,-5.592801791710978,86.47992329797007,21.626480475194718,-39.37341180002936,-103.75181641096262,5
70.83487393034582,-11.959082455622013,91.75214465866497,-57.82989422414063,-14.0232036565369,-15.154880959741854,-18.346413707374644,-9.94745661500926,-55.559814110259325,-97.4537243381802,55.84171227711393,-24.970941714538633,43.976629465521455,1.6438610446117963,62.06509090654005,22.903023697109557,0.35120356250927104,-65.66667560210522,65.80908133978699,-5.895679667744986,-97.4537243381802,18.666773196025183,62.06509090654005,6.8747822285825055,1
25.696069757075122,-2.928303111579886,-30.514131776714915,-25.83136736491968,11.472095226190584,-20.865254520462898,2.9625814075044836,-60.43074758787425,-99.40573344196012,31.529856520463273,-0.3391347301126313,-4.147781070509846,-7.613301477755083,49.32118612113646,6.710125770609202,-10.521261126339056,-1.8993748933965957,-43.576247499323244,-92.931614651697,-3.8188499748175793,31.529856520463273,-18.27514540310613,6.710125770609202,10.376261099740738,6
5.020427724146139,-39.57740097622064,-8.951715300413774,-58.18662708847704,30.422405322753463,-57.42004308054132,18.798034681130204,37.87883095870485,41.9991199957486,20.226856132208624,-36.76235014344518,101.1363531028546,22.84146791539318,120.29461816859852,-203.82880176208442,-14.6884250394113,-114.99498884316553,76.97163766368816,-2.6080928798405356,-21.050566066446265,20.226856132208624,20.348083439271065,-203.82880176208442,56.992056752356,1
57.5621545653188,-12.615673893459636,-45.03624908881997,-16.827268389761272,35.01430092559193,69.12417625831762,-23.820407307095437,-99.69414086374928,114.75654778367073,237.662449022762,-40.089535869640656,47.476214823719886,-103.17020562270528,179.3735516552746,-141.09791538751628,-36.16532807422642,-52.2729704588921,89.2065291982876,-153.68775639576225,4.75421567374565,237.662449022762,-86.29399952599047,-141.09791538751628,12.6199799771722,7
6.209581787613097,-67.76469321960919,5.233506433097208,-31.791337879053,4.23086804397351,-53.638544187269034,-11.513631183417436,62.02192716638484,-30.984228983022724,-20.732630945931017,-6.948063569347962,-40.07361623851529,15.933545578822322,-76.32267572232058,81.43240443076974,24.810358932448977,-66.4740858812297,60.88599191394424,-145.49708293441574,-44.23604378441567,-20.732630945931017,-121.93899762196524,81.43240443076974,32.423376914580764,11
21.43924937213313,-90.6194567037612,59.32197020551897,-14.931098505741183,148.14367356910807,67.04918136059146,3.0174945863532256,17.405426275337604,37.217076541762864,-162.83196783059228,-59.56101567603531,58.60767274986668,6.25095471317878,85.1532936180912,114.6954552929143,13.051577775598993,40.62672018331858,-11.154352658141518,-41.837871807432435,-102.06085039601456,-162.83196783059228,199.83346180416035,114.6954552929143,-62.141338734273845,4
-20.07337032578047,33.390898627805036,-52.27261794852835,53.203297698849916,45.16986507471036,-77.94843282548305,30.41940005522146,105.1817579087396,-13.987968696530121,-83.38262053538493,-166.96740413393735,-150.3127021414809,195.10036216096302,32.53062633890543,-65.60363145452739,-0.7161958018850629,-15.435712205187652,-117.17174631746357,12.107369667434904,-48.5851769588741,-83.38262053538493,26.904947753946267,-65.60363145452739,5.946186385393961,20
-52.49015604029728,38.010230076069085,-56.0023622025175,-1.8795035391963846,128.17550929252073,100.5369141696279,77.34433334619193,-87.270912878531,30.414704082569315,181.40395176766063,-13.261949195857717,78.611171400885,-76.85107831862025,73.59837472562182,-65.93451471574092,-39.50542690311365,16.935423685049948,-105.53673002884636,136.41423154787452,18.27421994091854,181.40395176766063,-89.9337052323655,-65.93451471574092,113.65251389410386,5
2.3688714724893307,47.53620764642229,-104.81571575658144,0.5369261510312706,-41.18527073520538,27.30484532095862,32.46185158680656,95.34022788935388,-48.45204291723876,64.26030692139366,100.4184836117625,-36.59952213961817,13.082540265641613,143.0512021617452,-263.1900303384951,34.131363238174714,-25.833974171764346,131.1158590704625,-43.080424340371465,1.902143139647249,64.26030692139366,204.60120381511686,-263.1900303384951,-63.62233389500737,4
24.66393948206821,-27.78216763566812,45.496809965408175,1.6976225948252857,-0.8120356103328907,-37.03948846864058,-7.733330526297073,-17.636254841482955,-79.14006361643172,-99.02788329675316,110.88899127540034,72.12060089199429,-40.62576793637399,83.36634892720711,247.96338912010114,-16.88189717573881,49.557215297615045,-94.69015053532529,-93.1194381158831,-66.58550424597307,-99.02788329675316,95.54959658543731,247.96338912010114,-157.43098065264826,11
-33.57255567292326,21.433056895848406,-29.53795969598305,2.1428377821746385,95.51078298328284,10.516667062509839,-40.30963937436121,-82.42902218783502,46.210623364140645,139.53115445685694,17.34553201560477,-163.73847600054546,6.605457369892305,54.04420218897349,-45.377465040773934,17.50452823562577,27.30753686209809,-102.80877094848734,22.859119828500802,-54.80260862535281,139.53115445685694,-51.82189462832128,-45.377465040773934,88.94445905077937,4
31.197307764338408,10.859353728735545,65.74498203982802,83.71653522874502,-44.78549664370418,-59.6031395705466,-20.056799421505378,57.90780138734691,-62.52742060205279,-323.0607143408943,-141.68674738338956,-135.6538613532614,-13.06292555723935,-15.666014660307805,65.07814679042856,68.2785083014117,2.104065727476179,-101.31331595256945,-117.27510644815209,-37.00886054721843,-323.0607143408943,63.975967979601194,65.07814679042856,76.96660853602214,18
52.59149144053397,11.92093597848212,24.371106784945802,33.56522176430178,-142.50559731027667,-10.11301531251249,38.67488889667352,9.432075835114446,80.83153337080014,-114.30683110562519,-73.5580803344604,45.20721823705169,-141.84160891096613,-68.35210097664186,-110.45719556041345,-37.796496503232476,0.03882797570930068,97.18810127920352,4.979645339463303,-24.730584939079932,-114.30683110562519,20.502324380086012,-110.45719556041345,67.07591346075583,5
-33.74926268065281,-26.955050305207063,60.09899195509982,3.7426797170067143,5.286299765715157,59.841732072483246,3.573901747254173,128.59663459881514,-45.09316654675092,-14.97776786553426,117.24094735665133,71.49194140085739,-21.755123550807234,91.9206840390004,40.33046903248882,37.82532779421592,-7.566076902450558,0.9104083624307524,115.90011083093863,-21.55687186432604,-14.97776786553426,13.9710564353134,40.33046903248882,-54.49398549912794,20
-111.10603291135008,1.1736566192092144,84.68094041093849,-31.41324651450336,113.47803777711147,23.77243635028013,-15.688771839726181,68.0892148541964,65.00041277613269,-39.504964309858615,-186.8110176975358,-3.2532980763054375,21.331609363119174,34.36164072765983,74.66428097944112,7.56134740455121,3.2150951802865393,39.776450270487516,-4.339786458523491,-1.962566030847349,-39.504964309858615,-58.433930245363,74.66428097944112,3.9596674338546567,5
10.1282990714204,-9.91477217391376,-8.017096234322576,3.0834969063846263,-74.88699474231085,-48.65157573357199,-21.448297946635115,-12.105953451215052,-110.24081962171131,-189.96441402249286,-124.25379977455717,96.38473091765732,37.22229335395337,66.1223249783648,24.459213547237564,42.31190791720152,49.845988633132066,-186.81684481211016,66.15282390277386,24.142033226352666,-189.96441402249286,111.06213812229979,24.459213547237564,-66.52307625795754,19
-51.41696145382564,31.50404920474857,-31.830901025357914,-35.991073374176445,101.98326599541883,14.087503650681768,5.701514336876073,-75.95773900392503,52.86698048841436,236.55768320590363,-75.13311653928513,36.79167656014433,-21.98834243937359,77.6570837647881,-104.64040364770122,-33.50178957544151,-11.96105982938678,49.44781860433315,39.3105895347054,13.07194765611434,236.55768320590363,-95.77913042758439,-104.64040364770122,39.19734305632388,7
59.15413975790657,-17.582556739803007,-211.99234506560632,-2.0863871032579686,33.6542610200611,1.7705600869947236,0.7812369614243021,12.898320209068409,-17.112488963055302,355.50071052363694,32.97297135181789,-87.44061584665991,64.68365181002122,62.93899021585817,-423.98283750551917,-5.540939668304454,-18.318369741055445,159.4397303389908,41.74116552037141,-12.207067699045881,355.50071052363694,14.934838516588114,-423.98283750551917,62.38439614482181,13
26.42314287887961,19.10076194494803,-21.969196719907373,-9.634740126509291,75.26793675262408,-0.37280645815968955,23.037327737097385,-171.1277716117201,-141.18037622258927,303.30441936888485,-25.59424940187196,93.66179530895857,-51.383398992385594,46.52417781810982,61.00316233065254,-63.452668884937935,-4.8020413959545465,-136.79046832484022,267.5811644723296,5.315094665899097,303.30441936888485,-126.00417044260104,61.00316233065254,-36.352325438238935,8
-35.55391892159233,28.22677071076333,-141.98016371613957,-33.7116966346698,9.281761223425047,34.444886544131734,-3.4427102124001014,75.94352034643586,2.180881506216421,266.19621379719104,55.30015266662717,31.16403138638273,-65.9436843947271,165.88646813671573,-376.63624737712695,-102.40637378546577,-56.71102104124791,49.625251066763184,172.61352159763504,-10.59256837717814,266.19621379719104,-12.631716761069768,-376.63624737712695,89.59567647663431,3
3.7138114600381678,-31.835040030960574,-22.642472121441386,-12.05732533341634,11.401402522009484,59.25255136868736,38.45782125612578,200.6583872774519,-182.46128867664885,-283.9699514267523,-170.33044144664706,-122.2376061527531,77.77915062955768,-4.838585889826157,-27.221866596784157,-2.8866112222382343,-18.881455854626484,-159.94377022294236,37.7678988146744,56.07210917348924,-283.9699514267523,41.86876942362923,-27.221866596784157,111.91625541346664,20
62.10738308394559,-5.362245273925699,-112.48762405010723,0.37344130300579376,9.232054152461991,69.85039979825382,-47.98533660848311,136.60357726331998,-36.48666360329126,-175.3793544937345,-133.76353247075784,-63.60681199424525,126.1841970968821,-12.789236373068809,-43.65202133819457,55.36804188805071,-37.530157682383596,-111.3520503244064,-107.86645222690254,25.191087466204692,-175.3793544937345,33.89541943255481,-43.65202133819457,40.676832712351406,19
-6.139925061869382,37.711288606001084,190.33789370688146,30.477858434204688,11.689008837031114,18.990761620888875,-67.46733911670599,-19.58316839768071,85.52057128729396,-268.6385829106942,-55.681896721556086,-78.65471569915536,-155.42366436516804,-66.5417953023355,345.36158909630376,59.20682622274694,-22.222230266200103,-148.8423446509812,109.69168383619845,66.28532510809805,-268.6385829106942,83.25142797929075,345.36158909630376,-35.79760788079889,1
-56.06933154256942,-68.80841014092078,15.204625534869631,-44.185555982759475,16.62952703370322,46.2718602021429,-17.219854072409735,-54.04951788005937,75.72487059019936,13.741913556785368,-28.409166457411708,16.784410469723756,-40.93148169695441,-45.64454491389594,71.23883305266072,11.026446968088145,-35.53958373467808,81.28510804596172,-134.11603858367369,-0.2947840877619801,13.741913556785368,-31.673259120789655,71.23883305266072,-12.63085399485207,14
45.93025316255516,31.853413003145356,7.770473708742043,65.6777960172919,27.116112408376427,-4.002555530219128,43.46427728036278,108.84729835847355,-41.66543825350964,-99.72564068131175,-87.2331314589613,48.40644126901536,-45.13181507663985,47.317091270339276,29.45993075610283,-67.82608262435821,34.43708467524037,1.9231160150771798,30.37785371042192,65.13566290077519,-99.72564068131175,69.40474330648716,29.45993075610283,-31.78101673750067,17
33.63835564654845,-14.117726303582945,-34.32214005132674,15.298387098428556,-24.6917446905061,-0.6858593841823489,-31.572302441934692,-33.780139162433045,142.64207319886918,79.92347537339114,24.869956370622912,0.36894338841350294,76.2264387524376,10.765342638074635,4.1717636997917085,61.62087805588069,19.08556727317873,-57.78883075491321,-26.03026214542605,0.828334253499043,79.92347537339114,-75.25803301548572,4.1717636997917085,-43.00101609136704,7
35.7843835175993,38.84218221160935,19.567695805984986,-22.562553963085122,241.19766897374006,65.90440330428254,-2.3091772715167926,40.15344313452991,11.101870436124983,82.8354283413917,-44.75981070824857,-119.90882597814655,39.79474332261769,59.33654994311041,244.24686698468503,-50.524599863403026,77.57265504368229,-137.0934639004164,-109.74368871786936,-50.15826774135654,82.8354283413917,-198.6566375687275,244.24686698468503,51.07531967129597,19
-20.459794794247294,-70.65366037907941,-137.22287516755318,-19.8058944111199,49.20388824975562,-7.83846614307506,45.74173464120904,-84.6814170696133,-85.2057255280782,-62.53778635156376,76.9101053660931,-85.4807249735449,26.294353427433176,-23.844535641915932,-32.071552775566104,14.938080347098106,-30.13511242208178,-179.67215570407524,-66.17207404362843,-93.93193378827611,-62.53778635156376,125.64108432141951,-32.071552775566104,88.93752972577974,17
2.7298984929846766,-28.674965050968634,37.71712309250313,1.3295496299335816,-33.56366985555296,-34.52838680032008,69.87018131402945,150.33055319670427,193.52373629227841,-26.7004098690148,-43.10432099732508,34.93583919647363,-68.55838745751568,-19.203190058021306,43.93628028688902,-49.17702318854989,-45.69813553867556,119.37342428544315,44.89307512181885,55.7905661315051,-26.7004098690148,3.45694259344989,43.93628028688902,-88.59351998513648,13
-109.84974635587945,57.8042023988706,87.46314819761284,-124.65145281419397,-49.4042298679658,34.42773751394133,24.06665335776424,18.69368926948124,100.6320132230197,-205.91607948775592,13.0149411303174,188.53983833893236,-1.523490949633075,-172.6406588401466,115.66857455720523,8.918045186594215,39.5896518700816,90.7992546720601,-26.930602890413166,89.44777593704862,-205.91607948775592,-14.10422034875391,115.66857455720523,17.25424891525926,2
19.296822910299984,4.5665670070744016,-189.4737620315576,8.223181933697582,101.87668371032547,22.34014350314759,-47.10574159192941,-122.08956875217936,-106.26092641203776,339.82851939773377,42.537487154135405,59.0303288425196,78.17369246917818,-68.02698960091915,50.8488397879913,24.340950884596072,8.373016547424106,-61.65345533617252,-12.635099544692387,19.414483352872274,339.82851939773377,-159.77129358990322,50.8488397879913,-35.88540249339926,20
68.13491749370493,-43.567144787160586,172.7926475892339,56.33205595007267,-81.34300948406151,13.576435565334373,-16.36457516653168,64.93253812728378,104.8452616152407,-177.65702418535867,-43.70066415013773,-53.055242058710576,-113.44063932214172,-30.6096832675183,153.39904460923523,43.00714182147019,39.86355932558888,-88.63093733939088,143.39750827418666,27.44991375807411,-177.65702418535867,-72.98141179045393,153.39904460923523,27.122026220999018,1
30.370095401380844,-2.7264717943950094,-147.14241702673246,-2.3222941858339645,-126.30125281085576,-46.463656343691675,-24.133251529669554,68.98866301055052,-117.76227879620552,22.78282869640517,-210.84487091262957,125.49955321609235,74.64755583035797,72.11286482630234,-462.9848832040018,-19.848473580084573,19.590200143033947,197.14260233176162,-22.417091495989794,-0.028380581728872284,22.78282869640517,107.69383598825584,-462.9848832040018,17.359748793060064,13
-1.2159867293028956,19.080552766165752,-26.153302501236464,-7.681987843208433,-86.07230096327973,20.660354492084558,17.786479131064297,63.45255284566261,111.49204917681614,-107.07512162515721,-28.65171254986162,79.34087347362703,-81.28057790833145,-129.39038649250483,134.15218563449503,29.635234562382024,21.205394449264695,-41.738722039800024,-14.20746999110014,-20.777403346531777,-107.07512162515721,-72.86463726041507,134.15218563449503,-15.22794847365709,15
-70.8677560793108,-19.13397998413977,66.46087123845359,-6.3738972806417,41.18658733572657,-82.83478740434282,54.9995990290608,-5.345584851762228,104.2316715247437,-2.7350413835739698,-32.59460941421861,147.17847515568204,107.30660456407338,96.5919980489252,-121.98205279437585,-6.944664179465734,-20.797505351947883,102.75841715034987,56.7428976868073,-20.67834622268837,-2.7350413835739698,79.50209524905664,-121.98205279437585,-46.346986756093926,0
45.13305295999441,1.7774500392377353,-12.057731147761706,-24.63463846836452,-32.23751273895076,-33.222443073389115,49.16636047571376,43.524950121233545,-236.3041591411419,-43.776345573387815,3.7334374099094703,-146.809855765135,81.58989007190746,-158.79137569011198,236.96418284255816,-58.1223774871816,64.74926343795177,-39.930247277830006,-73.79130890660362,-82.83749518586137,-43.776345573387815,-55.2723946081982,236.96418284255816,-86.60971970768014,5
-21.148500477774824,-38.68462369460936,-16.885038990567928,77.07826898563228,-45.59452053685529,-14.57590419792357,-9.982189027895327,-9.968705835797458,-49.2843086436757,39.87136897915787,-55.00354325401935,-29.05148135254261,-42.828202308302316,-79.50345040748982,-20.412958100552174,-58.50951330749744,19.333118515993096,110.28841254899359,30.507411135586242,-26.25039492028631,39.87136897915787,50.683896097641195,-20.412958100552174,-50.408542535905276,12
37.51954499757728,3.3559569336283,2.1516155282991622,-30.90582189318473,-23.44244372983553,61.2178290099616,-34.38475401351388,-92.22946724112373,-74.86267089679379,42.67436428664263,-86.46211560484463,15.956863058886714,49.16540353498177,5.665788435432519,-146.4820478046327,-35.15904972100249,-31.04409488814487,30.78541263292115,-61.64322792328136,22.470329870016638,42.67436428664263,-103.66405763773952,-146.4820478046327,112.13428770955511,11
-9.703926425371073,-32.91029201771903,-39.15725257724843,-31.03621574987212,127.95648389353049,30.007500065848866,13.091690074757325,-94.01474087517057,-28.871050066323576,-48.026699512466884,26.84587772830853,14.02740935406895,-83.15237651745399,96.0938681584631,91.17802923466039,0.12523546741037594,46.27519151425258,-17.02253809563283,-222.10576103946306,71.89440347697625,-48.026699512466884,170.87297379242383,91.17802923466039,-25.430557175544735,4
-11.42072664193834,-35.19229530084057,6.537859587388715,-48.66488059988724,-31.569171349184792,-23.2802435855252,-20.100050353151598,-14.169945131859976,51.13830003576777,65.48741293195087,-95.99942393307033,-56.161923726018856,-36.59761270993525,40.39666175435901,-81.01545119052957,-34.962388794832215,-36.63105313675267,62.97790968633639,8.489741737606739,-23.060968160486368,65.48741293195087,6.077822174388796,-81.01545119052957,-25.19662113337173,12
59.47445707518036,68.1629024168812,133.04711259515548,-34.459621391906936,35.65969287100717,-39.93648497436542,-4.950824964485621,-22.2917667956306,-58.619499929173614,4.750323305959517,-8.547153722113876,-39.81773697022787,29.061680620304653,75.33440524625975,-94.8282564378861,-7.166179347763811,8.118040532937776,118.81514648215148,13.799672882030825,-6.6932734608667595,4.750323305959517,2.30578900891917,-94.8282564378861,57.35972835375637,10
21.586046736516455,-62.15457556515511,-165.32762401342654,32.69283064908024,78.56801553556699,27.902655095920828,17.766659716018637,50.19061219388593,25.60818700020554,158.6440428737198,116.35161581645507,-63.63442346316457,38.7708444935416,-62.97910925922126,119.5344970425628,64.2007928169147,60.61548395776213,-73.17601843180817,-28.445484803228183,7.814581452580266,158.6440428737198,-22.647806555650067,119.5344970425628,-81.74188243308575,14
-14.970234307551207,44.83199877729483,-122.89873934938291,-3.071299766784758,69.14729389708165,-9.833577836805928,-16.784787119433478,105.76985070063671,-14.538956226986738,101.10624177574289,-74.34786276921099,-31.650006522300764,-79.81403451201905,34.55490553084356,14.960532391180639,52.22941052346777,-2.245801395987528,-82.03608273669448,64.32375123129312,16.31773586720398,101.10624177574289,-42.9928255303756,14.960532391180639,-0.9056127188849672,9
-9.901014532928691,-34.61105601695624,-10.577132938851035,-22.293173418133808,119.95039673095167,54.35672296715122,11.960894431973932,5.8953220495139735,-44.07219009190748,-74.02590410184962,189.31104778847697,6.251133403590532,-92.97883684070734,-199.36891173311238,221.4069620036821,57.73264116892623,-64.29220759789153,-44.1561391969711,-30.137524431564007,37.07961935389324,-74.02590410184962,-55.23904601638633,221.4069620036821,143.92099648270516,2
35.509939112181726,53.32903556924876,-105.76456416044066,-6.136010368119241,50.215873851179786,-13.565415433041457,-45.9220551047859,-189.1995651482231,-158.39665851671248,24.032349755604812,7.934659702817659,77.6227152103781,134.2413649167972,-76.74855714736469,-119.07104150586065,57.29497059001752,1.7905737753141082,-9.276656489327308,-110.39042463506735,-39.69011997629538,24.032349755604812,48.1488611761077,-119.07104150586065,93.60013250914399,17
49.58273844331864,-44.74266181841614,-58.444343986979916,4.455278091758556,-29.995297479399987,-36.692709802849144,-59.34673778033246,-64.99656504963102,13.339943087103471,73.84367083921364,-53.30729002453075,50.52982790392163,12.543160382746592,30.5017710114493,-204.16529298443888,-24.911082731999002,35.55184631296063,105.11568922834017,-30.02440211215177,17.248389785637997,73.84367083921364,63.323106125031984,-204.16529298443888,10.176970234514027,0
-41.721078234412786,32.142355522196674,-64.22910486072666,53.56215220709467,-54.35401462851982,-17.565550855043107,5.720381831314889,-47.70349620602305,28.64021925039525,163.24901912549038,-26.194433931718244,71.4367883613699,8.789709228800948,0.7277402452180404,-104.41578423523355,-10.911921868503288,-70.47103212068352,114.29237849913854,-52.26654540788337,-24.41357886331236,163.24901912549038,-56.21289909371855,-104.41578423523355,-51.60907596273071,14
87.60166718953202,57.45595384306783,-56.74429310371777,-29.886503799252203,3.176962326619779,4.773684922404158,25.468015501967184,47.23478402727791,46.05800038165189,146.19380454535917,15.045871560440753,-69.41427127996675,177.29459276792144,24.78115816383508,-229.36730048874279,74.37052021198465,42.02473713430323,60.577769749390136,34.43042296359862,-14.758214001740996,146.19380454535917,-72.27437529497539,-229.36730048874279,44.21885080788962,9
72.04261963168766,-11.471394625604898,190.7590052755306,-40.67533510459761,-58.748899126539804,-22.715827452930522,-10.062986648673393,-4.469891680592286,-181.82914040623203,-590.9414791471561,77.1996254065503,-136.2814840398956,-9.338722536641196,-69.03560060990146,279.7019193293279,37.92270611360986,-32.677278383813565,-245.72300928371405,-170.0249561021428,41.14370665884078,-590.9414791471561,134.3032480014347,279.7019193293279,131.55383807508974,8
71.27770639286805,-37.02168931456759,262.5923491815273,-8.646684759687579,-56.29447206581439,18.160799985970264,-74.66525670828624,10.273227223886634,-122.86189432276115,-326.2140092429831,165.53784992269175,23.36649809434677,15.013517128471964,32.19735175014041,289.22319505173715,-14.207938981314207,50.45570288694097,-29.50170196339821,-85.03932921893168,32.2864860045647,-326.2140092429831,87.66416089309898,289.22319505173715,-80.86001414982766,11
-79.97509038169636,3.602416610670529,47.53778409052239,33.80199150871147,-99.19690308222373,-12.209851301684465,52.19550181566093,142.20381654898443,-21.57033219969151,-12.197070405602586,-4.777341514651874,-147.5014264899128,126.67984700794713,-101.56230162762313,-35.08146697158017,-38.01781997726835,-60.05807803029342,83.0506371726598,56.09631000893622,4.38215832099441,-12.197070405602586,-103.07853986167983,-35.08146697158017,-11.033197154010645,9
-107.73508866617371,52.17706798773716,-177.77442436477327,-2.362398876847141,27.261229427385743,93.73977425056763,-25.57700470983553,-61.153154191870826,80.05992658404425,374.52043966713575,-11.306878663073409,10.487359239188944,32.685981021511736,85.5945246674952,-279.59299530577874,-57.10292721657555,10.468685532072836,60.92585463854094,60.542067831089064,-21.5903456764461,374.52043966713575,-60.400712589095065,-279.59299530577874,-5.680470753738831,2
13.128247749227357,-46.27395046738073,3.3344221540362806,-79.78253000291912,-96.40654484372412,-20.219360293997486,21.472638483661896,179.36364915958907,71.21743939514337,15.926221039340094,106.88482584156228,11.425899466566927,195.6932761330629,-105.90646107864546,26.17462790552251,37.28810223181413,-10.361144013597192,-7.315558132175366,157.25950271967298,-12.005479449957619,15.926221039340094,-127.58713179590646,26.17462790552251,-82.51752006114778,0
-38.06583315106607,86.36981248530111,-97.56853303547828,-7.953074203539325,117.39015740191618,72.73459968750518,29.302761827073795,117.51078387296802,90.58239513809451,62.315528923962596,103.56126871007382,-117.49989866121882,-71.70296698875237,36.99411170913586,30.788680546198076,1.4492860551557871,-70.64710122071827,-79.4396452816215,-3.654904258760663,29.867279359056585,62.315528923962596,2.022419040474581,30.788680546198076,52.976941152829575,17
-62.27759797930123,-19.652700991860183,-105.61235696937453,26.739566404214834,1.2652199473583758,35.490440630463624,37.18304757482029,-27.709172244903417,-113.08621835740865,97.89247800667196,59.23714152962284,127.95786676716851,-47.74054399476613,-43.48666045469847,-44.57484226278821,-5.663316784976052,-26.22364788109126,75.68561263240531,-51.33053456560404,-23.2665702490212,97.89247800667196,-5.042473765348019,-44.57484226278821,5.303458902907483,16
15.697527250560038,59.235926492432334,-16.361014095625773,-28.19478412951973,190.73065116081813,-35.00943308586193,-31.69898584034261,-59.97683724255256,43.46360463147201,64.3429174780302,64.96352953220564,-15.609846373610976,-14.74310279227776,-52.5962631727213,226.49044605901042,44.18478171559356,31.94314769817289,-122.17874448264519,3.0187604580105454,33.805122682255885,64.3429174780302,-56.221445229209586,226.49044605901042,30.671208601848875,16
-43.994768021845275,7.131528655155202,207.31170597838263,-27.619308287649346,-54.304165351535815,17.11176873892342,-84.14033089619397,-102.12234054126637,104.24522181884629,-33.30416234242132,122.59016965735822,-176.8771760712354,120.52545253603475,-39.36541502800536,20.05699341447123,-70.4942896799904,29.324397439821617,24.355992071533905,-8.66900134245574,51.480467568170845,-33.30416234242132,-98.97477612615147,20.05699341447123,64.74828172305622,10
-18.464472566619293,-21.256475481859262,-87.58717676134097,62.35869242948533,-16.9873412676664,13.00672983904483,-72.99731262421717,-114.58319458769131,8.236179237327978,287.84577866826857,66.49372446095069,106.99169041247244,-9.027315978058033,-19.623654341395742,-19.136971717451196,9.456139668885347,62.95279879888664,46.41258283993031,64.09102131673093,-30.25116068214112,287.84577866826857,-72.8832932269469,-19.136971717451196,-97.47288318003953,7
-27.214777081024323,-50.512167650090845,141.20178395936105,-21.352508620904057,239.41231827691303,49.852218273935094,27.401806683490832,-94.40760203231443,29.229449268162142,166.6644242190913,120.31945652165994,-125.33399485601159,-19.988101401896436,-76.17333971986264,319.2555346029238,-2.443174401661063,22.310608772030744,121.65767279840736,86.57116772541228,-17.02914902527871,166.6644242190913,78.67021667920537,319.2555346029238,-133.26296328298497,1
6.043920803460279,29.86976164983258,61.02250592551327,-34.82009994794191,-56.956952795285495,-39.777701660083025,22.587183805868982,129.20721684795183,-72.70858326961823,-150.2639677996823,-167.2324677130614,-89.08822477652362,53.73837353978614,-79.28358353941728,130.930189203611,-38.82935762261647,-0.21158139519575392,-87.02705169394423,45.79262112631124,41.298055499443606,-150.2639677996823,-123.69283613281257,130.930189203611,0.09506581146018434,5
93.45169363324024,54.549713853894374,225.71045936983396,-30.92462128917838,-98.32930792482166,-27.2609869478842,57.95016731570322,29.226195045294673,-56.80292685223517,-45.71374897258587,98.10733088462183,59.20127174780589,-14.577076672266468,198.59242220635332,22.379519621857767,-1.329430400664434,-73.32746930369765,3.978832585400056,79.61714382278129,1.4658041863997509,-45.71374897258587,-65.02221182347542,22.379519621857767,-56.30770545823573,10
37.503123401959044,-17.61174741777249,54.9234434284824,-26.556574309975503,30.394025227604615,-74.6111175984638,-38.617371010322984,-61.5811281103457,-73.77734443445321,-144.81386253488262,57.51701014513522,-172.14186798542806,115.91206650579637,23.60438124508387,-250.9122603586374,0.8451522220236478,9.176473913486763,136.31136456298688,-53.74278805753691,34.75866720676112,-144.81386253488262,301.5955351624004,-250.9122603586374,89.14223985399903,16
-77.59714297547652,41.517059281533584,-36.59649580316974,-5.647117401474216,-80.91527818582585,-56.213437940316034,-50.084242788853416,-64.85877179649592,-50.781800718832564,-37.44774784790968,-121.4178991625484,-5.433958099538501,-33.17243187524603,125.96210255810824,-396.94445418930627,-18.65438629485391,15.444076506771989,16.364928735784645,-31.51617182161914,12.932559873026339,-37.44774784790968,31.6827691547231,-396.94445418930627,202.19709233899036,1
41.72273107418074,15.90601532090541,-94.95887898685982,-43.27770131652181,4.487622958526343,-46.19867541830982,75.89005062001198,4.647410362964841,-15.429918617499126,-62.648874319080775,14.895687356546388,25.768461233259234,-64.05372521434731,49.42611551307866,-25.791387527625865,17.32954988164376,-9.694579605174136,-103.2666037468379,-20.052112835531943,-12.914993838215365,-62.648874319080775,117.24152862051594,-25.791387527625865,6.318898327978708,8
-23.627640972501737,-51.891199024207296,60.92537648347843,-67.2046015894126,-97.90881075711347,-42.46930356202313,-60.38548621124072,-205.8689415858908,23.940082845830027,27.888699207228175,-136.72225788102924,-69.43265891838146,-5.376232827587977,-9.775457041678983,-228.97018582391377,-30.22508757407224,-72.58092634540102,-66.8124083426592,213.8175613162486,-5.630486138970059,27.888699207228175,1.6311653263955606,-228.97018582391377,124.8790922047789,9
-45.08561505718944,71.4733059825625,-4.976374826455734,50.54767648682315,72.73750764926189,-8.266860504894796,18.728733857978476,-59.17944225653001,27.04983684939669,130.2928056249915,-90.73684757556975,-166.50568359378758,-136.05994162259657,-108.68822667362355,129.64274110724045,-90.83386593165395,-24.57713773241383,16.256663894107017,80.30534879279189,5.2530287450607,130.2928056249915,-23.129219980298608,129.64274110724045,-8.064851858597791,19
-25.8015966351805,-19.621519792071616,-29.321171023739524,-8.901400653942657,68.26357994052303,-20.750000521262443,-75.54357774366304,16.372869751373997,97.1527985726617,162.173239840652,-16.08551689549607,-121.70182655822545,-10.462428727576242,53.621628491655514,-22.336854404450094,42.3071057538742,-20.801301236799485,33.52490663613777,47.013075730284484,11.92826688292257,162.173239840652,22.179877043635816,-22.336854404450094,-59.5735576145313,4
25.556468461158673,-100.89703376511576,-39.52863577931796,-44.50067809024795,37.956653473265774,-34.8911171104274,31.584345239307666,-114.08396422248138,-35.54405523496109,-146.41358082966707,-12.50220478974635,11.171660362367,-35.83228768835276,-114.66902222200794,114.47416343330458,44.9831124265623,31.691324435161505,-65.73466220331107,-70.78670551006651,30.00702295864243,-146.41358082966707,156.96676044713388,114.47416343330458,10.6349391931623,8
8.289664134343878,50.514165604599924,-68.78095315034592,-33.11249460829262,75.38935610428025,13.966344719385761,-8.687074927372269,-72.58130472930235,134.38626186960943,102.69236625120016,49.656656418649234,-135.55561788032645,106.91260989123066,-66.51972434447327,-124.7718562510954,-6.2333042369878555,-47.14990380935266,-52.80250968794648,70.09697714009754,69.8599725253627,102.69236625120016,0.4562244054245479,-124.7718562510954,106.49993722165704,10
-36.70056003394126,-20.06343258580555,20.320723781358826,37.590941952809615,-118.3646717939867,-1.2861340654443196,32.45781068191231,-115.66286427870378,-127.26146530303653,44.49086684031187,-20.128145714153646,-18.15858225293528,-1.2433583250324665,-52.718270237331204,78.40829312208443,-18.874056098380244,33.28969377975268,53.94633996177014,-53.63138384488547,76.81809453637334,44.49086684031187,24.06642014286799,78.40829312208443,-140.68229175950563,17
51.243468150873575,-33.8200928630114,88.90728539521126,-59.94331474658128,12.166962279815792,-3.1972226984578485,38.35006591318562,-25.373593885131342,-71.23245491267502,63.098501231675044,14.352157623500155,-64.79930673067798,116.13656699789358,-88.74677483215748,176.6263632554374,-25.484065369466077,-39.31891161095778,36.822992182008456,22.014609845643065,-38.09093355793067,63.098501231675044,-92.99780564454203,176.6263632554374,-97.57450838484118,5
25.1900064800829,-9.236573277081359,-203.65298332517315,51.8999988109175,-2.3246722707257295,28.366803585099902,53.227269891620026,-81.25409581563494,-25.11637869231133,220.5178165456621,124.37905097788504,88.8099591983162,6.521134053102897,3.3346336928205833,24.90490812714929,51.58998822892046,21.621086842158448,-144.1354320964122,56.10327545132446,-3.3524824384940577,220.5178165456621,8.340638881678668,24.90490812714929,-110.42887080886425,20
-2.826053089830441,-41.389063234653214,-146.2056410361629,36.88186766326689,-52.26417259581156,24.253041250900665,-22.508977882033015,-58.25516851940792,43.02482474247718,306.6979953875258,-75.48240852450063,-1.3235812431692517,-109.80897212956074,80.01626091629277,-136.72782876621895,-39.66964506186737,23.676071317011434,6.68050424606327,-30.931912376962998,-51.6275793316041,306.6979953875258,-153.88509389821022,-136.72782876621895,-13.984179669827647,11
12.914782592936135,-45.46036822631092,-169.17720899833327,8.464038369822818,32.16975182594087,18.06909539285074,29.584685131314302,121.00016006463306,111.45064137408049,-66.9803583982694,-68.11218764144934,-118.05420417259066,60.85293419144101,-93.73134221054406,-268.504454952502,29.058033062386567,-4.961128371613818,37.94713936202025,35.26024050298413,-47.47334859246312,-66.9803583982694,149.4205917184286,-268.504454952502,128.08458311545223,12
-5.335920795313903,-20.908245514390003,8.2298241738257,-20.309673140599585,171.53701142246206,-0.525516775684279,26.54176906953883,-52.15264870238058,-22.446547061760285,-261.0128106299767,-39.969915149209854,-152.31500343738554,-152.526104057511,-88.18582003338722,303.45377243454107,-45.55159211741524,61.56186578521262,-221.63865744634143,-128.22283162981802,-13.9142182125937,-261.0128106299767,98.05037139748906,303.45377243454107,133.4468750321317,17
-7.940896114538516,-26.998795666781838,152.09573636080495,-3.768673465116974,-195.46149251410094,-1.6727255928522444,-50.60119085646452,-208.47474806157425,67.85386929538595,299.3128550372678,85.2629462909631,-40.46953109102917,173.3909594702464,122.07282822285244,-428.9587610216189,-37.470282671979064,-4.844821987286664,156.88266638614752,234.0828891570146,-38.48017996360885,299.3128550372678,-102.98240410909564,-428.9587610216189,12.27500571577572,9
-16.94586611063724,5.722624037192139,-52.25448778752775,40.24907489852396,-24.176759004190693,53.09042117538613,-37.40056659732084,97.73289349125307,48.34574930395352,39.855978302820546,-55.51716773556812,-124.72007701894036,-57.14052788244775,-21.583517056223116,-178.472679320544,51.28128463501536,3.82215055488626,169.9331985764362,35.42694202963114,-47.372725557167065,39.855978302820546,117.93701094804942,-178.472679320544,-0.3325396903832356,12
10.220515218338909,-29.11009688493802,-68.49918534373394,1.2662063874844676,149.51800376183917,29.250693884866816,-54.80060924653391,-6.444624312289164,-1.2547302592849308,329.6213193886831,19.102609012146203,-67.37669977504072,103.33713440321725,170.80175646788155,-143.5565517945732,93.3828073550189,9.22227916159612,-81.64745641455164,99.13553651413397,-13.651099272812363,329.6213193886831,-174.005736611404,-143.5565517945732,60.65187508189909,8
-39.780253150620524,-3.9538245687405515,-39.93824954712333,-16.92923941486384,-58.79917152258127,-51.095428908557324,3.193139402627253,63.88925170946878,36.1774742253843,235.34679692870446,-26.515306051530327,-122.72868596270169,99.53110721895825,-66.07209132034689,2.1271773862091865,-8.500390581846016,-27.813447929978075,86.47109223809014,172.5294860102551,-22.121944503132283,235.34679692870446,-33.658030000977575,2.1271773862091865,-197.91599810466784,9
-7.870230350687182,-107.91747528695797,33.62548362992555,58.82203060866136,44.059390306044754,6.058361370619274,-15.47820766215196,18.788644640867112,68.75437732283147,105.6996995375427,-92.25908390381537,-4.944665081156447,36.61463782673629,50.517881967182454,-28.219746636488846,0.9711810105437156,8.771993069367786,-84.19673524170776,126.31236128855133,5.934055765625898,105.6996995375427,-199.07501129617046,-28.219746636488846,70.8937392417353,9
-53.47844253393835,-45.72144601048901,8.719165357321167,-4.63413125348165,14.856762661908016,-1.080778019315198,-15.965386911260053,-100.12095514667891,-93.10902079549467,92.78590413275975,4.440956858062579,38.03705874050895,26.876511924437274,-46.81121465711415,201.58406045633686,-74.5047981273508,-11.745447819907948,-44.966755092296644,-41.142161868761974,27.54445421247608,92.78590413275975,-92.01904226477006,201.58406045633686,-99.98141181080278,14
-68.56957647188743,4.067291279630637,24.445531483147455,13.942593534068415,111.98004730137576,-13.316398527916899,-2.105556254223941,62.34759211778011,-235.0479457439951,-247.61354663348533,-31.088999107561833,117.9270706286305,38.71038517127161,-32.22593580808167,-143.31781223215583,-39.55932810375466,-102.94678677489648,44.496661966544025,66.02075732229615,60.87993903842722,-247.61354663348533,161.0842396064497,-143.31781223215583,198.9660784179418,10
5.082738955745903,-16.771215899637,-191.44127490850298,-4.847559902071582,-262.0999228664373,38.1721435906141,-73.20174044627944,60.752104829685024,-108.79185849922376,-45.203127350640685,-199.63869547511237,-81.18724659500043,-36.273188047418294,34.678275212633615,-280.86372142785353,68.13683488430429,41.12409417960137,-98.58159651660378,62.920971238496335,-36.04466646842799,-45.203127350640685,105.45640257168569,-280.86372142785353,-43.837099490947736,17
-61.514325356681226,-31.241611004457436,66.16181321615412,27.85462241118192,128.3427726128656,0.17447951827492036,31.024833121656073,-108.20113549156595,150.15797361128122,105.45661759498786,-77.56853126279337,111.13804172723823,27.223346568584816,10.42591382832969,62.554578688882174,-59.84346127328638,54.45336912162873,-5.992291601905828,23.447515635401196,-25.56308645154389,105.45661759498786,-149.93029491042586,62.554578688882174,47.6927219594985,5
29.962889489412827,-48.36416760968384,76.3993035201897,-51.34152302365747,-25.452917589422064,24.026887977442705,12.778005749182803,-20.63533691076099,-53.432046269209756,-33.939286607015454,-96.68470947996124,-32.298350770202575,-76.72794379669529,-6.673120267500847,146.2100518353941,-25.76451280300624,75.17584372355253,113.29713602727116,-124.15036468584472,-22.581039199826648,-33.939286607015454,33.2097876480286,146.2100518353941,-117.54207784289068,13
-19.260391690255737,-18.494729611441485,-43.910853768873466,-7.678290761175609,78.96779225375973,76.09333886971524,97.46069458773655,-121.52230944896175,-186.02861444044433,-9.404563298579871,21.57703329210921,62.79219008795558,-86.68799542240102,-75.00727353313351,236.6968388832154,-18.196596348318195,0.5735339958319765,-192.23502664207305,85.30442959194595,43.74975663025446,-9.404563298579871,36.32291918383805,236.6968388832154,-17.326150414362502,2
20.046185018398415,-21.049633941824307,-53.02052462616957,12.30620140449983,17.009619602514867,-6.944254029243147,52.76449505848844,36.70979599446547,26.984459377818624,158.1970014256957,89.6228865255339,-7.794943286742613,-4.540305861729275,102.6616008339939,-150.40019886906234,-80.1974962640952,28.61839873473943,13.67662813242025,34.00729183978204,22.040732001814128,158.1970014256957,-57.068376408968824,-150.40019886906234,42.933403721147556,17
6.619160274445037,-45.78645121967117,150.28881768791177,-28.544130558715125,-72.96690707478184,31.50347091152224,-27.256304777339807,-69.3971718377174,11.474539923580176,-5.583367528607855,47.39321445098085,-15.277403666884615,11.425468521081307,134.42130032468992,100.55538637976912,5.183610334556614,24.979519166288966,-140.4767461938976,65.06602603898827,-79.24218126557,-5.583367528607855,-90.86529149611023,100.55538637976912,-58.50288565520009,8
-60.24266966942805,64.86168063234936,-73.42727584850124,11.27865069570703,14.140570862360606,91.36684201477746,-14.951309301506353,-114.5396199283361,-89.77541351818513,198.06929566076013,-36.70828153131862,32.77354526274406,77.19942280162606,-192.77307498277693,171.80742767716856,45.04352990403661,12.30778502262912,-11.03150982139519,76.17079283366503,-33.18636774062632,198.06929566076013,-107.11276826729173,171.80742767716856,-118.36448765951556,20
-34.523488436025204,-1.586579894897369,158.45689400935183,-32.28197221187973,-158.81176842717431,41.299653549856785,-13.4720451918305,-131.5160729553063,-191.99165178560034,36.09386579184141,69.23899486903014,4.556229751192067,12.93066283489269,239.38142610377454,-115.29570643358406,0.8847041504997079,26.76436073938514,-40.647370273238465,28.402542217322768,-25.117620551669386,36.09386579184141,-27.16110353980108,-115.29570643358406,-40.74876824826414,14
41.27669173362011,-52.12454979498944,-81.66978171716426,15.600141811083223,-10.029250059949755,28.02295589756803,57.006365658443556,-77.1446768530526,-209.5046237180584,147.07555121452717,0.8624692759852159,-76.44420845086324,7.0330549143160015,-64.41714750086406,-110.66983432082083,-26.299244744535557,52.17545824533133,2.710056837925867,80.650327779205,-63.322466240858375,147.07555121452717,-23.769288265596465,-110.66983432082083,60.4462364281507,20
14.972872464281348,-21.814051547011406,-5.716645334289168,11.338562202046507,-20.080101051712106,-32.32387900117856,-16.164349112698492,-6.791478008163141,65.77424567072839,-116.652036277576,-55.01370697273215,-31.966182388369223,44.18868430649176,-22.79137043128033,-53.01440071815509,-7.855755031393354,-4.9194896070313,-7.562230112325601,-71.72029860456475,8.606793478134778,-116.652036277576,56.73991385535465,-53.01440071815509,38.41162311726383,5
3.6561707331147724,-9.185266837042462,-44.908248421002064,19.95047874721675,33.080032289235895,46.492600714369495,-4.6229626576389755,34.821683426846,138.775294684124,93.39678510614152,-84.91389695270173,18.458942878309408,5.865363330270497,38.996893699325184,-42.02596567909255,-24.463110946879674,83.80242407097656,162.29650621409155,-73.28049298539388,78.34983352308524,93.39678510614152,88.66963531111823,-42.02596567909255,-134.294392581173,11
68.49560103006124,-19.041234875860184,57.25185894945238,25.529587146858827,66.63855399711159,14.097246203687526,34.923061013810546,133.15802630168906,138.40194086972355,33.28523403908819,-99.16992707359793,-14.389334060057886,-126.29904865140841,52.82555917353095,-38.96521823926852,117.12921969447896,-33.46425815923016,166.93178698600542,0.21247800156459107,-26.250044184362174,33.28523403908819,-44.06791083021932,-38.96521823926852,35.089067029667106,15
-63.164582469236656,26.178678623751672,-125.34617192074883,29.431385269436092,-88.17219333009625,37.33510670017621,-1.922292740282805,33.56481078917551,-27.894426664609064,-70.67651732552228,91.50251904921191,14.418809210874691,18.60774288190339,-152.35705914853082,-30.16275270857481,24.33247165226996,59.984559076512696,-27.174509653768617,-59.60113435015167,-60.26802071353121,-70.67651732552228,6.333399946040386,-30.16275270857481,48.56571939475572,14
-1.3673126687393076,26.758728330026802,-48.680506067936136,-21.075155490950316,46.55541843288127,-19.245418223883238,1.0913704039580683,-23.745251853388805,27.429280174479818,202.0156719495468,-18.028693513586795,-117.0444240489607,0.07315132884452957,129.65806656174064,-112.10643221993145,-21.14098982436704,17.309484374162274,-2.7227107195039313,40.41618729698061,-22.30676111428304,202.0156719495468,12.715118024512071,-112.10643221993145,-35.75439091313579,4
19.708843619465306,5.407889989368502,-54.97372432703337,-18.50351749605587,63.9599723486746,-32.79573963831637,-6.072420116806697,43.46012846506554,-57.62853361250001,54.997109258831934,-54.13311882467488,-1.1258381281361851,56.889489664545955,-61.59692871653226,117.92691382953123,-36.08077119360007,44.10301373171652,16.980382757816116,16.57305274260508,52.33901356700593,54.997109258831934,23.862748771294573,117.92691382953123,-113.88461950111963,9
-81.06112256913248,-80.6101601201422,26.55119195632382,9.622672429620842,17.660646751479206,71.28152709732436,-16.531338471397294,19.99542035743357,44.60787378113905,-182.45940881642252,68.68321742795919,35.79310485435413,-80.78471952468463,-203.36562496567691,125.52894343560483,-20.477670611695675,-68.5939625985494,93.45052945513743,-147.73534108808562,11.811191272524157,-182.45940881642252,-7.091782988640158,125.52894343560483,113.91878416622188,16
21.866769774496984,39.94188031654279,-4.9789946611163405,-28.446057220149687,232.75720865268363,-33.95898371724635,23.547466706372777,201.28113381034728,-52.34402867883521,-31.09188351142713,-147.52080384812325,159.4409467563469,-97.46689091252202,40.43346494919851,131.47176180817246,2.588575945891093,-52.14100966733418,94.41101139519135,-10.108983940314733,13.754447047788933,-31.09188351142713,-23.06005597997426,131.47176180817246,15.852950965592276,0
-1.1652199967683838,-8.740391112635013,-141.72224881584816,1.522111358297118,-121.96036496010747,-46.982586094012184,-33.77201918313058,-27.14708843481415,-137.42386449055442,-40.56177906007179,49.5998377055896,30.133328379879075,0.08479363513238969,-91.39306594064254,-164.49825817673687,84.77792195501137,-0.16660871230604007,-28.708703259104578,-21.257167252963963,48.70496625776444,-40.56177906007179,47.71269241270295,-164.49825817673687,78.75615061888882,3
-52.359299216482654,35.53816590437446,-52.75906367677681,6.896353782958572,-78.92520092721706,-29.952319638850405,-46.25213087664353,38.96175496957912,107.3445943746537,119.9744398754363,29.159872428841133,4.225025348360356,50.3654691262811,67.82555710020458,-109.22151760026239,-5.472066285054794,23.01118255920876,36.444743864021454,59.14912956814058,-15.412768509882504,119.9744398754363,33.75557227266048,-109.22151760026239,-124.97789052560944,13
-73.20757960759389,81.1397410322306,-79.85556216592414,-17.13548163061266,25.509653926556783,66.1946852810706,-63.55002008058011,-90.11473495778316,79.1092283283163,361.5065075631222,-97.05194943486586,-14.959301757809937,130.92893747550585,-59.977260270744296,-4.687314537785417,-55.14731950510492,63.59322588038803,95.45480318955302,39.123167799415086,-44.95255405018536,361.5065075631222,-151.73504637269988,-4.687314537785417,-148.60377056251895,7
-64.31906456028474,29.517881408760186,-159.2998409595743,-21.214562314831493,-119.42399507312167,6.8188393826185205,-32.5132309614202,-29.58672719020403,26.875451008980342,469.3519288494418,95.90636374221718,26.980481394194488,178.08217171022548,154.08807849229424,-314.3742751238027,-61.32482484245717,53.222095318784454,27.955994389493917,74.91528654147167,31.660852014981455,469.3519288494418,-197.66618000156896,-314.3742751238027,-107.5162888840773,9
39.06275954820464,-74.73671730483574,-85.13690005090606,-41.50091408722751,39.87322573160496,43.39095997364882,90.96872289512547,32.006935082454206,-157.62642205899485,-72.96617972275331,-63.99193442605363,107.22453490355016,50.0736725064632,-61.632301515832296,143.30595822003934,-81.5585717867005,-2.6394604067552914,-38.80557786799785,-58.14068444297301,21.882819302055786,-72.96617972275331,71.39976505488063,143.30595822003934,-102.39391253559843,19
62.76910635544684,19.45973393751551,79.0634226024754,36.14595700141636,66.29110743296961,-31.720470484320987,4.453960410044089,13.076433709628335,5.463013146293223,-149.16617666846724,-133.58679539348816,50.58112391542281,22.868565454707095,-42.54272573221251,85.94299892123502,-89.92575755535339,27.36467422348995,96.93794365160336,-10.264292645348622,-29.333732888563784,-149.16617666846724,138.47341303169588,85.94299892123502,-62.288975056174145,6
-8.787665618873126,7.303508862882536,-25.3210866312673,-68.45080982877762,-56.12664364489785,-36.869055313344674,-35.75868782356976,119.93216747200901,24.301039828962956,6.524457786764061,-45.02959924779155,-136.95274883447846,-45.814933612896766,-136.80698534692144,161.9612833690979,-38.57568296684766,161.9104826803004,-16.182528219052863,95.4604972351693,-105.18366969884309,6.524457786764061,-30.601352292669198,161.9612833690979,-102.40608595742171,12
-1.1881471590068955,-56.405831201860806,185.81958822605253,-65.15722921559377,-24.797956555018956,-9.325367063807388,14.648029250034183,-170.2643111279647,-157.65811777390397,88.44753745121379,-99.43277242816097,-86.73842912017278,-275.94145908120424,170.33827447813636,18.565267265621397,6.53008408410493,10.181270629900794,54.78728255167815,115.59919973779373,-7.557163232466816,88.44753745121379,67.39586182058746,18.565267265621397,-32.95513545563051,6
11.944006778026509,22.716289609739015,-27.208665680199516,116.00480640731135,87.50109416361124,41.40554796748009,-72.33225403316564,-219.9231990058105,52.202550348325616,106.21230587311214,23.117885982401496,7.613653628728412,137.97604525396827,-14.678914087504085,-158.14569097087843,-2.317285554562506,-61.92919061009696,18.954374723078047,11.151255641192046,-43.27187060768015,106.21230587311214,84.2167873076262,-158.14569097087843,61.23052196918911,2
60.5562853050084,88.9306521284881,-121.77403441236868,-49.49280054380807,-120.60155012085411,-40.82711240286855,23.805105358058626,48.84100148347366,40.60781113855693,6.455133084481492,-134.07590752416644,-26.34533726669648,-60.41495535254089,-128.09875693705303,-177.2556623365446,48.82672386773126,48.290140243180566,119.03043919722349,40.21697785983253,-49.76997862916183,6.455133084481492,70.40410042402564,-177.2556623365446,-0.46546641326037363,12
64.90860671327727,-16.631706427239116,75.8057581273218,-20.080037666930693,-181.24662682455735,46.492717899458896,5.074478707498164,143.31574345412855,-91.40538279895301,-86.7078748787134,0.7974258588399152,182.60502087965762,-4.188446935125416,-107.6219447585706,-119.99063201247631,-28.54017607130264,-30.000131794045796,78.57102413749126,186.3030436211071,-0.21815745450824314,-86.7078748787134,-205.86243653656567,-119.99063201247631,115.24116760355783,15
-64.34657607562929,107.19001409615953,118.46592390863933,-34.7521059303448,113.77212335541343,-21.543675405410198,7.244441121381144,-7.682427790879709,11.065637280435192,-51.2299984522367,66.27603848774888,-17.54876252032142,-92.37440414211139,-0.9027644979622362,186.21004726502005,60.28462431204508,-55.90431955189155,-51.737091501596254,152.27799184712995,59.868101707678946,-51.2299984522367,64.9848976673093,186.21004726502005,-2.6950872632089062,7
77.51885451070993,31.045334574840044,21.08346174592392,-4.270599182536153,-77.53644516529478,25.856405488971145,-7.590450280042407,-74.7934912724508,116.1062697922627,-33.48937080674983,81.22554419495714,-161.6974518487421,41.11823112689648,-54.9925841896307,76.09522094623011,-13.9710087720878,39.72228001394636,-72.24503305233969,-163.32277450977188,55.73489015240589,-33.48937080674983,-80.90090129297458,76.09522094623011,20.27292181029445,11
6.658579596844568,-39.831388071084774,-42.077018473518905,-5.961986204805548,-35.53738598648357,1.9418573430382327,-15.603668587155541,-21.425795303445373,36.32799697470111,-72.27881911713601,60.67709400041551,-127.35045799520373,69.98284190181411,-154.1270639988968,-123.28091111249891,40.00167208702335,4.0382061586876485,67.59405585788156,-6.254284228194313,11.124418822855116,-72.27881911713601,118.65921899856602,-123.28091111249891,76.34196030824357,12
-43.870633801234106,-1.0461608602011856,2.6694620571559913,-62.87741117315193,-74.94164757358905,-37.28445890458235,92.2535891759882,-60.049187113154346,148.17416757058578,-26.628407322399763,94.19683108563052,59.79115806446948,-40.27139928902007,12.414428101419217,-36.08531750613356,-96.51982020455371,-10.985010043236683,58.9304219050966,-87.7148139173234,-58.137992127057416,-26.628407322399763,81.02517595413488,-36.08531750613356,-43.93951486439942,14
-13.824078637807109,6.036074296297547,34.208283949926724,34.86468023628297,-243.61512507134643,39.83508509643197,10.32570491930236,-81.12868412213305,98.1711287370188,-31.267358217957675,15.211680093809953,29.846258104671364,99.22581427545056,-20.20266405508975,-328.5025176808414,25.312761022626816,39.37099252674061,134.84734383725612,49.765035134711376,60.1089233233904,-31.267358217957675,71.09365448847223,-328.5025176808414,4.054387560093282,18
-58.13967974170122,9.64888003362789,-83.0444937419479,13.548499238084695,38.114858927898155,-34.31991216812757,-24.90499843987472,-75.13535400142699,-68.16815862999948,130.31228036262155,-199.8896416899043,-2.2510039323299535,-106.54533339769378,-50.89809677568462,-178.78843395620584,-70.85220099818574,-3.6166558498676156,83.41423425753364,27.3192285572581,-14.53066050636562,130.31228036262155,-62.838540866008515,-178.78843395620584,142.94131735713873,9
56.17153421094948,3.461404260468948,132.17164342872965,-34.03383112371688,-40.638136392936445,-12.952529347087296,-4.086001645310409,40.656249110872636,-97.3093348924315,-217.78980058966147,37.46309557493071,-62.694737911519255,11.188486187890874,-99.36408639888998,101.96306970265499,-22.727049398261663,-30.64526806394909,24.41707370037216,-42.83051619563281,-46.74519589060098,-217.78980058966147,-12.143377725275233,101.96306970265499,73.33038160407882,16
-81.90702056485912,-33.546777400845954,-209.23497047781865,-21.49572244641414,34.09219002249153,13.39234426020865,-96.26132400473514,112.0287554390694,4.089044662329417,295.1620713081606,-20.112995931237254,-176.8842885545608,-180.4386463154691,220.55733290688244,16.926305878004257,-15.92203465321151,-36.632674484948545,-117.60176495677104,256.84776576003725,13.152082291452666,295.1620713081606,285.3245672021113,16.926305878004257,-334.4779717026603,19
95.31610964132054,-10.433202603526903,-35.949897575315816,1.3201314492225187,-1.5602694488728508,-14.220761406756715,45.06064549063542,-117.70709952765188,-102.84675999029739,-84.09797828481754,-48.065592164331264,-75.03310534787354,-119.86254725237356,-47.807995636363856,67.47495473859007,-17.426139146649994,4.274446096225917,-54.05969984618128,-24.72963264922237,55.45112182974309,-84.09797828481754,191.00583594031303,67.47495473859007,-20.245087980987122,18
13.790680051518295,42.24853090801625,10.561233873069007,17.948904231459824,74.43006455036885,-14.780278873766214,-24.151053312794307,53.34838297369192,88.85897909704079,-103.19701578437007,5.040619874645049,42.19706507984155,-19.7759978070903,-33.0476322060727,241.91016948112951,2.4010695263360997,-70.35814225299588,-97.93093046064897,10.763059084907871,53.20831493372607,-103.19701578437007,47.87448059740305,241.91016948112951,-86.60939118777051,12
-25.0435894008077,-45.12337792783951,4.771509715792188,-66.60465796636294,41.552167587233285,-48.27172007787585,36.909832056304985,43.05758001081226,-21.926109596290573,-18.173421917320162,33.99676103627486,10.528757628935757,-100.79949869600426,65.9757895578747,129.62660599969493,-42.2863358970234,-20.24204562928206,-126.7435486159171,63.01297972500619,60.09030624023129,-18.173421917320162,-0.15057526658421416,129.62660599969493,-20.809234706277564,1
-11.228905921468982,-47.90516129752228,14.855673723744225,-28.73221407797118,10.47400661084283,-15.25247728713323,59.46338875792971,-50.85911128964136,52.626158657151414,77.96761455088009,61.14868436657236,-45.0850621234596,-1.3512448425090318,206.88583095373713,-421.2757981057873,-24.061823648205724,38.348464080907796,147.43646175312813,21.709297546944036,42.812656089355066,77.96761455088009,169.8429626179162,-421.2757981057873,110.22949235847938,13
-46.402106259162004,-38.97112298064791,-170.52102550081568,15.224193907410866,-198.07510644228222,9.064667483195585,12.736515450690895,-100.66411427737478,-56.41435214737548,155.25553453304957,-157.31218111887412,-139.3543033418766,47.2032381641756,47.42538537947378,-388.48334091842133,8.612421371999199,51.97159527543026,-2.4131267295961223,-140.30575592563648,-18.67142417199256,155.25553453304957,-106.51444098414815,-388.48334091842133,97.09700330223572,0
22.936364533708403,35.35931588360779,-36.80888313610211,32.872539047710944,-56.30388117267309,4.703230491189499,-39.208525584577835,-72.84982771160686,21.53637588126925,-63.164132020753,-108.95795996910614,-85.11322585840878,-15.686113654931733,-16.12521220853391,-362.6818383154662,44.39844642045483,-15.669503908383657,46.57755351766487,73.45955067498372,-16.407596477938057,-63.164132020753,123.8895168284846,-362.6818383154662,194.48403841789155,15
47.09588907036637,21.128999442220156,-33.14405346300306,8.774032132781018,85.3011488412454,0.4707636256850456,-26.3860872032668,-75.02467782450006,-30.85440151109755,98.59150814629209,-171.7650387640667,-5.847403739770183,-27.147787021681864,-60.88246961079085,-16.5280372095985,-56.763302073336575,-39.8581742835862,47.56928569632258,42.667194538512625,-33.82554122974584,98.59150814629209,-19.68299538551292,-16.5280372095985,31.128327706883123,9
33.11390702559178,28.011677774707337,67.4215470070309,43.805828525959136,67.71175470313894,-1.6919711418830519,-21.359578905416726,65.11439044096196,-51.278981183021024,-96.61133914044942,65.44471203739427,3.2920592906107826,-143.33168995001597,-101.04230904855041,298.2822806614987,-38.61272238132188,77.14323064454162,-4.316500378213268,-23.742699616495813,-1.717625544000552,-96.61133914044942,-32.81634555229856,298.2822806614987,-3.8440164786296904,2
-42.30262010581601,17.68599459571918,64.3900886078785,-6.932637312781836,177.25535858347644,18.18856537067934,11.673252998446097,-51.13841474737807,-235.87816843831038,196.03446787744372,56.06994239971188,4.981648201936499,114.18909369989365,-53.46518647688481,337.385881456897,26.0035346387035,-12.40820100852756,57.66623239730893,-50.72780126276038,21.696251521167433,196.03446787744372,-128.30653189936368,337.385881456897,-152.9320822321957,9
91.45649958878408,34.71156606316369,-67.11769388322946,79.77563638924744,-112.74943441405178,6.342215256168497,-42.10732060512865,-204.5167855574064,55.53253321549235,201.66384696547013,131.88323111851497,41.28484512177005,-81.51112862806663,23.129024182950726,-226.10857238647117,-33.164197958690785,-7.180475092730511,137.70180339857933,-0.6558836612461727,58.10849657219925,201.66384696547013,125.90842776280716,-226.10857238647117,-44.059237741293515,0
-91.61658996486705,5.713055423357386,-182.4480529548424,14.218768089723026,-57.43924115536586,33.550409552072736,-11.511435790915037,-142.9715560212548,98.29083085252257,484.4624529057177,-150.8731608939188,-129.54086475157908,-39.46844490983588,124.93723514961488,-470.10702054199453,-72.54703913241747,28.233477052497054,160.84407058042103,66.7649502027659,-22.03588905208582,484.4624529057177,-28.9592500601347,-470.10702054199453,-1.29894390241871,8
0.08434321274682657,-38.312461226012935,-32.52658632928259,-30.577004802477404,-34.22700465497915,-1.9395972475293162,-11.349105235529194,-130.77202460748902,-50.98302142307283,113.55867698112141,-18.091165699832892,-98.00805293600408,-55.85633659278942,-77.04537253041067,-15.742015951595842,67.38697439988837,85.74683690291369,57.26638251890877,48.44723329567521,22.060687479311166,113.55867698112141,90.91365913906323,-15.742015951595842,-58.00712628443483,19
-37.32248356914172,-57.78776234276175,74.74729623083633,-0.2742553915282595,113.15943051658694,-20.56932945809756,1.1113344090963064,-9.727784354180699,-25.317498368453187,-266.5265922578871,-31.940015503383652,-172.82899641114622,-32.23440692030745,-150.54952360641067,244.46793702936375,68.36923094969235,-11.925956954136376,-74.25200521598538,-57.88598189163774,1.8052288379995098,-266.5265922578871,138.0356094958189,244.46793702936375,62.8026275746266,17
14.975683428851614,-35.68872955469212,-61.344447168812025,-58.0129763686048,-8.426017587899416,-10.589407167009838,-27.40985274729445,47.16244386448906,-159.31573994505408,-15.384473408940593,-150.06512371417625,15.883649403174855,-27.982978062145108,52.91056549770376,-83.57804360220942,19.113772496149696,-16.794300447933562,-3.827486079273852,5.2636825751385,-33.9429716394949,-15.384473408940593,36.80148204497699,-83.57804360220942,1.1035099953686522,9
44.58588166108595,40.804191204120634,77.44464757334002,-81.47772214277782,3.9707427823155816,48.675850120160725,-35.5055555489428,48.1571638919839,-41.170224257251924,-113.72995788312336,-2.0038718779030074,29.95110002728874,-84.97984683617943,-45.151933706611125,137.51070751399251,-36.810202597530555,34.196572219678345,67.45549473531568,-119.83737511412158,-73.65499108445788,-113.72995788312336,-56.68588214939981,137.51070751399251,30.194316786477895,2
83.23706873466111,57.448801717647335,145.8276981438396,67.91069892436514,-86.2612969673867,33.40698702959565,-35.22383501093435,24.415642771770905,64.04613934271738,-302.91483463548724,-29.162360450337413,-20.909060261540617,99.01304936384783,17.963222782591988,43.646156305673316,-48.660729251186545,21.731309895759438,-40.99329886468198,-112.6183752823988,77.53593282510991,-302.91483463548724,39.352568416570136,43.646156305673316,14.065060884407012,8
26.042969582653484,-9.590321519404618,-130.79047942840845,18.739981964208013,-85.1493058979496,7.032749443412124,14.707257461523115,-86.50539960664169,-137.45304993564991,132.63511828224026,-35.53295081747639,-67.6293571325546,7.652553633303483,-10.247135266582132,-292.3283901429511,22.625336036978524,31.962114995370605,-20.319605913677556,107.2997982081773,-104.94979347144444,132.63511828224026,27.712004112753768,-292.3283901429511,90.59242979588375,3
49.02583961539818,33.30971213141507,13.813764601842271,-25.533734488103157,72.94054071561047,15.475650740122699,11.75422019533108,-277.6907961936204,-104.63753913464015,51.13052282550513,-45.39595874442689,54.05429531655224,120.69256619936311,-119.89637549916563,76.94761327547211,2.926111751762162,30.88561600012962,-104.09950469009885,-4.116291111691943,-11.381776385209633,51.13052282550513,-82.84619005169637,76.94761327547211,75.36002853794753,8
58.023082455990334,50.91825100546576,38.16176997119586,-3.567130680193618,124.38860011828133,-51.37413792687457,19.170806459671955,-56.61524326295881,-143.29488668110614,80.61930510625169,-23.777380635755115,65.33660749902621,35.41089733208209,-23.326205362925634,164.250750285094,16.44487623009422,10.110445086108868,103.59561440323532,-47.74247650466597,-63.00768620136897,80.61930510625169,22.635741641703653,164.250750285094,-106.81252741279638,1
-17.139161620290192,42.26775007343028,-107.00477349611108,64.48370564246909,-36.45639196545843,5.379306703369112,57.49602322909014,136.61837886341254,-119.05265488023218,58.920521595538105,-111.00098282436228,-103.93364342798006,-139.96673428034708,123.24096984870914,-177.48239978903914,-32.692787735428794,-21.946479642855078,11.511303500701455,50.81109588227953,-19.074035094417013,58.920521595538105,64.39550269010948,-177.48239978903914,9.732073932271819,17
-0.015297766687448904,-4.301105360209504,-59.41336923824732,65.22122813930216,-75.57040382653238,17.80642695861061,19.382344256291766,-54.959539573524424,78.6193552011357,198.07242941968775,-117.8049100365964,-125.76905074478533,-46.72088422885025,27.715769081391954,-270.57062248579183,-11.22141463066888,-25.59120858013824,136.05932275433116,24.004287872980417,-15.319811517568516,198.07242941968775,-9.683696510648812,-270.57062248579183,23.07842813208607,13
29.85507808252696,-25.44226069579593,-106.8125370908456,-18.574135898813992,73.74533491868459,0.5418637720807826,-15.495229416695475,6.52686648837518,-100.61140836436874,90.90113826522575,-30.04344869234754,-55.153984837848036,39.64451570272179,-110.53579388600008,13.740702117918408,45.10595078118002,-16.7852898771618,24.360059797871504,-23.787269464618134,-37.94491365153257,90.90113826522575,-26.607363749875805,13.740702117918408,23.792760923103245,5
-7.476846716733244,-36.940185609129216,-14.414159448343419,-10.709878630318105,9.642942520209106,86.26763526981959,-24.97575440821975,86.04028099816563,40.81965866740382,-11.951672503083666,-53.238633766724334,68.02509352684241,-19.852665988800176,6.1761819061831424,147.0134984595925,-3.2933077175591037,-35.82692757044438,-81.30993479867449,53.292918557295856,42.7995286339743,-11.951672503083666,-53.792804752632435,147.0134984595925,-87.42761801245628,0
-44.932166917472635,-9.841964203915195,29.751817399637158,-18.96580843339635,-29.629483559799368,44.57372523543682,4.756568771577794,165.85793199463944,-44.06893599235188,-214.78633107020647,-55.12765157166379,104.31551978357714,51.134706534891244,-182.6290770310123,335.96494088798477,-7.930509022801175,-17.441777820261002,-91.9071774084835,-35.84391680901919,44.82288675071777,-214.78633107020647,-158.52193806317536,335.96494088798477,-53.89316115873825,7
49.774761621303476,38.5568103963102,80.58168056452897,-12.94314264712761,127.49036785917669,-12.208755134778981,-18.366662860299233,-50.31228267789391,-25.933529834996737,-180.80170472170374,-150.4641973224395,58.65167132531644,96.85966388760986,56.76156806799774,-100.54097057355447,40.675176868267755,20.076255581829233,-64.97848935015325,74.35684160398733,25.907256665741556,-180.80170472170374,97.11719714021724,-100.54097057355447,140.64886669389622,1
-1.1096396588747088,-9.955654611645306,-100.12690856794865,16.51724741003964,2.21366631680719,15.91587313768256,-7.986946399618953,-86.40296464178039,27.667241431184515,174.10663338797266,-55.64279607941692,-68.85585673613846,-118.4018022796377,-136.2132069168999,207.27954691908099,29.128869958799992,27.26740112311611,-35.61760096616366,-5.5819177100324335,37.78051623781771,174.10663338797266,-57.80688030669314,207.27954691908099,-113.98317441618197,14
20.446997813283613,-2.674816595569178,28.365960553460184,26.191501977837035,51.91283099322513,5.301435327184464,74.9492635800526,44.773938245004686,150.00019209862668,-39.400536987339365,-221.6345945292015,137.54161868262537,-225.26513681806733,-98.2205001569207,298.3035650872789,51.2510742547116,14.414628402358039,-132.4284101169274,93.71542299771129,-2.1173365766450623,-39.400536987339365,-233.4867275326531,298.3035650872789,34.979548435892966,9
-34.52946613934972,-46.97422658645853,-148.6026108572869,-62.93100547351793,29.901474222328165,-99.1799635847758,-10.539666567346295,-64.3682727174382,42.444990023011364,173.4610287682864,102.05321308709895,7.279834320961021,-95.23889210879831,-58.68154483965364,79.40151981876849,-12.556393174058389,-23.2689232168546,-96.86293550655557,12.29181665176303,47.23767229115985,173.4610287682864,-43.43501669989699,79.40151981876849,-16.482173855366685,4
54.75214440960408,25.80810184155746,-149.4100454495666,-29.293062383362155,-50.645062616522516,-2.9284629155148965,-13.056504936445855,-126.53960156799198,-96.24871415083769,190.7206972995943,-74.7910539140397,129.67454961504598,-213.85536562327974,12.25848438089745,-80.83552228299476,-0.21327589469437952,64.31198113642566,131.6002602785046,-125.57530961910732,17.544973368203866,190.7206972995943,35.55409698002623,-80.83552228299476,-55.87903460351754,0
-15.91427559312405,-8.519509649569674,-150.09461572716606,-12.130176484798763,-65.07597995975986,3.3951054603863624,11.138335689685078,-99.07279054708026,-52.78830171495483,-62.71300436069497,-21.285465006536572,-0.4390344297227733,-25.86173364137448,-159.4541769575987,-118.74507009186287,36.736570415772306,-63.616722520475406,-62.35629008856154,-41.302953949859145,32.44136661809675,-62.71300436069497,48.32889709708191,-118.74507009186287,132.54679634465109,10
-54.53120920249652,56.63902573584242,37.19192082610953,18.145784992299788,-48.89631821106241,54.89752215886658,2.09809951496384,73.12824824175392,48.36907644883213,20.480385063943075,45.49263291671366,22.49727206595344,-60.40406461222695,4.174363133481016,21.728320033154706,85.47569829398967,5.912455277294638,110.93515921061243,-103.40872544783812,-13.917818373990944,20.480385063943075,-109.93483117880358,21.728320033154706,-0.1187030015172219,2
40.226650475366405,-9.003663353343642,21.5035085440657,59.97264278662762,89.30375903026777,29.11929448456415,34.85242453748329,-16.48493757113347,-20.416370809177558,-55.48334606850009,-48.67759083774865,57.699863927878766,-2.077832587892301,25.499262966320444,-43.33849256873768,-2.4367788369047547,35.20960371955718,-43.21306316295407,125.17325596460375,95.58065592413145,-55.48334606850009,78.33505685190367,-43.33849256873768,65.59095605355934,1
22.703582635852186,-2.599389635200065,-112.58827242289112,-14.398193947136441,-124.80673934899482,10.651574869939363,5.895482456316569,42.977948288519876,-38.5889778805154,-78.39825766159552,-168.90567382465724,69.74852096358455,88.65221201862154,58.73890814429173,-224.17284098318947,17.49564230512465,10.24309185029268,-114.4580733300061,100.54052306868829,-25.877435281132925,-78.39825766159552,70.84159092704859,-224.17284098318947,-13.1396915191604,19
57.97220214033328,-25.8051676871276,26.029012739336515,73.6275889415767,-14.609732752996942,-6.159316848610787,5.686012457579849,-23.974449846531208,-116.47123597624137,-125.6336428327149,-155.58334800223452,31.158785287077233,38.25351470131833,-35.955387428934586,-69.03017216647923,-1.1997411074295896,-44.086956588938264,46.11275571483254,-35.574733387518066,-7.80658902023657,-125.6336428327149,41.270758832687555,-69.03017216647923,55.11052457297051,1
28.728008248747233,-33.63860085669018,-72.45899665378462,-18.996073472241427,-51.91370440139288,-49.93906013176061,26.651146567864753,-26.318072760313072,91.16423130194508,215.34745066529433,40.0616048184045,-191.3531230252695,-139.1981165588051,-124.39195149287782,24.846323795617064,-64.04103346725218,75.60194360288767,60.75789159447549,34.72142124661724,16.824622659426097,215.34745066529433,-78.53646999504731,24.846323795617064,-17.33040392338131,19
39.34523522550435,50.206408553698594,24.796612581253783,25.70593534050847,-178.01819064746496,32.66442347612425,6.043036122512185,-59.75159131494558,71.31518818751724,-152.87792512343378,-13.315059187163758,156.58903463827124,126.20887066418562,2.3297877833957914,93.82012938789066,-29.034368196059148,-18.5454022821512,-124.5083215839665,-104.68454086253765,9.64600643131296,-152.87792512343378,-40.75438342107182,93.82012938789066,-127.16354570489955,7
16.471708581596726,-22.27667353735249,-32.15196041446636,13.57983635854846,19.955272264815456,35.17837317775104,37.759659921714075,55.11345863902594,56.06788648703508,-91.7808969521719,-77.70315888773237,-7.342172618843508,156.81908276696285,-13.85326574960569,106.53302686478268,58.42934598868275,-48.462751137649825,24.34686933531551,-58.36446716572915,28.9712660910236,-91.7808969521719,199.17856040775973,106.53302686478268,-228.8178810949746,11
20.225752521411316,-38.60308257121566,112.49996225490293,48.60829836525482,9.446182304733872,-29.314222799988183,27.361135650691914,-20.105033140490207,-89.66692096426101,58.75551697433274,-23.207045014039362,68.44782607996487,7.167433855603527,-32.373755943132934,254.88643512269934,-10.66428182719428,-36.37679270319817,-7.636201283471062,62.868692442816034,-49.35139125851357,58.75551697433274,-141.96620296460028,254.88643512269934,-119.00195675002017,14
-18.211656836717125,-20.19695532689982,-65.61009834847536,9.663965529140707,124.84383982276097,15.237167158066198,47.848087094771294,-64.29967993875957,-91.57912877869892,112.12217157474475,-90.84191616252895,-18.157449575613708,74.66567020426405,-97.4222781751291,78.16000677253983,-40.48232855630162,-19.836904329874116,-40.094418018014906,16.772751553119825,-21.023044168775193,112.12217157474475,-79.62554623907783,78.16000677253983,23.568277120805806,19
-0.49029187295828247,20.34656566377024,-145.71870046489107,-42.28091443392219,123.63473092258849,0.2997593667993256,22.72314822036613,-95.30300445918259,34.3816936491411,61.29394704602322,6.789392008967039,96.87284635561707,-40.49601494334876,-95.98648336277552,-0.09986047704922384,-57.77741521308051,-105.05920084943153,-4.517541607366402,-87.51978598938305,-66.93523637176382,61.29394704602322,26.891238410791,-0.09986047704922384,82.07922018164024,16
-34.40536873579008,60.983598754022445,31.39736307794483,-58.509725174994074,-112.0073772260922,-97.1277700670988,65.79551336587802,-10.552358508895692,23.82309885863294,-31.945163389035187,-58.39902172789502,116.01613127758775,153.91015611223736,-0.2698833925987998,-113.37968917403957,8.87521681483767,86.66714558705492,137.32339290514236,-77.35723490862254,-19.064589386487196,-31.945163389035187,3.4779211002203336,-113.37968917403957,-85.2811774735672,1
44.14057865495696,-14.444440676387249,-51.81752870461371,55.50890273135952,17.497097411810103,-39.461945595723556,67.93904034431995,-99.72781305651893,-9.518218988830078,113.0587913506446,60.492660260867375,18.105700638145507,-31.543409835815037,130.25976816989777,-90.03262200642915,-22.019400771012023,6.629319749800086,-27.343758915429795,-50.82902317055243,4.745812053302316,113.0587913506446,55.114751317575745,-90.03262200642915,-14.149373813621292,15
18.0259304491738,15.285073202289341,-102.49537115380701,23.151334582220457,96.65650070360924,-35.49414614293966,124.71765768663892,28.315076546814275,-169.41261233615057,136.80010268405056,45.980194436039035,-109.82823743315626,-124.51006512499495,-45.32999670116757,112.01018217310192,-72.82553208247873,4.338930100628473,40.494684780013515,17.57820592584082,-60.33252732300483,136.80010268405056,99.01643281836101,112.01018217310192,-73.76842937420744,18
-16.56525162935415,-5.48583758187699,-100.55740255534735,11.932197729632517,-1.047640390036464,68.25223448706326,-6.312931910809704,24.8543948940949,-58.944011763750275,10.113937152255573,-35.03488021358184,-32.51929453994309,113.8816433331499,8.316409335900383,-157.5365599840888,57.57938797133796,-59.49151463069911,-17.13801010113198,-30.12576836106776,30.78314388527388,10.113937152255573,29.21313819709752,-157.5365599840888,40.04222420845018,3
21.327761804419563,32.35515757272904,84.38354063041575,2.0689222388824535,92.12936053464409,-29.106560467170347,-55.95472507931536,9.370831134653454,-4.354988095717385,-93.94141131272679,-21.70261712793101,42.29761438784058,-47.06546085285307,-10.096259821899128,90.23720548277458,42.42557313111042,38.55208367524379,-4.5514926251459675,30.28044833489148,108.12860659704681,-93.94141131272679,0.27934256482557096,90.23720548277458,66.0132418379147,0
73.15571579103843,75.32305866797728,-160.85504331078997,-9.346743037721922,-1.2093665122098418,1.3909142108637358,-17.401229347319692,-193.70457316485079,-82.11000898972142,358.1778814564547,162.27428166754697,10.912611529401989,156.2969074459939,68.6730082051406,-183.44748490680132,28.115690730557365,22.49321299960293,-18.015400531405298,-28.659032746266064,-100.61906664557901,358.1778814564547,-32.48688838172392,-183.44748490680132,-56.644783552204686,20
-22.63520417318436,-2.9235343131385267,31.34154576221362,29.827913550878623,-37.2812607312278,3.4792702936277644,33.120233656774175,-27.957834238349758,18.46932474835612,39.7595061092392,-77.20477609938828,56.83999122647525,54.08457593097098,8.533855660880914,32.837489070359894,9.750649236913326,-43.64597985122158,-27.575094313743833,12.446324428278356,-30.264413315095787,39.7595061092392,-120.10589420901971,32.837489070359894,-36.619491930132895,5
-0.6649719148003597,-54.56020946441045,-123.5288978024052,-54.19351638093008,-74.40149289249587,19.96456220222004,51.26272612366482,-58.03492931043127,-12.501807701935842,107.63506954220068,-9.520920076267485,-26.436663421717533,-37.35561002791605,58.476145305067874,-202.63925238137392,-29.922531572669868,16.802210303356855,44.1204349068418,-127.74283511845402,-14.339561195319458,107.63506954220068,17.863900632674866,-202.63925238137392,23.995451157091622,5
-8.167206324734265,-72.20150714313888,-26.393683205889708,-52.04152244589962,212.5103340815852,-42.944551729919326,-20.498125085478097,-60.907386174210515,-19.22491716017359,171.5062140794294,70.10776238248931,36.57559856317625,-39.69979363474564,128.097103648076,30.89858437199206,23.878568994508825,-2.3168481751979124,-46.30129538819085,71.91008032604171,23.859951503320524,171.5062140794294,51.73506925496349,30.89858437199206,1.3350434962974322,4
-62.87861541785584,2.0516775451005493,43.31827955350807,40.292342842587416,93.6608287161778,-31.296328768889513,-4.490128414053621,20.362068723291298,-140.0584181361571,-161.3566100422838,-172.72489813163838,-69.44495813983565,-18.54709341085674,-45.648801657523784,138.12177524054252,-63.55483081708697,3.5679032014071725,-112.40712743536176,124.62190577084638,10.494572720751478,-161.3566100422838,105.12484736275276,138.12177524054252,10.288652227076618,8
-16.668805167523722,-4.472340951009757,-183.27105284511376,-32.326206916699626,-35.46333058154099,-16.36646166494367,-4.389754580418215,54.869408163703035,61.60609287604069,104.53467979966378,123.6503525305192,-20.563728857755347,-48.29842165328408,-79.33421311703796,-191.98279354555737,29.62356969560195,-56.3752659342267,59.53824553918432,33.7165575981772,55.602766574654126,104.53467979966378,65.25013160246684,-191.98279354555737,55.07634108207242,6
13.063162362638764,28.126827003483527,-30.39188726287293,26.61039617108788,49.749649938177,-12.113337151274894,-0.11625975346186382,-33.51470112191224,-192.87272778118853,235.62730188529088,58.22193168155535,8.923535172803598,28.597331290438092,-65.01972791437709,192.41023898432934,-23.19318254168502,-34.771303768505845,-12.379217967238393,40.04886687004962,-20.984316488406975,235.62730188529088,-173.37739476125364,192.41023898432934,-94.66970381258854,20
-52.2215064384452,-14.973573650285942,-35.95845573305435,8.664676574659548,-41.768346341609515,101.4614787241051,31.72508259285639,43.02494893576224,52.68510587641653,-65.21342727108369,82.90433374082153,5.459220026232625,-105.3038094298948,-16.927450254642572,45.174432886303926,78.56725514995433,-44.76190609566324,-26.803555766229064,-79.80440200185582,-42.872643464295514,-65.21342727108369,4.730284397253803,45.174432886303926,24.162042817639797,16
-41.858614040309945,30.602422636482643,79.33844692498079,62.327109574822195,165.20841304569097,53.41361396072408,-79.18905068785233,119.43390177020578,-14.45689455269254,-171.8407104352679,-2.585321089815409,48.969678102545885,-134.46832569603907,89.68197538272697,133.63684028161975,-35.35170779108897,35.61940633391432,-28.13797764018037,44.93659043349513,1.5087962323495872,-171.8407104352679,127.72325675375694,133.63684028161975,36.86728129029204,1
-64.0207665543394,11.940900440587022,117.89959210598836,45.16677903030285,-37.534137304106196,57.61526206788887,7.0363662946981425,-155.16744869735555,-110.09451859245941,-93.66987833873497,-55.98912428172397,115.82772297303077,41.18808549552053,-27.10190948028442,224.38403378571306,18.004911680728437,16.68151302862973,-2.0685493136809985,-109.1778364563627,39.09552305377033,-93.66987833873497,8.28783834273445,224.38403378571306,-131.83841493771922,2
42.05690522253994,-69.44539011090886,-124.04376331297998,-1.429208283879388,187.1370256445383,-8.375804285052961,32.238065224635704,-45.962706336023025,-115.85657311074826,243.441955856686,58.13413427613067,7.9462858009392345,58.79926955676385,-1.8973520838243552,38.58826398242144,-36.86034367229232,-70.6605113186435,-20.36284071965799,-41.07555331734774,-88.33223761910332,243.441955856686,-89.69578970175002,38.58826398242144,23.946314506428294,8
-12.267774845931232,-52.91287053582586,-117.37414260782785,-9.54949813140346,-98.68302032653162,12.417162454380799,-65.9280660801403,-40.301086901852656,35.66359321850832,68.26904339064394,140.27700155457515,-56.42155523947718,10.263277541746536,-70.67478957769555,-159.05958403138538,-59.99544880969391,57.79669178005507,20.579466730203606,-14.7691044523858,24.702660266484365,68.26904339064394,51.225657200412506,-159.05958403138538,30.686891960855842,6
8.720960991591895,19.246382859639766,-59.8125636393238,44.243602389503465,-61.726220806796434,22.820805613131334,-52.82026339115351,-65.1091644785525,114.91894539289345,48.52596782758415,-31.394488154421083,-57.00901164849063,48.48794453868238,118.87326293028421,-367.246107314101,-0.48408466950584395,-1.741429631396901,6.868835225039058,-29.296172186820392,-49.81627065117247,48.52596782758415,33.30133041127108,-367.246107314101,128.41723328388514,0
53.44178330783202,-23.30689347274236,58.829507874035826,-57.900057856880494,67.20613712655826,16.01357970640748,2.208813846246829,184.48643614614463,38.79262412451278,-95.21911040292554,95.20756827470535,-41.046785857219,-28.923501557774394,-21.693931475851933,107.73702131252637,31.854554685792724,15.577968112048175,137.7735831491594,-23.370915786024,-16.752250130079492,-95.21911040292554,100.50272292720628,107.73702131252637,-57.63310975628444,16
-5.885547046170823,15.172429441581155,-140.91582073542847,-48.33173943737427,1.890638780890428,55.72985785637996,16.62486460468897,38.64177926482515,38.25201740930118,-40.20064492103125,-68.98829763776612,-3.7233280980111427,-29.964462734824508,-80.2259401185697,-139.0273555473351,17.430083857321282,22.656735927732868,62.567711385155036,-99.22293284269932,29.11287253567501,-40.20064492103125,66.46507529061886,-139.0273555473351,82.48223738239089,8
-11.537584702382762,23.76329250869314,189.53293188693704,-26.321017629638646,-17.226140044440463,-25.35937193411272,-47.45743299001782,2.441172000995908,-278.17501053861514,-124.3535916050103,-32.709190045396,73.07935771594833,168.77786511994537,-8.733068395961801,64.83339813318092,41.45681669324806,1.768422132965404,-27.839770378593343,-51.45084218492932,-0.4616403407814037,-124.3535916050103,-281.07319630091854,64.83339813318092,140.09874246659282,11
31.911026091820208,-21.304784780375062,-65.2162268044048,-1.2701651480122857,-37.217625481973194,-44.07649637594702,10.787372922273528,-105.01644340249226,71.90186308264623,155.73897947789416,-40.31448537843975,56.68994846209209,-7.606757265618969,72.78762120130028,-141.2682832590147,-46.401501455232165,-66.8397840585504,32.39750850966238,-25.366313985948498,4.704100195784402,155.73897947789416,-5.602847922796199,-141.2682832590147,-34.50336413427556,0
25.452849300875396,-18.462991635595444,34.87552293641685,133.04804354680948,-122.85284924985629,-7.694011777922631,16.429117043972305,-44.018355023884524,78.24820343327688,78.11808259726068,117.43836036951919,-44.841330577319,31.784758989508525,-0.4718077121714881,-75.50232487348855,30.6115511628904,29.979751862804676,-0.7221444400595534,-35.17426897400903,-36.705517711255936,78.11808259726068,-163.47174059867348,-75.50232487348855,50.68401340415371,10
-32.806543403290625,-33.14917617324287,-154.42218751255217,34.85105291658219,-35.51495386629959,64.31985917079145,16.72672247692504,-69.0675277415422,-18.138648717716464,139.5919280118741,125.80045092751828,-61.999028692058715,-154.25348362170138,-88.95905738380364,115.23428824810354,-53.40257643400016,-25.4482206650961,3.316251978469813,-98.37432798866996,102.78597251867716,139.5919280118741,69.72441400597491,115.23428824810354,-103.36971591896909,6
-40.78423055631313,24.969604469130665,24.27215215257826,72.90066678290016,-59.29985997339013,-18.786252714910383,40.98958169359557,-151.95878659023117,91.43402260896524,11.195919737796029,-1.7833423221864386,77.63241041472082,-14.145554302330602,-82.94147287883952,85.95076251027577,50.86943745040151,59.773187355490535,63.137801433234486,-46.72195779225012,82.42454330595902,11.195919737796029,61.09521843565127,85.95076251027577,-112.08989302040018,18
-14.479834760206526,38.53217270525804,-20.599182843165813,-30.195803394910193,-3.9729684427725864,-24.611474839680426,45.607554843109526,145.9747482887241,-146.446502892569,-54.14579874417019,26.97108054608112,-54.36072002268274,-13.153742571397231,-18.581966242569344,-57.555632044828215,-20.47567438901456,-7.374363374240462,-28.9955545065052,150.28613660498354,-20.2438591748016,-54.14579874417019,25.09943264276961,-57.555632044828215,61.41918199514491,20
33.949897856059124,45.48360962183747,-12.378750023335634,-23.674433846874887,-22.81537887244733,-65.25233602854814,-40.267759517004606,-27.33233343680679,66.7434809772167,37.987514132731256,-73.47881042141695,78.0158154691457,-106.83654060960183,101.37038204773438,14.930998855157325,-3.755678779813123,13.229060899172183,-17.78777787547178,-11.778775480414438,10.592245108882866,37.987514132731256,22.756339265459875,14.930998855157325,-77.24157560872823,0
-14.706484727280946,51.03547151994336,-4.2207444600455535,-69.795380054,-101.55944800193745,43.7896835448769,92.37271882791694,43.2886407292795,48.039536798575114,-190.3551135418527,68.73500279949171,17.56784773858228,-132.92609043728282,-58.8856274639916,40.03272697155006,9.170516100092517,21.17583636683743,-21.57224325656223,-101.36612061184478,35.37082688478695,-190.3551135418527,34.57166771246129,40.03272697155006,59.7457901269989,16
-30.12385537869004,-17.652113053459445,-187.98654520265586,-23.618633918265004,96.00766587415619,-18.659639706989747,65.63567994950029,80.26421732942947,-237.58102017370572,17.959319387915354,-126.48104065165316,150.63728840382058,-58.155475397537,-26.316515078704814,-21.458000579006292,-1.336230977672856,-13.074094628686836,-32.595948153786445,72.92095598733482,106.85336579556218,17.959319387915354,90.78222272813677,-21.458000579006292,-4.512388318880025,20
-20.55799737101531,41.88317455141548,-110.5447526406029,-41.20758350891251,123.43720632389261,17.489692752178073,-46.886588664152086,-70.65300410084318,74.89721351300305,223.0099983252196,79.64161894997272,-33.36987168626499,16.866260427810175,-120.25871019609343,-28.600597972332263,-12.488181784031829,5.564515037622488,133.01766215396268,-51.89735727235423,11.279860797626453,223.0099983252196,-10.974962039138596,-28.600597972332263,23.851099412805866,16
12.554292443389105,-60.360068134833746,3.7630132372351888,82.62622798857012,-7.5288681789400425,-30.3154122778982,-31.729327411713484,17.825084834160446,-72.13250367611273,224.24811819910138,13.94051598015098,-60.42531256158247,37.61965391100926,4.716902729403474,-43.09971314592733,0.729631131487896,99.0491745166297,34.86418654903752,115.7278185122276,-13.832095155895356,224.24811819910138,-171.92655712175625,-43.09971314592733,-5.403186310746566,10
-43.220320909446784,11.271960978264488,85.16315716315955,36.60950748377144,20.135520357488463,-5.731953789810767,-17.27465070403299,-137.65554612324405,-110.3774623186451,63.57338729424264,22.20008584610058,-36.81259215689296,-67.23688665326239,18.886227845220205,32.492746604951,31.650387749280288,8.078905318173762,64.11413735302335,14.427179499613256,-6.57907371937783,63.57338729424264,48.02169434484696,32.492746604951,-14.91634268885,6
-26.95981635238911,-14.768109743706056,-47.9213428652653,7.7340011219032565,-66.40018081495344,28.375785734042005,-10.14909427097096,-74.20895909790107,124.04170970553352,4.655716845131162,-27.80650947283074,94.25130163535715,-5.134115803356392,-19.7096077527528,-13.938329326345162,-25.809478991788552,-1.4025662005003536,26.68712348370147,-111.3603565853129,28.67241646315732,4.655716845131162,9.839803343238058,-13.938329326345162,-54.86001527042062,14
9.65550100846862,-13.194155681126187,89.37584253509279,-22.210299520949555,-245.84428050472852,34.14681430737771,56.88116642571642,0.18664439657898768,177.96352377701982,-175.68057508199476,98.92113459305911,-82.23573456739972,-138.51277841367133,-9.83895033336891,-162.04436083478487,-40.97842686166316,4.9776913617680645,43.36208493442844,-93.87795241151402,13.752212202387453,-175.68057508199476,-33.19491716590592,-162.04436083478487,142.9638980558703,16
16.673886273369163,-49.32379703563626,42.27559708380592,-39.41216754972474,-94.2604470310435,-16.58899583942594,22.044623663954145,-133.89060941829547,-6.5435413770028195,133.29904131176784,58.59269641556228,-21.228954025870095,14.729346887678867,-50.36496890514819,41.3797974125895,-21.632146695808082,-15.404988461007658,54.82132256292303,-12.289705982041426,14.091312068969513,133.29904131176784,-74.40304142681505,41.3797974125895,-79.85373595769678,14
-39.7972772259682,-29.27020782919119,17.864094226861287,-13.626011629316228,78.46648241389045,-7.073044766517052,-65.98582738812779,66.80128213737191,78.44514665179814,7.3368539708511635,-59.135658839288865,-10.85650003088726,-58.91166968062639,30.37866928311437,35.42973138589227,45.59204282207271,7.635148755842824,26.729561774545946,97.89114379317824,-7.230250995990707,7.3368539708511635,71.78446973099977,35.42973138589227,-41.719576840665965,17
12.36426974913041,82.17900631781055,94.44517937169988,-51.23091032832445,-105.79418248863489,-55.43256810192613,-19.46333378654305,64.87340359207133,33.93867449751499,-126.45033919377539,131.1191995719053,138.83871150527725,-6.687390760132184,60.69194925033891,95.79312840212346,-53.527361424017684,12.270346558006871,-80.47413889275,-18.766148491146346,-27.50237110802548,-126.45033919377539,-106.75452984753903,95.79312840212346,-13.981063350558829,10
29.569370908639208,24.61977784678455,-79.7143780321891,12.550811677248625,51.56252999431743,34.1252526992176,1.4634452179560162,-69.8401117065731,-89.09242535188781,258.35348348860714,-171.83827368059377,-38.52827785834987,-63.060401989580384,19.878246817817704,79.36365115774794,88.81567049590528,-55.23002869448697,-22.512317008408893,88.2281450668156,32.27587396930482,258.35348348860714,-51.30919614953928,79.36365115774794,-132.73399660265216,19
-13.36151083399338,-35.02648267078759,-0.16065110176483266,-41.69830474258681,35.102762479970565,-80.98331444639152,18.18386830465378,-38.629928382508034,-109.10403132887247,-89.89696772484476,30.220122391879087,-0.41247665123567145,-79.17588933695473,-98.28311030450348,158.20179648789457,12.83936458029874,60.73033538765988,-4.710583528754926,-91.16943789232985,-43.351574833931494,-89.89696772484476,40.30512731122684,158.20179648789457,19.46727241889399,17
92.13617957240858,-23.69457902111666,99.09879594662756,15.509847880490742,63.11184962871623,-79.67917615618656,19.37066006324741,29.79948781985879,44.56763653251733,-138.15950677295436,-107.17152342256941,101.35373238132166,208.78887001098846,78.74244313597819,-225.3820039863856,61.56415343454406,14.052851801111846,5.614985911530281,109.0665519323231,-68.71486362593436,-138.15950677295436,11.258490387361316,-225.3820039863856,137.1476922263326,1
-46.476495980873,26.817855957676528,21.889049761252565,23.515051541445647,27.59553380142723,-28.647459243715268,62.56108930223107,139.91783089125983,-30.8830657478787,-141.36709374535616,-68.01209358956946,91.26259631810433,32.60450354140818,-160.5265509451993,346.620471878029,100.59650278218902,57.01717668666604,-92.50598372619862,55.45196592093187,-86.47557180652113,-141.36709374535616,-93.20899937664144,346.620471878029,-101.26652357753994,7
4.844144849075498,-31.281035108951517,117.084719410677,21.384855176953653,67.16062280240618,54.919738411855434,16.78179249819823,8.771427899552911,-93.62930641635558,126.1001454051484,66.40657785637794,-212.78692987728323,-18.341858103939444,10.2918590411186,29.42660197993574,-30.19466703689919,-33.636651923866566,-8.078620627294576,204.46247988773575,87.18220507503784,126.1001454051484,-76.93910380198326,29.42660197993574,58.422544565505476,10
55.027697704662486,53.62584118739881,86.70816434215786,1.8596337892057853,-127.2993652688062,26.345854454746615,38.395957916556654,-27.634091449096836,158.2476686192251,-209.56988766881852,-114.54962362762792,-14.795108302390986,76.01921893602585,14.331719111541181,-302.49069156904557,18.46410191519714,33.51039712397785,-27.681354663760427,243.0832986224762,29.926073278617693,-209.56988766881852,179.00746618065642,-302.49069156904557,90.6134290533506,15
-10.66316548504324,-25.930151006368412,70.3078016209974,10.006763782527388,-53.8924063956869,-13.47225167266628,27.022086449194042,-228.14594417405291,-37.9128681510056,2.402932269725327,172.59264306013455,97.22170853659267,-4.9858872587206715,88.89456657381251,-43.08265664558773,12.537379182076101,-23.77764253139352,62.825870225767645,-78.34607915614575,-38.75311481880394,2.402932269725327,190.26029988117375,-43.08265664558773,-82.11977533066559,5
-69.90169978485075,32.48465595950369,-180.52112843428029,-11.829364726404394,-11.429329869827454,-38.200679856093316,30.88076743824745,-105.85247271133314,79.09138782178974,182.63390473240247,54.52535648446581,22.362562843119935,34.36026992210618,-28.924415533967625,-196.81518662113038,-107.56941452832157,-51.80878738110355,48.71486135956292,-20.10326789217671,-24.79642701520543,182.63390473240247,92.38352429195163,-196.81518662113038,-18.919061814862438,5
-5.36371663709012,-15.566943003614986,199.67004120567407,-28.4213730102814,-69.16200571414946,16.072535579168893,61.866994222552194,36.599704547915316,-52.56565758479901,223.15481514727463,-5.84900601891039,-231.9241397564411,140.55298299946242,138.15164906180053,-93.00887631357186,-31.87138195160309,-41.30294433715564,151.70522834305285,116.53589528062724,30.63121854205244,223.15481514727463,-150.3728853541731,-93.00887631357186,-101.39267003074667,9
-21.843705823735988,6.888341232356929,96.80102701643719,40.93698409344203,-117.63234863725214,47.5787462920068,-20.059671443491546,-47.64016076005902,-16.72223903879551,22.28951154743353,-18.55044546677941,-203.97463822737188,-50.80091054590503,189.80216377078733,-165.56712882424927,-27.725810412372386,-28.23420238820722,-41.45036573551771,88.16110167132831,48.642600297635035,22.28951154743353,71.2013090169581,-165.56712882424927,-11.052507317302883,14
37.49841649246965,-34.939350688882556,-134.59000403367122,72.98976375159371,-17.8266242615474,46.715105959807985,15.35482527405364,82.71843834122296,-105.39425832991708,-29.108622996203675,-84.82622487202072,13.549450867581632,16.86119728342235,-31.802177489419485,-66.9796177391527,-12.521668928893831,29.53395725463173,-44.52295192071257,-86.44862329752826,-8.778270303892741,-29.108622996203675,-58.09191905184076,-66.9796177391527,64.44869328503901,19
24.773406319139305,19.41741877198367,-24.683737726183132,2.509590080939387,-47.16241377410542,-13.00462975488415,-52.520612014353254,69.03761678913479,54.2491655627192,-5.35211736013017,98.06893927991584,5.259906660463396,79.4723353797099,-141.48379504046864,171.33387045980353,-124.07358047831364,6.177521476299217,-29.38564732294349,41.44993010550169,20.100393580857062,-5.35211736013017,-41.60627399249424,171.33387045980353,-113.92655041722371,0
-47.36784060262796,-42.646979346124866,-144.52502242214297,-7.261322508096662,62.45612741498826,-36.24047376528373,-26.834946556750147,0.9118623763389389,-19.58410373014501,116.49900296193852,-52.749284476939465,-124.65266545699532,-53.69253392452137,-83.57530943772888,121.00873027659193,69.23166799334483,-17.656683399135126,-56.2740639089315,-62.97729187510874,-40.079321600326736,116.49900296193852,-18.354747449515713,121.00873027659193,-45.48876210143128,18
-57.07953991275744,14.590230171772054,67.77759265372688,26.219789117614354,-63.92504794836533,-36.84040225684328,0.9989365594042316,74.89964172452899,-36.875585985371664,-64.21130006875508,65.26609908174018,-123.02168927061423,62.413732529528296,128.12042543598895,-170.33624777580215,18.423449967049933,-34.15967019584701,-64.14915075022789,92.9894496797566,12.370196187279948,-64.21130006875508,13.862866777713672,-170.33624777580215,75.72795440201122,13
-8.773493377219733,87.43682385271984,99.82444333380644,94.17148169819134,114.31335923045648,13.631923319670241,-69.03471722556961,-92.70652206716679,79.09245378458378,147.7112758940952,123.0726820297819,-97.04634783499371,-92.1703276194566,14.781427751386724,82.86030001325474,-8.41737680530159,13.33517476663437,123.22672059745237,56.443623166070445,-18.346074084553493,147.7112758940952,78.03660254433305,82.86030001325474,-44.506417973955266,1
19.996824109469383,-14.322295220597269,7.48596780814875,10.749842137851928,-50.74818609689105,-15.688583132698614,-6.154571632551541,69.56930059612817,58.840690839886214,-24.27855883005749,79.1543233108732,-5.503027405859662,-25.02028876813359,-96.83140060798307,162.403878869599,-51.28993615297007,37.315287465874725,21.868523247464587,-56.469146179126824,-3.915054929842219,-24.27855883005749,-69.65544346377813,162.403878869599,-64.03429703865015,4
36.303874231459645,116.10970088457618,-28.34105448418086,30.799615506072314,-40.164314257855764,34.435463523615624,-40.72392239987235,43.74707325446229,90.98593732372315,-224.48415879297386,-100.31045390879727,18.60421887526254,-196.15185493841727,48.698496259060704,60.67357395895619,-6.699817272833387,11.023031875934059,-201.04727984615397,-81.42903319756107,-4.634384654077648,-224.48415879297386,-15.182809932710416,60.67357395895619,116.50121901181144,9
-17.01685565749035,-26.408645641150798,14.80960276814895,-17.52489763062971,-39.99887598128221,-15.45811548620585,-47.71563532492686,9.387974937184094,-152.66414240991338,-45.953847253653315,97.03066843376993,85.15245399423698,20.547515313716154,-74.83133229815823,17.135477447982865,-3.392124590656117,-50.457309083204656,-41.95615984333018,52.22510910783717,22.374616734514348,-45.953847253653315,-97.79313414205305,17.135477447982865,86.78910839973597,16
13.310702686181454,-45.79146358759311,-5.6108554276402645,50.681313041812174,66.74795402170665,96.7019944767837,-16.132070262320305,31.442884925611025,65.35172220576834,211.6523405095926,-12.006661303569434,-97.31139547925571,49.88146578841533,68.38114281188061,12.015830156187413,-123.48887297035813,-15.354561795126083,-33.88648083475354,100.02579478464722,-29.512066368173492,211.6523405095926,-117.94227424640127,12.015830156187413,-47.80534318669049,15
39.517803467022986,2.9409324593512,118.51019604904411,37.605704979107266,-122.09680911886792,53.59902900559507,34.53132599821928,85.9708954069739,-100.46898311440654,-148.85841006428632,-1.132439052380092,86.82098170528604,114.57857646142526,114.16018662184577,-156.54052222921575,53.04513515342631,-52.33594631063322,-99.2419377184533,213.94236220015802,48.67721381408673,-148.85841006428632,-35.352866060577526,-156.54052222921575,54.28322744329243,7
11.671882420781952,52.42983268202187,-2.8938062409149445,-11.891743181452224,-95.18089591050406,-65.60550089379976,-42.80077398810077,-202.8539687805073,-175.1866513621345,-159.92875335733947,115.36442165187468,21.109191382466026,-118.18795421418926,-8.91196622903497,-28.889143700340316,-36.07519222020674,23.474677593803666,-124.80212189878432,-141.47172013436114,-23.452920627439493,-159.92875335733947,68.62806382492221,-28.889143700340316,151.0211532974535,19
-55.05062227966177,-31.195814746303657,95.55717786999537,15.132957841175728,-111.06478830798062,-63.35490854849901,60.18216539432943,-75.99499925645011,36.78027214028832,-340.9904246640053,61.328421510915156,44.22968637554824,-96.65443391325731,-82.82624907446245,65.3128534417075,-13.042552171933263,-7.802321063189856,-133.74126074805434,-70.07500393126959,18.044545659677887,-340.9904246640053,28.310151894716462,65.3128534417075,162.45813386884612,16
69.99691108614115,56.80526974343036,112.49179091931444,35.32900947002963,-34.52028320091421,-58.66433534906552,45.31999604608274,-31.003375405079957,9.978730047989867,-107.53406141966298,-61.59247414078301,87.26870247216148,-24.303053169769598,59.96207644096407,7.018142793315182,12.333559363551643,36.29299063430513,36.729222460137045,-63.5746856980558,12.291415873968397,-107.53406141966298,-22.32899048288605,7.018142793315182,17.778003354247602,7
9.619366434075275,44.523095644301584,89.3467167323923,-4.798832475623558,-74.84693032730442,-14.041571982826696,-25.268696472185212,17.846981570843347,-32.21657432363934,-31.52739816014659,78.09342762074769,170.20450625991975,2.209262826298759,22.221580047217717,66.30706425363658,-10.757175286136505,89.46981812847403,-33.6469362869111,85.59252655376683,-20.67280060788832,-31.52739816014659,-112.29142335468909,66.30706425363658,-21.677178488082784,7
70.52944344512763,45.59904514312536,98.23495017630427,5.685133717952605,62.04145857501431,32.80028589774725,-9.612702159185204,-124.23814642157431,84.24450575840419,-126.50527599806496,119.51888252677408,-14.799159151682385,48.6088721345381,-166.97945547166853,486.1389727358472,-8.604957114589073,-52.70795564206463,-117.02243288677523,-161.03517615657924,18.05724662672696,-126.50527599806496,-28.44921355970606,486.1389727358472,-121.2247699915615,6
-29.41163845142729,-29.928793935886468,-124.58379120367148,-20.500679764546167,-22.696131737673237,40.484577078479674,-36.48610186507626,-183.91191319832302,-183.72190384697902,77.09045509686904,75.03514646714953,169.79750406353565,61.4360103513294,-162.44991131582827,-326.5416358946653,-47.05319747252125,28.82342362967178,96.96290032621461,48.79992420631558,-82.11648544912927,77.09045509686904,9.807554541837282,-326.5416358946653,228.62481817823877,16
1.4873845013389706,-18.318268909749225,195.65342092805793,39.8201145132402,46.576678491080926,15.36182976341231,39.90368642071326,-50.01841855410683,-125.18247321630234,113.00032725985218,43.004920138917555,24.06041969948624,11.840397757158705,122.17514559595948,189.3437917372271,2.547733785040474,-30.115501875139273,7.654948673561073,97.30823554521741,-75.15494280715617,113.00032725985218,-100.49643618545178,189.3437917372271,-120.76903231175359,14
18.95917853700749,32.93472473538824,-20.828840766701475,-19.641184406089568,-78.2071924462984,39.26289237687948,30.712789628703728,65.3852531793196,19.479821512704987,-28.00674582010695,-61.3368988355562,32.25716203191815,54.41009311010415,-122.59592295495962,84.14197832445325,30.196829143249055,-28.186474036544308,-6.224535627750085,33.70957773442368,21.413547806224624,-28.00674582010695,-84.71821764943122,84.14197832445325,-65.10121129240429,20
-42.84132171143804,-19.596503474224413,-94.15144083817478,14.854564504275556,15.126239880260828,41.126902288889475,-1.0961004229067342,-104.88524795920681,-192.76173737344516,68.29916196204479,-20.088797856192517,20.776856499499257,21.11905347199814,-161.6160884038792,114.57001461079503,-38.8976936646696,-16.058337886583942,-157.3500612030841,110.33321272464929,-25.092751135999336,68.29916196204479,-83.73481610041055,114.57001461079503,29.61514050964474,10
2.7546462095708355,-1.588233165090254,130.013029990085,79.2103883274808,-96.46259587803982,-4.25061742329375,6.4840371234182825,-80.09458234089918,16.358356689640665,-141.0716908025622,-2.371339925143605,-26.2022247538674,-45.23471499384462,153.07031098490913,64.06945236105395,-10.049032528298268,56.444561799676826,-50.3230109756365,-219.74287738863552,-8.349573950737867,-141.0716908025622,-13.08389960618313,64.06945236105395,-22.413397021027947,3
-59.3411370419153,82.25955904165889,110.32957394431705,83.0447121753964,-193.3147553923714,25.14923149607471,35.73381454536135,-228.82474810309947,-71.3052237598334,176.11990631815829,28.088191785267576,-165.82679449704003,-39.03159170374541,98.16308777261774,-214.68655523021116,-10.925803356370613,12.495552466408009,78.28014070408967,142.54241970587162,-60.65104235717438,176.11990631815829,82.73441255753139,-214.68655523021116,-70.34178625221395,17
-18.303916756532924,49.95622325665896,33.83996169148016,14.716239063513193,-77.49148587041736,-32.24496570841111,-10.912672177846456,-114.55385093722725,-75.7907869503674,181.13407770605406,76.13865735313873,47.74597940334745,-13.408514774035707,128.78611208401333,-57.46956386963576,-69.95198717059957,-50.91317431218635,41.50898304514648,13.944191299736142,-77.79313478017112,181.13407770605406,-22.54948741198808,-57.46956386963576,-103.26850156090727,4
11.047337149662322,72.05969201205444,7.861675727933064,-2.2438938011430776,176.44371058293214,20.343397048509644,-7.095470236316199,71.10657711705255,83.24333359412176,-23.74896204272226,-70.53150039918759,-35.556433493777575,-51.667619008879925,37.532507767990836,41.56173294188304,-9.999574828094826,28.960764235133873,-54.35522727893623,135.76984160126472,-34.33670369107403,-23.74896204272226,77.37905000848053,41.56173294188304,44.3658386791619,1
7.893263236028072,-54.11115405356877,150.72938133857664,-4.994301017576442,59.95585727489491,-39.59376537346705,-8.074096148974244,-5.328553424215174,30.655584515357237,-67.37848343442147,-104.55274168226077,129.85188025707996,223.88718350700833,94.90265663859444,-158.4285999739187,71.09102989075377,-18.998113403073056,140.09716158741915,-23.42493969403339,76.58843968968503,-67.37848343442147,-29.83354132327772,-158.4285999739187,46.17206729302181,1
-14.626102377245545,-16.28534060682086,-142.6551281717179,-42.647513597214875,95.75362929401902,-24.068905068659113,24.713163760627697,40.483851764210684,45.84744348213478,46.540079933268515,-87.7524812395955,73.01344518075126,104.43768333617314,-21.340776218101553,137.71338938345454,-45.352975685187275,-11.77939571203866,-151.04407728875196,-11.895943485054188,18.252111101019143,46.540079933268515,-30.80588951505595,137.71338938345454,-100.17714286334879,20
23.213874449122383,20.864030352334552,35.451033317307136,17.927059010722505,-46.969019235080125,2.0419981067582382,-0.07833108154963142,-69.57672072093462,-82.36466291504524,143.65752441915004,25.46668519170491,-110.60156825986695,27.675132611954165,75.57431216451234,-123.50965988425068,36.95449783237685,-4.529944957809824,21.719240433022104,94.53101093861545,-19.922941993429603,143.65752441915004,-3.0563872696014904,-123.50965988425068,-17.462988551802884,17
19.22147029708465,-10.788808678412602,-34.452502173033665,-14.916527749198599,-17.263618986755684,-24.244981509938725,39.91916676058415,238.66002254025003,182.14569636651592,22.076198328753698,-25.11402539261408,-165.52634326341152,43.5220009243167,124.60320048940645,-73.6715323870203,21.957622975046746,0.22722273442910237,10.221640983459901,-3.375019687464116,24.85508688304303,22.076198328753698,5.581687207172541,-73.6715323870203,-80.45725617614559,5
-19.139774423919206,45.96953917692339,149.50204445609455,-8.38226230472674,-127.9935515760663,-40.81470789127472,41.17651810349359,8.079015484432341,62.68451314670937,-224.2848987426012,159.23613062887281,-89.90488702836976,67.63598969114004,-38.33234464195999,294.9409222436031,-22.757450676169483,-47.37394111465445,-126.04201601943963,-89.24665637861081,-21.4535077815891,-224.2848987426012,8.101212866308938,294.9409222436031,-132.49329655184602,11
53.87342716492761,21.729314889255154,-53.03000934793455,-25.264179692946833,-70.39910093602043,4.534878800332703,-80.20624669108403,-23.222031014792268,55.07860754088924,-111.94495978975864,-4.990442602338483,119.18148201999361,-68.0001750326623,-119.00399769618076,70.74649848878464,-30.515153066666585,45.94768330312363,-4.11420198698798,-34.44043027948041,53.563462631688694,-111.94495978975864,68.99680411749222,70.74649848878464,-35.212693045301805,6
9.866584414444977,25.70170860662756,-179.43074886105455,30.596221452209875,200.25673803187038,-21.189943873289643,12.178127929570437,38.68678813480511,-35.84286308066237,387.4336823001273,165.8762972738881,-88.11279920502791,-135.19220457969385,89.37900603437278,-146.94475347625146,-41.30923154025098,33.6047072183164,104.02431897231642,128.84598769667986,29.664755386901533,387.4336823001273,101.30446933123373,-146.94475347625146,4.44409408345968,4
-51.168045467588136,16.43205311174832,46.477716724249305,-55.55956816059856,204.96826740905547,-11.237950333230089,38.57425129387301,-123.48401720443587,27.579624095098755,-6.431065202126626,159.7004637636598,77.81666316839886,-12.053342094784218,-74.76320036159035,-31.91782539697773,22.620048946884683,1.6596506045482242,193.31072469719996,48.84332925329928,-101.863414127863,-6.431065202126626,275.225676183716,-31.91782539697773,49.92185477994614,7
14.253154729389765,46.77459278451962,-37.783693942357466,-49.04142999224973,93.15713335671164,26.293258396429884,-24.770200810858608,74.23642734605933,-70.50037243156925,26.61083816531925,224.17990925127472,96.60092126247882,1.303441543229935,47.43937726336701,-57.772009096609686,-79.71951714785574,4.3936397885414715,-11.892455169199753,-29.022089914580967,-30.63989892243511,26.61083816531925,-69.15053114388857,-57.772009096609686,144.99063827462075,3
24.779586137061486,-14.176965760598799,-87.93816866839676,-5.998663124486495,17.797847287174093,98.7230417123665,32.977354897817804,51.48681263904077,53.57018480888527,179.5417140981229,-0.4421890134124684,106.98621245418951,50.03575416943464,91.51178083691063,-65.43671688136519,-0.44244560091791263,2.5078068551708528,114.57547458508756,-182.77004357817233,9.020048910429422,179.5417140981229,-123.60680401801822,-65.43671688136519,-64.70801195734859,2
-6.439782536752338,-12.083313819636283,-97.90323599908871,21.412170833188846,43.51963762189208,-24.978676784607494,8.342249605127174,-157.54359776345,52.011241852078726,168.739099682816,79.34832368679132,185.81028848671028,129.83507208202218,63.9826304025913,-99.4921429146514,-25.27485689869129,111.51720118507373,-17.507293565918147,-152.58024924508663,55.52402247378765,168.739099682816,-94.56559421650404,-99.4921429146514,16.78662827344731,17
8.782587640565469,-20.312922546271352,-31.059403597969034,50.03532801661599,-23.465189248478175,-44.66975678158899,26.620505700109508,-41.078576340940025,-42.70920422546305,28.033599046489257,165.72410049488406,24.779910982749485,-49.15943883232251,0.10037699009145307,118.84123856760597,-10.319040419796258,-36.48863136128266,-138.02158735250032,52.1082559961241,-9.027044781522306,28.033599046489257,4.560260088502783,118.84123856760597,-41.68133971062189,20
23.889570979235224,-3.8606111047858462,-73.87240525167464,-61.825878602586954,-15.427833631916101,12.997326600331391,-18.478603890355615,81.04789906344402,-94.00208437348388,45.86745393421594,5.945733080694531,4.325497173677997,-81.31532086340553,41.482041000017524,7.8901081919093965,57.342942811719595,30.772399558057458,-29.555589085988675,-89.71066250241152,45.91387563105032,45.86745393421594,-111.97080100876634,7.8901081919093965,35.98654512345266,19
2.76300193892606,10.015189502209807,-54.356660223852714,-77.2503155693345,88.70364758240058,16.19206959233985,-1.348777212731961,-106.77050555835513,64.07414338225946,283.5501127878995,-63.588359185839934,-25.874905115347147,-72.31333597844989,-54.59891268418026,47.25510375247151,-31.619688079801588,-79.44403536150857,147.76555293288087,-37.93262758342436,124.13433836056826,283.5501127878995,-56.96903925497833,47.25510375247151,-72.73360482916371,7
16.705760576549846,-13.335130340724188,-5.3481785347457045,18.623396343919097,30.744722576576493,64.00094250819356,-32.97369866809292,-121.05243455434331,62.90426495518461,188.38424094830492,-56.906871360496126,29.174269752630025,78.80409601000707,-35.677971848801036,10.876473909761184,2.2934042768482317,-1.8755720368127164,51.520120755514014,-35.603460242636025,39.09706718604282,188.38424094830492,-136.43219687866716,10.876473909761184,-32.0666637132057,7
21.307426911472326,2.681860249700085,143.39280420286744,-34.68116633490497,116.99735951256673,-47.661354469944214,24.295606897500825,-114.37288505441526,-63.090651666597054,-66.77289888676862,-47.996180547028445,57.88328336293959,39.63211263926516,54.0638568598294,20.25231595197974,-17.94980434074468,-22.094852333016114,121.33216875424465,-26.568050809632577,-87.2758030781827,-66.77289888676862,146.0734032768129,20.25231595197974,-17.337732770162955,6
-31.82798527906854,-72.53278156755017,-148.7101720143541,-10.34537621817752,85.32805494985209,10.496589605755327,-28.1383421278411,5.853037640291205,7.495960018478867,148.19598165022728,-64.78078462755582,-17.0835696887655,176.66929551478495,-5.12036863567479,60.26205769957681,42.776007570314334,55.71411892972593,-182.17923096819803,0.7195004009451411,21.31078139388825,148.19598165022728,-131.49911037151244,60.26205769957681,-46.85911702947934,8
32.22235371297537,-24.688742342925902,52.63377683331517,25.301627688456957,-96.83522279880044,-2.636592189641388,-4.023106065859601,0.9279511915644889,-160.6195943175103,-55.61244112323892,25.905211538898012,20.820383913639482,-56.025754084472084,52.168856592389105,-205.17733081377827,40.222668497372986,-7.741221787815792,87.29838275959416,-1.374207553490896,-4.017942852614744,-55.61244112323892,-3.4053072622087166,-205.17733081377827,126.69654404885607,10
-35.11175027029856,24.267357095305048,-40.176325055954784,74.25891526645815,-86.01303701630553,56.642390525325375,45.98298394514947,7.4034662872727175,-155.16428409531204,134.07452133818407,43.654685104239434,-83.90111516018632,-87.89770971471661,-8.019288882779216,-151.71922361949575,91.43205920203904,1.9811516140639012,67.13779188776223,83.1696290331075,21.682433919754,134.07452133818407,-38.94467145191156,-151.71922361949575,52.69627496575255,8
17.558853205209463,-45.140752220940506,65.55784256602196,-1.0198436636703851,46.20757726010103,-7.228592120995117,-63.58766953676395,131.0745521852915,-140.02532413299988,-114.55183732485715,30.969802706929926,-57.59322138795862,8.596133470144354,7.2532000334661095,16.947394785412936,-99.49541654545678,36.37093474713616,30.013357478933017,13.23869508200399,-30.083276141430847,-114.55183732485715,8.129816617078141,16.947394785412936,70.27422763329504,13
52.5986944758592,20.190905858869446,55.02085040614326,-58.91939314659987,28.36858931113795,-20.16680245955257,0.01093830248189722,103.91092701361416,131.6794609597083,-55.98739945055664,20.170107202400203,-22.871367793887707,-177.91647252702262,-39.517215627020875,249.966164118258,52.46386721791887,2.844062030655261,3.653847650857811,-18.33241851277326,-71.67307795193733,-55.98739945055664,-38.327381171695905,249.966164118258,-51.41153536099888,1
-49.507030025392645,70.15981273657486,45.409405145686264,7.404839191318056,-108.52637205385369,-32.21607925604761,-0.5750511443661869,-86.02342169350877,-54.285909473847596,-179.86880693385348,-36.763907152373214,16.365095797985294,53.61025443364614,-35.69671532351749,-54.49216721187419,-58.70985684637403,34.4148278081591,-87.45544376643602,-7.108351696867965,33.43425505434968,-179.86880693385348,29.720842307779165,-54.49216721187419,68.26294906309023,19
-8.229145978976103,41.35866610355686,45.20482631262428,-52.30603033595109,101.0536466363412,-44.39227357266247,32.05630078286032,-17.596696899081422,162.55299045370936,42.86674894302456,67.90335370123618,-105.05298078432638,110.42658205484426,-22.761343299771106,82.4024246568824,-20.03166153806219,-35.82749734461258,-61.61672312398032,34.49120281443475,64.46295437971338,42.86674894302456,-47.97738890649616,82.4024246568824,12.559600547045907,10
-7.350847192726829,-40.34144393885342,-39.978342195164274,-17.256379362562733,37.166246454357974,-8.268920798389491,-18.477465662749616,-102.28283619388804,-64.39282769826369,-171.9387783325593,74.13016465076127,-3.448797002964503,5.9746036885507126,-139.17504596128808,159.94989698995715,3.9388608962200915,-42.89145464612281,-115.90180884274415,-123.18034399163253,75.61891781260105,-171.9387783325593,90.91553215916421,159.94989698995715,51.767018415987835,12
-31.03236814846062,-17.206376726214494,-102.13718133809238,-57.57512051183713,-90.5028460511862,-31.43970982489193,20.90370122771375,13.751838168334567,-9.744495983619107,317.9674038969827,-78.72715658116817,-40.538254665838984,-24.741167029843734,80.70457826832758,-297.8023298088734,33.220949307530184,5.878014364378503,130.81314455370236,190.3145475502563,42.901859141928675,317.9674038969827,-4.376369308237598,-297.8023298088734,-79.35898591816846,2
6.9594157685143045,-53.99944259081253,-70.57288151425558,13.380146221624416,16.48741373358647,45.245894824696684,6.939432864489488,93.87070571523398,7.82740210660013,82.25219100419798,3.5413767518977757,-160.56098040802488,-13.318886641124784,-53.71926304223148,-121.1487491658273,-70.51416813282205,11.461979747131556,145.83853410227843,58.99059360359048,-49.746929736386875,82.25219100419798,123.63075530741453,-121.1487491658273,-25.04257959239353,12
41.30970297235153,-27.92204779603745,64.67222010464278,56.24956696474058,120.25174858034413,7.74867765000803,-11.862073102867583,-77.83269034405049,30.031316785695168,171.74892037973734,52.08565347675446,62.93690464122075,-33.73685502964251,118.5863736223371,-24.483880687774203,-16.812358626284297,39.13886078557296,116.19238081871556,12.112171054956956,-6.366982118566696,171.74892037973734,8.19833217251944,-24.483880687774203,-23.210050866170135,1
0.6072918915158264,-1.272123289465318,-115.88265240155849,1.1426796993260386,115.98701760840865,34.37942135645412,-95.79733354704172,-12.142374710018462,30.892860461915035,104.60494067775394,-34.4953018982453,-20.45326239757611,56.08552365544884,60.020143533292334,-168.088532968556,-23.071517086957314,-53.414611980960196,-84.06201967288882,84.80669478259858,-5.907546890472021,104.60494067775394,26.811998986001324,-168.088532968556,92.83427620315912,8
12.795752656436113,6.920746013517674,171.26585811515722,18.163635188133465,-23.762332377300986,-20.23077312754749,-24.064484839079366,-33.22418448694787,-0.03239971720101931,112.03738731803324,78.95026023848945,37.17562615744263,-21.015634081227326,152.68424374190886,48.23097051952578,-25.424280026349283,10.115193934096414,-50.038932196338486,288.85055122449944,6.782009635767816,112.03738731803324,-22.237561733368945,48.23097051952578,-110.62702447932392,8
87.65057112083397,-25.74920299116796,11.791990848051164,56.07049951689608,145.19171198758286,21.424074785095634,-34.917957662904115,136.80024971523952,-9.119216230538152,-53.29996143868322,4.320998077454208,-73.5690561226885,44.08859997446154,18.142188288040657,0.862507766550969,-20.073460868339417,-38.08082327377102,-6.277899442673824,11.310279486449106,72.93673163350749,-53.29996143868322,-12.123516099310203,0.862507766550969,101.48159018482406,13
-58.08666615915949,-50.31579077115386,-34.4070177266699,7.821070041002547,-59.69287174716334,-6.840119733391395,6.92065339337157,41.709294956791084,-94.65042334541579,-55.71513335554702,-178.0997252733871,-40.27420923799633,139.45987628028251,-105.83337505649436,-307.91517049486845,56.2535194507507,-68.08616802467577,85.92527556401484,142.23193752810351,29.810289452392226,-55.71513335554702,21.222283911946143,-307.91517049486845,135.23130200683318,19
55.27305447735059,27.846984602442156,105.06090154278226,-48.741822706440544,145.3290069953885,-30.758154813508515,11.43449615353247,-137.81829501443636,-136.25568102179636,207.51721329572098,18.3060486779993,-44.37364978246642,40.046918619866254,74.43154957962278,78.51632451443878,27.569925282750724,-55.05131258724675,83.51474767337604,33.24567728009377,-0.4851528276028403,207.51721329572098,-18.28171346288189,78.51632451443878,-61.459954890410046,10
6.0424911407645645,60.68409174985333,-4.788435223393934,26.90238156744098,-25.132521015727043,-30.265369937820306,-20.992107669800156,-42.5020972645633,5.7531010480267275,194.6252211087026,125.0557242115619,-77.82109784346353,-39.6947064937929,38.93790787393967,-49.15744808583588,-6.926745777206297,-8.35491145172776,105.53136707490714,22.066544683906464,-40.79152719995001,194.6252211087026,29.510822553240324,-49.15744808583588,-79.75950870190496,14
81.7217643118952,-10.192105533682792,-81.99883889569267,-49.39525429237483,-66.03162016727191,-60.92532290806372,-9.904609907737868,-69.03842147179651,-19.897373356332384,237.6130029895978,-98.35467035406023,-61.285277425480054,-85.43246999939132,-130.99944351060864,68.25635895670767,61.60390832226214,-0.663618560308445,107.86663248088831,34.702781369791396,-60.69286394001153,237.6130029895978,-52.76407705212744,68.25635895670767,-145.31524311422763,19
-35.775876257954465,-10.718259883242862,13.015165412931147,-16.997928778103308,-27.100684670844185,14.157087714834287,-16.149070139144463,26.861800556068044,82.49728445898711,-194.0363421256855,-24.329395274761943,14.808125525091054,144.5408590833756,-105.62019154946319,-327.72415084408794,20.47513054121535,25.506844084606048,108.84667525787897,49.96730054344358,27.510684388012745,-194.0363421256855,99.47822185444102,-327.72415084408794,217.4288410598281,15
-0.8523154170343028,-1.7857387913788383,4.02253472914202,46.899466469381,180.86980687732552,-51.182392926597046,38.380905258573186,47.30859977553095,192.91018109098601,136.8145075693344,-61.27671333657819,-204.41834563101938,-11.102684235641451,-29.824522303651317,159.83139165195297,1.0235301441406424,30.723775455267948,49.87924298148979,20.125862550495903,13.748378973605778,136.8145075693344,22.09707307353743,159.83139165195297,-86.90234121853905,15
-27.150119114111725,72.19045319530291,88.16413565100208,60.37687135527446,-0.5211622549640671,6.39349194242172,1.1056181253934978,158.02441862242833,3.7797689401395163,-9.453713021969463,-24.166725989624844,-112.181689097379,-64.43931695206912,95.84150774337871,157.2663873128642,58.39430539350118,-8.373054740964092,88.02431004377763,-63.13857212344013,75.22592138930267,-9.453713021969463,14.543152723125154,157.2663873128642,-160.09100394649573,12
9.321051985106966,-12.674076524871431,-173.37784303372013,31.761344457599062,113.35692466898459,-29.889230108566395,-43.951561289395585,-68.97063098406736,96.06013484718306,99.43122035724517,-114.16242227032691,226.30238971144905,-80.42072144333189,-83.41588873009076,155.98545427937208,10.41652425638723,-4.102480575552745,-72.49863531390024,7.3385867427592455,-58.26956934396071,99.43122035724517,13.961444275410964,155.98545427937208,-89.33237192411792,8
38.257426561062545,-3.045907896909061,67.61334229304155,7.894995446451398,-166.68631783221767,-46.08776408101679,32.640567738164926,160.94939505992977,-24.35231158408756,-252.7418512211366,-96.67737628995475,-96.38537159914736,0.9654325811703091,-83.13108041778393,-142.1119515570062,-51.959979518574784,15.504680177810602,34.69088919627562,-21.992139832678596,-108.34719181437703,-252.7418512211366,-94.60632831320342,-142.1119515570062,176.03065258899534,3
-30.710793753068515,3.1010643132954883,-91.92569829011916,64.64548515917974,-48.67799630146784,-24.49970452064758,-6.51707596064494,169.679768659294,-167.40383786943045,-10.876968484231298,4.617217123253559,3.5258830534132723,-28.57211019281344,-56.84079400840367,-114.84910111207944,-20.844729982786777,-32.83074861555,92.6735165864437,56.964866823472576,-48.96799722509557,-10.876968484231298,32.56151336152,-114.84910111207944,22.449138052669532,2
-30.90782418705817,53.42707131861311,-35.1280021464444,12.285092674375456,-20.20099409305539,-0.4135514341660376,-5.06057607782625,-17.24605976361439,-77.5420237781695,129.39775833039852,29.930105341091906,-39.76009912514713,148.35918837928182,116.39971141374207,-175.70357753802216,-54.06758846912549,-7.2747720805894325,41.218124387624485,-118.37533662614213,-95.8082904204194,129.39775833039852,-75.22596482120369,-175.70357753802216,8.468086154681789,11
-10.674808714608563,36.91986853964324,-127.58087112422552,46.93130230758762,120.0324545700889,-88.02040528004795,35.23042136150891,-10.857776487038997,39.44239251279866,194.49318791989435,-86.25042891760258,91.41150418789393,28.593313661637918,38.81519070408905,262.4255857521873,-24.667993797488364,-11.116911576175973,-230.4265692166321,-40.32550386364383,10.108282896182079,194.49318791989435,-229.3204283173841,262.4255857521873,-105.07506801925382,9
-58.276807872923285,-60.79567071930693,-50.362550515593895,19.9200217795032,106.10080744732574,27.351770911485957,-1.7798116635525816,-15.339181292256292,58.42492543272739,-98.85331688161186,-8.676116198652677,7.484362066636665,-94.07245131317421,-53.97035055816916,268.1671327920236,-12.593634847722186,70.23953232235434,-164.35529220689153,-118.09551497410474,-39.351087239205256,-98.85331688161186,-6.625005044320265,268.1671327920236,10.190696033975858,17
-47.87405835944986,-56.067846195285625,-61.967036081214104,2.574430607356944,-257.7238979725789,14.484410607631528,7.31195669244968,-200.71222325050996,77.05080700840128,-97.38436173630151,-180.51364753428257,104.75174977723712,34.20059902019862,60.8922657478749,-359.33007616924374,50.82920059949159,-46.700773331479,-19.60881103021464,-93.68014237588247,33.92484434308618,-97.38436173630151,87.82946332650815,-359.33007616924374,40.2975970188577,3
28.760573978163578,-20.311169640765975,6.450845915704999,-5.48122577565713,282.6679896417555,-63.05193567277574,-44.8030292798536,-107.79435288271057,-74.97901282423386,-211.70483037482856,77.95663729947692,-227.77480181836472,53.17678636461377,-59.67804480507585,132.0868381649032,72.14257614210771,35.90849480960374,-78.92527026080822,-216.44902316138524,26.08993129309286,-211.70483037482856,247.24489731965352,132.0868381649032,160.01254463060695,17
-10.29531544208818,-38.44876414903935,55.070428245384605,-56.85579720929663,4.665914901835797,-103.68252269153871,4.902902647996873,136.7235485654246,136.04482929943865,-219.48488813877032,-6.493621722741301,-40.76294647896171,26.933898288411093,39.551668119296494,-21.50752283505961,47.99035733149385,46.87801029475332,-166.09526324843807,82.62454240892535,31.82913864502503,-219.48488813877032,-27.839787914667255,-21.50752283505961,133.6561862760253,10
51.29016634802302,72.73534884243998,-160.07308344458278,-22.554634862153726,-28.559079715134406,17.904460074117058,-15.568856726172701,-3.9223992122154794,18.512637710555275,177.32936966206802,86.25099632176267,46.29085263120544,2.6507774179801302,-25.841632636536804,-27.206290277123635,42.21986792429725,16.847761296986445,81.66636207754046,-171.69831505071505,-65.78351274458969,177.32936966206802,-45.781069333740106,-27.206290277123635,-74.90471565264454,14
-23.166140596589067,23.757930805819637,-52.376456594398476,76.41854428988881,53.360637713610785,53.73968430596432,10.80727470215889,-108.32303987604719,81.84490062664622,277.7492785012821,37.06290292269738,10.207388653292115,115.10138526611502,-5.0425713917444215,44.349383545124475,15.84902404238333,-17.82017398570735,24.251033880048567,9.715976329522245,-10.216088190036833,277.7492785012821,-77.16407455462291,44.349383545124475,-132.98493355552185,20
-15.503802816629122,61.72076782121689,-72.22662275867185,9.513289714263582,39.4381268301108,-25.066524165304042,51.22980523007827,2.828504994077976,143.57956184386242,76.50233813994662,-59.397561415842716,59.881270511902684,120.4468871379977,138.1923553147514,-95.82947815787449,-60.76109632945946,20.514017174563794,-114.19875258441448,38.547219867950275,4.6778907917474175,76.50233813994662,0.12950276632667013,-95.82947815787449,-52.67202867483377,8
54.48748849299073,30.763024321061643,-7.10335619738228,-39.999785566588585,-184.3805835706874,-75.50166116644094,39.339603861958075,-38.98601221438951,128.34941769454954,146.4465963870206,97.4220766476783,35.13930712536437,24.94242440745575,74.01192920676965,-217.9677426363465,-0.1963559311873846,-1.4258955327605345,93.67538394421219,70.51511448168844,-43.19581348398452,146.4465963870206,10.960369875726318,-217.9677426363465,-93.06040601548392,18
11.81699593784649,-49.95889166708728,59.67834622642471,46.661233133490974,97.7662812731654,-15.930803358564894,-31.024205473079608,-31.20720570978112,-27.708645653155244,70.85640538345345,25.189150998293037,93.38698720662727,-50.22936484414663,55.191690756099625,-15.08305174006358,13.753319685745634,-32.78468173095054,76.40984843259307,-56.37946762385701,4.293109441651079,70.85640538345345,-120.79951763656554,-15.08305174006358,109.28460642948728,16
6.922140015543232,-37.49998953058751,-198.92723369475306,-38.51358809979686,13.619124047807052,-17.229158801401688,41.74710592644704,-13.114497794599789,52.30654513915789,80.5484146035262,28.89602694874469,-177.35231034946315,28.125809820958033,-31.953228112323487,-211.12182579571314,10.076629448627603,30.356736356523918,99.15435488252672,-152.3142333148668,-48.19061903348474,80.5484146035262,203.28461952583567,-211.12182579571314,-1.153130963137734,18
41.609029456693925,-101.85752885025974,33.06860679205652,-39.97896876219829,160.5501827172229,-56.08674207697483,6.321409854684402,-51.97782196174265,-107.89204277516079,184.46112857890307,-98.28080919429235,-30.936817617274226,-33.941416437695466,-94.04747818142575,221.15926824888612,35.638942262402,-28.14229817313457,64.90243202229883,71.58039020556271,-24.02643718700764,184.46112857890307,-93.88252770490692,221.15926824888612,-63.25646614948502,1
14.369727205537545,-26.362726992705042,-21.94723577574714,-7.884115181167526,-39.50050885761638,-33.9531997082665,17.50882267277668,43.90240545222598,-29.34181397532243,9.99107377763212,-84.76916738050778,-175.9199990303871,44.839325851653044,17.29590091357153,-20.28050806724497,-63.25654986176539,10.47928505701109,-34.69679583783432,-104.05838492678747,-55.90510171120374,9.99107377763212,-88.38468307804553,-20.28050806724497,17.289431555103107,5
30.0421470836274,58.395149644431406,-13.676034604996342,-20.913993017143106,-52.05781966153684,-13.385501697643736,-7.46439751177737,-110.82701135253492,48.606098119959555,198.59480321715387,-70.70508012861447,56.45331447197729,-111.36856914717418,121.4413244940304,-301.6657174831659,-53.51848159193069,-11.192337699267792,245.71554393313903,-58.72807763108629,-12.33173701646832,198.59480321715387,40.941154328843325,-301.6657174831659,11.341791101734957,0
-29.42905063330905,-11.721514771227962,-72.3644533497191,75.9143420672395,-28.95488046567568,15.237992705440167,22.454551777822225,-28.180537385860823,-78.7790868814333,3.1901464457321618,-51.01005973077943,37.256113231308724,70.93988089011408,-20.02889091284649,21.268798593567737,-43.872719122495354,-28.725988293730204,-12.808382095881772,-105.09421312143296,-58.70231948439142,3.1901464457321618,8.754538648726701,21.268798593567737,-69.81142919311212,0
-12.188795056726855,-33.87192126075257,-59.05884442716457,-28.881728562822037,79.62092590986896,39.04893488848464,-3.2120384529393013,-71.46995013992196,-64.41249707207209,65.36786260485256,-16.87215281636714,31.30881232370556,-79.74143999854954,70.75138713845283,168.45629980474246,-8.58031548157144,-102.07242631944611,-217.5096421018243,-38.67356561924485,-21.630858666262995,65.36786260485256,-99.4076595507934,168.45629980474246,7.027645406275136,4
7.11583374172751,-4.420731644483312,-31.182748779493117,-71.71833692115618,-142.04874512021692,31.03922767140171,-34.94794866937508,-32.45643572734685,-18.778231338015207,-45.73126637244823,-94.03778521029992,-61.110750682314574,-7.172443631414729,-6.090115321841152,-76.54088665702909,57.24545946877739,69.73847964099312,-0.4329705589022659,43.34992344880723,11.038363649718887,-45.73126637244823,144.93684816594467,-76.54088665702909,-107.62908276878953,17
8.885636430097726,46.282645710235414,76.25708812430372,-78.03416720853963,-43.6164446452519,-71.96852545566487,18.176391602892043,-16.57072527630678,-24.041403722566812,35.33531671059691,119.16884666290024,-126.3319177586861,127.17925123314409,-8.756211965031993,90.13418543070345,-34.82648082843736,30.560903755456785,-28.007844748678934,76.18134837403673,84.64284589285553,35.33531671059691,25.06187036348581,90.13418543070345,-124.75969979355568,11
-30.048698824327094,25.38413365920446,-32.23629994640525,79.6763078813338,84.53389340561776,38.59085796924147,60.39865854546697,-46.456854298123,-299.22935725243303,156.62314756577163,20.967625313574754,-74.61521315979566,1.49054953741115,41.5210949533342,176.67909715133842,89.81246860488689,-11.896750014331442,-89.97281380311422,-36.148567904486306,10.502579408653308,156.62314756577163,-84.67384941499444,176.67909715133842,-64.25869658451218,8
-0.08920238686414786,-3.1838642824609287,-96.54196770400495,14.468288207996391,0.15642606521288904,-32.91266575098977,18.060765666525203,-178.6650835263726,125.07599437971727,49.46576127767251,27.963065190084855,25.900331247249092,30.14342252629204,-65.77749809843048,53.61735789000232,3.2339075899213103,-9.29089400254712,14.516485878633972,-263.3739325271144,9.798542705910068,49.46576127767251,29.06674144965158,53.61735789000232,-50.51326835474193,14
42.38645624438831,50.62699269973361,51.762282717190416,-58.30215859761962,-49.79985264793936,20.575338192445294,-33.745244660290076,47.12488933209299,142.01118221530282,-197.73357503203013,22.01244975453917,29.203803404940032,-78.46468390072988,-16.769582094730737,-72.82344682244329,-69.27504844751432,-23.65862338010688,1.1989239517855577,-99.86483110427986,14.529641598425343,-197.73357503203013,-53.205578017605504,-72.82344682244329,185.18009411101687,12
-26.091809283411326,-2.322009511620854,122.02793481690442,-3.5351271193808254,75.16660685565078,6.686263284627868,-47.129113879897815,-84.69820330150314,-79.77090575329728,-29.887720778697616,83.81539340960416,-38.03576570260181,-7.392096079722181,50.59334592215962,309.61962029828635,5.840480198935715,14.437667860391421,-96.50696748057271,-129.65142160536212,-1.054651722718735,-29.887720778697616,-59.93087791672974,309.61962029828635,-67.03620100426052,11
5.852153121244019,-51.24745979014633,-48.28767000384788,-47.11858471032133,184.28472540349327,37.396674208320164,-10.773932215337584,-12.443256528756077,-16.357551824329533,260.7123182610781,9.338045718853962,-55.4052164024293,-148.2536342741369,66.28074932403894,140.5334922906558,-49.68159773813382,-36.32975853710155,-36.563040112638284,97.9321061233253,78.67117572955843,260.7123182610781,-42.28174738541618,140.5334922906558,-46.010454486072206,20
-71.7325936103765,13.180604961057874,97.72056696488394,-44.36593416320469,-163.05892385008096,-36.79662604445889,-1.0873729977189996,-7.134818681235902,-32.60683406497661,-57.53840287815484,-41.76392610318353,11.989456649157475,26.1847726430302,75.0320569969903,-167.84767396384152,48.612430707473415,25.23389855505679,-4.375650122604751,53.893501002675336,49.85406511797113,-57.53840287815484,-91.43412978629271,-167.84767396384152,64.29355432061355,14
29.07592359579364,-67.58723837579774,-143.1653013638491,-21.66906390025822,-38.61651593617903,32.868887962544434,48.38584033150072,-12.780102677046736,-98.74798540879195,55.1788717979686,-42.433360946249685,117.21080855541793,-115.28181710820105,25.503653929171193,-14.125408949840564,10.620137737751456,-9.575226683318583,27.404158196346103,-113.99035156920503,-37.682517355513745,55.1788717979686,55.635414390037425,-14.125408949840564,-72.7805708583822,19
9.778365169045406,-65.80247260356528,197.58585343762496,9.506270694661822,64.11011754968727,-12.382113025652341,51.4985181042768,26.878692181154513,-192.37180145161557,-199.66279253981554,-181.962898001141,-58.23066378402963,-11.428306802112402,-15.810549970014387,326.4930573699155,-1.0251210682562275,88.47796819619975,-11.324175031751214,-77.69013114810909,72.6797009585406,-199.66279253981554,-38.5978422344725,326.4930573699155,-60.08486814433384,13
127.76050799691048,102.02172690099536,83.3837339939678,38.30230076641996,12.302520765270625,-3.3202278670988394,4.722541149146603,115.62808559953227,62.71000224405373,-165.59827487825774,-64.538813413789,49.86292964259106,74.62680469305577,-146.4718339164477,340.67016333010554,37.828477590010316,17.197893745476936,-122.28709605752505,113.64062413697351,20.815115580123287,-165.59827487825774,-85.15106449696518,340.67016333010554,-107.05218937207914,7
23.499820842212266,89.64981543530686,18.955461772691578,36.66048157975163,-20.54880065420577,56.731999352032844,17.9629522037536,40.53880729505756,-49.6653094170611,-126.21357733056796,-141.85456033218227,-36.00818498925027,231.32814162734076,-62.87558911342661,22.540088505541476,-6.320258530270193,-18.734017588607603,-16.058067028494484,-27.078668704092834,-16.499345507296706,-126.21357733056796,19.682592740160267,22.540088505541476,-66.97674868572831,20
22.15111790787502,21.599814463876754,114.4295394316976,-77.24424218977862,-47.93152491320839,44.04214774066561,16.914452759889542,-46.74473899895273,63.68027026658106,-162.29940750506165,-8.19509035638922,-30.309156034669368,57.82483689095067,1.9757366348479533,64.07450677130325,5.035269989900976,-51.43675889099124,-50.353212772513,-74.9382616334127,40.9424992652643,-162.29940750506165,-8.9081470554836,64.07450677130325,16.604936736331886,12
-13.405411998174797,58.780185802134625,60.94643156048542,12.415100932003797,-113.91029265221555,-29.274918646113672,21.073498608930457,-19.12331069937432,-81.62665410705344,-203.80926237475987,-10.430508131711491,-32.17042718860042,177.1727528693583,-172.26612447717227,96.81769597925573,42.60908690031311,-16.410715068216753,-51.02966458012709,-49.49757942999461,-45.89346362402068,-203.80926237475987,-38.0213217174428,96.81769597925573,-2.0143365306578076,15
-10.714502718305464,22.016433135661345,-47.88886047936566,113.39475878042258,-128.32955452974173,-69.39120208883483,53.731751498269006,-0.4262874564841024,137.88218778156232,59.43391841953386,-132.0496343606801,-138.1957881102785,13.85356263210047,198.14429004488795,-354.1783292015307,26.496997551854236,-37.043431979844215,-37.27026273399355,-83.82175597984231,14.891165278435603,59.43391841953386,-74.40252126172842,-354.1783292015307,102.26812104139967,0
-46.0500640004779,-59.97219983103767,-17.035893503516615,-56.99924232030298,0.608160598738956,-43.39945426748126,34.83747532712985,-91.08230502484197,189.4456019289023,136.7175048270869,63.98057982135144,-154.45460634986463,89.2413806915319,-53.54894937787152,-158.24466886987952,-4.400554808980091,0.5077493345222774,38.20840492521872,21.914184568508198,66.33229226954202,136.7175048270869,-37.581914691500245,-158.24466886987952,79.3653463871359,10
37.39092444330278,-5.395811827272555,-109.51172444473309,9.421996332843436,-145.2972458016588,14.95158754157691,-25.35992095541659,38.306424573637976,-75.73278157727994,92.0028252350316,44.15605570773607,-149.57693867572883,7.605343047270412,-7.447597831161814,-146.00533820665032,-29.834674976333826,-73.59060291148926,54.00547704249236,-73.4096705797881,51.886306086068394,92.0028252350316,14.177194593568387,-146.00533820665032,-42.964777678105605,5
56.05603702893014,20.284773164578343,-317.8649466222921,-1.9485882623245967,-59.216974232185834,-54.82860589483913,-14.465451159008637,-29.334848258723802,42.21109290829651,263.3593230386367,79.69934479177235,-80.07761630210052,-57.907482682946636,17.55119158876372,-149.98045676921618,3.550357174876498,92.35453743321781,-72.22057407889412,-121.57382869977312,-22.79701362349482,263.3593230386367,5.259381921845718,-149.98045676921618,-40.90500135464944,18
63.902615667285275,-51.96184572503539,0.13876650964472326,-3.640894173893371,-58.36267767421233,0.05273726529390398,16.142444013244223,204.36672661354888,99.23390826297492,-86.73534697342,26.924933963351762,-116.32269238959275,-101.01788444982475,-110.8385697903854,256.8995213409534,38.628530174851115,-5.224358798430452,-42.446763016626306,67.55166691695018,8.727915287641828,-86.73534697342,-1.9472476218267865,256.8995213409534,-131.3038017080064,12
-36.5057202374546,-53.09084870283357,-164.1633466537312,25.37957576378757,-96.96575872955603,14.522451968408996,-5.38742799236536,-79.06221080958389,-117.38898635543205,-139.3391132296716,-163.0406044513724,112.67023116912348,-102.48879569133234,-170.5276498543103,-32.418116409343455,-45.390291690197586,0.11603819399196158,-130.9505306600489,33.90729709551429,99.34104578977896,-139.3391132296716,66.9317865431424,-32.418116409343455,75.40949761527675,10
15.049877996555734,-9.840648264888824,85.62432626924853,24.139711001152946,-13.502468769324558,-112.72895157240615,73.86949294844254,-62.964328981457655,-95.38883012851265,-79.27770561541321,-42.80390067164605,162.69813203243334,167.8100399989465,-33.08655320102866,-140.72480154240645,-27.19394245865068,-44.16553744981108,137.04217110812638,-84.59451852911052,58.0240571435437,-79.27770561541321,-70.5341077085252,-140.72480154240645,103.01688322456772,11
-0.4387541363837786,19.16787260097278,-108.2469532137674,54.900094046721854,69.11185131505577,8.090577577941543,11.045006159816937,0.7861304398376845,26.72523130109482,169.6453393868744,113.88311520609945,38.56088315839814,165.8508115086466,-58.60815798402689,16.90310573903696,-27.839901826724475,-2.47470631579088,-6.332767309513083,22.17772593776821,-48.436325148972486,169.6453393868744,-38.099576926994985,16.90310573903696,-71.04462108119225,7
-29.887357537207592,9.259811243776324,27.849091649187663,18.62336765205883,-174.39893240896382,-62.02928879749681,0.7003025936749017,122.77866343321199,199.02604524446207,-153.47304267051274,1.9502516503335388,-24.789263279811856,-125.8686106373821,-29.424989426511754,-49.677886171876494,-12.503664001248529,-85.42994030772043,45.19558079807049,-13.697064939628039,44.53879467587846,-153.47304267051274,12.91935147035101,-49.677886171876494,9.055649437252562,16
31.41456865920859,-39.7115128455908,-175.26293668237014,9.332112905869687,40.326943803503625,-49.592844130280234,13.660438507361391,77.90692213757848,-168.55281127082011,-13.117347989855437,29.798508970002118,113.19499405922227,-83.54178794799829,-106.6356455972971,269.1293504267921,-60.60099786002275,11.232312188476804,-151.97256126950612,-48.39485150961009,-27.99867458570047,-13.117347989855437,-31.06927893502222,269.1293504267921,-77.78369800492726,9
36.5588122560921,17.90663830649445,5.615993730587574,-51.4655621766342,-21.737706040334956,20.54567269111515,-36.186896127671055,89.00168267635523,63.77356839645664,191.76668984154782,22.756307695881695,-20.976990907633038,-33.86555650045344,60.22069388218565,158.11830768885403,-21.718216956142538,-50.404082704177625,-81.44309539970025,81.34547784476368,36.6668062765543,191.76668984154782,-224.68037483411302,158.11830768885403,-114.21495658391572,3
-26.380376682461034,33.07278148391507,-58.58388707157918,35.79853487662948,-119.1984684530238,-52.15047778066712,-1.786307908987679,43.66051659662485,87.33848022982627,12.430999260811843,49.46075377822196,17.1347570159735,-123.35101354534959,-17.325671463478244,14.221933590008147,14.492667606640605,7.662210620044467,-22.82667903696356,-54.42783817456073,-81.74107257401425,12.430999260811843,-74.31509320388045,14.221933590008147,-9.62673675957686,16
14.774253574047268,-22.90144365034874,272.53429385542927,-1.2286121124896596,153.46599640182785,-77.33125037914037,4.914282654581993,30.866507662029225,139.57115413437077,-188.2575469459478,58.06278412757276,286.9651253437099,79.36745946292588,32.01072334757292,161.44331590254893,-16.043129553676458,-55.13620701605621,128.90707909401283,-2.640644504340144,-40.434516175721804,-188.2575469459478,-47.45717325487128,161.44331590254893,35.246034470502494,4
29.66630931868667,36.92760565624419,-131.95230115383805,19.74689740568482,5.440121749465394,5.708333345956666,7.126178230676175,52.40452359034368,94.3912033177208,109.80450955870629,-0.36586133974381596,141.99700016411182,44.185384178976506,39.73239684936145,-150.3395310301713,19.850508413017977,9.279893421581779,32.009975407150634,0.3619631893024211,-9.035744398687163,109.80450955870629,-21.392893887205577,-150.3395310301713,-13.062370926105068,0
32.552035899646974,-9.36643550988337,129.14520558204043,14.252171655026494,-15.521217642246082,-27.503733215334908,-31.066534325361644,-116.305482630719,-258.3646813997452,-29.265838857838947,-122.3027886060051,-57.3519874072118,51.92849097587039,223.4167300164802,-83.79862995315413,74.62548306652204,42.36591500793597,-27.492328088528538,-65.70460059666037,17.67112190062297,-29.265838857838947,30.63629984632625,-83.79862995315413,-4.438387559521195,11
-29.145438064023985,-11.626555918192325,-157.18824187486416,-19.432982679609825,103.95847544393729,52.71992074139157,20.202517804864723,-146.56898845604917,144.83825850718605,198.3378736762651,-81.83459044422192,28.796814994742874,38.9863076241286,3.3465453222080654,-111.11255157653699,-31.78638236939229,20.991517179856096,-19.230540036427968,-22.588503309829573,8.216060755633807,198.3378736762651,38.84402214827326,-111.11255157653699,-2.781922242917041,2
30.476925702963875,14.707013350555076,-8.00305226694217,29.71826217066176,168.039173924004,-48.046461045871844,-33.26731594524004,-38.6460648906823,-49.735927607643625,44.85438938380235,58.576741064427864,9.185695082402194,59.79371143208715,-152.65488099342514,253.20119614160927,-6.889660763953072,6.026082848606268,-17.60841086835103,1.8141339943945223,-83.83943448903948,44.85438938380235,-27.87567254502423,253.20119614160927,-27.589802185050722,19
21.248156297890425,25.096368321489933,121.27601971545377,-43.11053908573922,59.63195444485228,-48.47122696883436,-56.08515234540476,196.74235304979985,-3.705642722835072,-185.4744437710963,-103.15844605536343,-27.267574602198714,2.6977304489145926,-154.08595123381753,263.2871986042745,35.22627673031133,56.52532086596388,-17.35030008341984,107.89229024902384,-35.92554853351119,-185.4744437710963,-119.09524572245516,263.2871986042745,21.995192828568463,9
13.275552953426761,-2.2551793315872946,-53.78809901199632,-25.13299751837512,24.87200812470313,-19.554051818849963,48.40805094217739,-18.727528620248293,-53.93322185782552,-120.06538641549301,-41.85561864747329,71.66239403895426,126.16350026114057,-37.39967966716769,42.25038650439318,18.560334534536583,-53.66800390993468,-123.6295235032116,-168.4140433133635,4.213374609494598,-120.06538641549301,-94.95847603934529,42.25038650439318,84.74080595099431,8
12.627416880757083,35.88688551045359,-7.692772477467731,-25.20103873094875,-27.60382668134509,-21.42497964889725,29.467080403766197,76.86312223272554,34.268587153067976,34.19808742689457,-82.53107225037209,-105.47245291827463,25.07807439474699,126.29366187066535,-125.33855894090394,18.2254892272276,-18.65962842111154,-89.92263772414228,147.5397470234576,-58.409345514020465,34.19808742689457,13.95508573978832,-125.33855894090394,-13.529740069384193,13
51.91961487797588,51.46642553674299,141.36025292463933,19.785558769938334,-52.06449968517784,31.23072362094272,-19.233203271540052,-14.537782808242063,-91.87000744570963,-71.79174782616464,82.11464212456613,-42.885015175024314,12.431543202586335,14.618966924877093,90.74882665806982,-15.366747752129458,-11.81606629894892,-19.03790404924351,9.844815616908535,-18.178911015776684,-71.79174782616464,-55.425233430942654,90.74882665806982,4.9266224779600165,8
24.3132951564612,-1.286513164865252,107.81978937194751,11.193631714453211,-22.404777320681724,12.003685662111153,-2.057553627771515,44.3655851200124,134.09587320054834,-30.45646738243841,-22.529742370302117,-23.401156394115308,-154.46230183794643,133.7859305960798,-158.48328551124908,-0.08069090062523798,-7.219709984224286,152.5770707873963,108.02750966767033,-33.37912671606883,-30.45646738243841,166.5594375810124,-158.48328551124908,-6.488687993182238,13
-2.1642908400248926,29.910510273825338,-25.23140825199234,-49.95239997589877,-243.78234469131954,16.138690591146922,24.14317845068843,-137.2128805134564,224.78107527190184,65.72533469028247,176.6089352730359,-134.8279642764417,-34.73657135717719,-118.45272725462017,-231.34823723305811,-35.32622851808662,28.614589895631717,89.96063398155425,26.452422776752968,4.44179378632401,65.72533469028247,61.241013026514906,-231.34823723305811,28.673503475970836,6
66.5248703682535,21.449444189797383,93.01883468143394,-42.70463276262796,-44.37816427070325,-72.83670477934781,-45.127640313159034,123.45863687899444,4.415368530979027,-164.09489129344448,-122.01859290414545,-82.40972664440385,-41.86818422907875,-66.66114884924372,230.03144182644377,-23.284816643873405,45.9376396912089,5.51526687563733,-29.909466905791803,41.40087718834052,-164.09489129344448,-18.409319790208016,230.03144182644377,-97.52564889050852,11
-43.492908901778044,3.939997520495013,-30.000129433543776,44.31471824940434,69.02952829779858,-31.349675487448756,66.74609654619039,-126.8325704943102,30.225920274981117,34.44264903637301,-79.69128728987917,-61.13542509139094,-5.349909352906206,-23.422116475290622,19.756487874181122,34.68507291767213,-40.933880473691076,-86.13913925101328,12.29639477605302,-17.710867684921922,34.44264903637301,27.342712903365324,19.756487874181122,35.58063808681831,2
52.9637581250596,-21.58085311958485,-58.19783722677923,-26.69263866291805,-167.34057823371987,-17.547062823614112,-0.19130569133519765,105.53024584364269,3.8746785512576043,37.420052822494576,135.55151816300634,105.50270521125228,-81.02026757494592,-1.772658756859733,-9.686833861549255,75.51369522773675,-19.542924820842185,41.490692094093326,-11.42047858109827,-43.43585286506837,37.420052822494576,-58.950434297233045,-9.686833861549255,-82.80671776107016,14
-24.824950989667926,26.345976636469604,-16.25691552492489,77.12212318381754,76.93393232941376,-13.312389033644642,-36.88501696332619,-171.0295978210145,-178.4291019904574,415.1785575600008,11.048575313636917,-165.2632044378294,-59.37959280758926,79.58334570881948,62.43224806741998,52.73372317137043,-52.818546977525116,-58.01896742241869,143.49746176225858,-2.721444841652168,415.1785575600008,-122.00516542085933,62.43224806741998,-75.90305891138213,3
-6.9436345088728455,22.483806528539997,-11.415667975087377,47.74886009985547,25.16235624306062,32.19285060829797,17.390443878518408,173.59921726908442,48.827110315449914,-255.9002359392665,89.61969867441417,263.7337024386195,-5.368967614014046,42.715021580418124,71.92498326086613,-27.66122150287964,-38.22167038593961,-11.015227997524724,-65.7063244065385,-115.26141090751489,-255.9002359392665,119.62608552742394,71.92498326086613,-30.48067849655738,20
-35.836472960370706,-47.93861931233782,31.643137260003208,33.28493768971982,58.815226440129614,11.040990282389803,58.52228980552189,-9.338927577515896,-89.63325059615144,68.77389605816184,90.85667319473475,-77.95066890591445,-4.6793970035087185,-24.430167663400837,307.9021060708117,-23.092362708905863,48.97742898581059,-44.435959574471994,-102.9530147652571,-120.38059673476582,68.77389605816184,-79.84333509288889,307.9021060708117,-120.81758779100149,11
-19.944348365523187,-5.554761580774391,18.45487009019315,17.926288323482794,-77.06413822930553,9.239671667499586,32.4175870025984,-87.27737081841147,-37.56547134722626,-115.88011312761404,-37.5791651496767,14.042422465463531,17.355686912955008,-101.92049138134179,96.7976665009758,92.0766688999946,-25.929442188054352,1.3134590843790273,-31.8932052497519,6.838966137507083,-115.88011312761404,114.61267929089082,96.7976665009758,-93.04862533166701,17
-17.27118213086174,20.37818964828315,58.9914630454437,-2.2743045356761273,-153.5205275375282,-38.251013830821606,12.976612922761506,-153.01264480599534,-12.833819770413655,38.06347740311179,-29.936497261130324,-88.65196114038169,37.702925018164315,14.320953733396413,-135.63651537884317,49.25862643454244,21.124833376734173,20.11655433005184,108.43910147919092,-13.882757697156936,38.06347740311179,97.31116206673512,-135.63651537884317,-70.30149832287871,17
-5.432072689099582,-26.643355773030358,-310.1915885295958,-95.68482827001432,74.25462951880274,-23.773168457333533,-97.101373005746,-71.07079310715143,-96.52460297080029,493.02353760001955,93.61018540538196,-237.7792007265381,158.02123383446886,-37.68149124116634,-419.65455853892286,-18.881483876383843,10.12445555517749,38.240081949937405,216.10971749738843,-14.859016227854074,493.02353760001955,71.95320866857216,-419.65455853892286,39.45460826184473,13
22.952355905713972,52.47186506752338,51.68245987708019,10.410728553844768,106.74915377834691,-66.5584544539548,23.749306458919307,-54.87007294001542,82.98135907640422,67.7404073837942,69.56691796614356,67.26903183577548,92.94370198452681,145.20629756634662,-51.37954973669289,32.26210706849762,25.575019559521767,93.54150834317487,-114.48486373801941,-21.78257471787118,67.7404073837942,50.53551261931604,-51.37954973669289,-38.12718049686743,14
9.663429872301476,-11.350507821288184,103.90191259159506,-46.941466312629345,-38.64814107900896,-39.57248586718173,62.31543995656569,38.616689575897844,-49.36109857114079,11.250833563325042,38.989195726013136,-153.54696367701675,89.93915330128729,-45.9486515279273,138.01248556365476,-5.806022252067685,2.5585155751999205,-78.64575520608985,90.59850551090031,-102.43604722153817,11.250833563325042,-145.12550850497266,138.01248556365476,-25.41997384399413,3
-27.76811757833128,-78.19693167584609,76.91381794924398,2.4051527399135533,-104.30423536287506,-15.072628657534956,-47.52553351477658,-17.99063238668836,-87.5533945186298,-144.6111084247703,-30.903880039740848,-99.42165315372634,141.904336741846,-7.315725978936065,86.32835337664666,17.53274556885444,78.01272723742252,-84.3283044953148,-120.79586475949017,75.93633789509798,-144.6111084247703,-49.229996806855226,86.32835337664666,-41.55399195888188,15
35.41440069978842,-49.83102999032614,-20.801288703388245,14.835079201336661,-143.9295926843397,1.1870106547483852,0.4257118395158815,48.21561343309084,29.25910050703978,175.09137872387902,111.521070081038,31.0125140224482,110.30500789846602,154.84840213935726,-279.36710436854673,-2.3394508317539193,18.270761167026677,41.82148085253431,28.19396833082461,-6.670010245608619,175.09137872387902,-137.55661308767077,-279.36710436854673,-1.7306823233825153,17
-28.932492902083652,53.80027459995493,-1.0187451923669766,-34.74344050522914,31.56665396055084,-6.537595666762926,-14.639313222162848,-43.75066246115074,11.425025847197059,104.94837313172313,86.84892922833242,72.84558871188878,80.17315474057557,-94.97327471619971,-87.26512607593614,-56.61365457014825,29.34811013768876,55.64246589273195,199.00762162211223,21.32889842744019,104.94837313172313,-2.894270403192931,-87.26512607593614,34.75861236800127,20
-20.10958497839974,-56.95899397234037,92.11397060275183,-46.502421001563725,-88.27179555972151,32.827451763339695,44.618797472229936,64.06365236608836,40.17675529203395,-149.08045207596405,47.56491628169853,-10.51501082648112,-65.52906349092189,-81.19581343055754,278.2951611249174,46.61075861153057,-1.375390664840911,-47.7082361920554,8.039644818136642,72.49794405378202,-149.08045207596405,-2.131399193989889,278.2951611249174,-125.11181770891741,13
31.73660943795027,-70.65563236477051,-45.78470062522874,-40.98438196371745,45.693522556434445,-28.194060051305925,13.943741224000236,-108.16941661507494,7.752131980399937,400.1168279242231,112.22860338535912,-156.70441301721488,-232.73358844881696,-52.88959499063354,86.7957600643974,-22.225507682595293,85.87517197740996,102.54218425783276,77.942591489263,-47.292956521706515,400.1168279242231,-95.36545459310102,86.7957600643974,-48.27336420090107,18
55.13031257312488,-6.588184775001346,-36.169714550708385,0.22996589952542373,-143.35649752525003,-21.478013753569538,24.660607747087766,-81.38890832523204,102.6215093773139,187.44061591337902,41.04914904640101,57.16606958879556,55.74444470904601,46.546533008885405,-273.3753583127718,-3.6523456345333543,13.335328548133798,98.76108570881408,90.4495978054046,27.190396475464933,187.44061591337902,-12.507491741407133,-273.3753583127718,-41.27421227770839,18
-8.427636206238924,2.868032070808918,-24.271055780554647,25.379712807943186,-15.08215002131264,4.664374548607983,1.011873319278462,47.32971724646216,-227.54293506438128,16.909826741868073,-99.3546640317971,-58.51825947565122,-23.426637399920722,171.40315566495696,-241.38457407560935,-8.641911825471787,14.206868900508043,9.426524481425623,62.00362371603325,-2.5539620318459115,16.909826741868073,83.42466352899862,-241.38457407560935,52.598059277611064,13
-64.1010358120304,61.954867400372684,4.268567772263161,25.190820257788825,65.37139101725033,-64.19423965361588,-1.0602638956394133,31.33611089961173,-159.15518608488145,-25.45931328705631,-58.565496692040156,-13.326363577696032,55.41617386085257,-61.823723312848955,-78.1474630290091,12.899409982743705,-7.107081459630039,78.2254834037914,-41.0036284246733,-68.69439159596364,-25.45931328705631,-68.77627678606967,-78.1474630290091,142.5076427567396,19
-51.671062062508724,-5.295100022684693,43.14554101870405,-64.60880662171942,-174.35336298779595,-34.31117304320365,-51.15909255413782,162.69016325310787,8.465183042006895,-111.71457567561157,181.44317026725554,61.87604019909273,39.37402037324453,-11.482247991220888,-189.0295110302914,112.94005874185112,25.344521936081236,49.23665764628061,44.99204210040741,-18.154288725832586,-111.71457567561157,-109.78725525915476,-189.0295110302914,126.88648178630821,15
-17.73735680908391,8.38899642462572,51.69150377964222,5.2590102664823455,-19.42959140737417,22.0054008356508,66.75070942735314,119.31401408862378,-108.93525955499605,-144.69908088117575,-130.4942920369999,-5.2081645448232905,-65.406187277226,90.72259244315222,108.48870843843727,13.35403561729273,60.20760713015618,-102.1512015079336,5.730038819120722,-0.013286889124952881,-144.69908088117575,-24.969170239188543,108.48870843843727,-25.600581502952906,18
-3.547455229332991,27.674251407758653,-20.723253717015897,-15.536225873351338,14.654615717371318,37.60103533765173,-7.848506161327582,110.53829949829642,-100.50478853280342,6.994349045774983,-45.861994793084726,-30.55357158952316,-68.8283027764513,-84.09071864508446,98.22315126010862,-50.32713780069357,-55.73479275483977,27.013486147970465,68.95824609804977,63.660588518314505,6.994349045774983,-37.332652066243995,98.22315126010862,-18.658018554395873,20
27.785097391947907,-3.823096557080442,-148.59846806690283,-35.820472403343246,-58.27614741450708,107.29842831347423,-10.858564995684292,-0.1268154490378981,-11.966118173098934,-6.764359138988257,-114.38798719694117,-55.771612511992785,-41.80219846232367,39.85817319049413,-253.30673220252353,-24.404163775093203,18.29027764850334,-14.344415031190163,-115.47017605665324,-24.572481154913714,-6.764359138988257,25.60332780244812,-253.30673220252353,119.11226833032111,0
-67.60294183357067,33.9777210501092,-132.1031051720135,57.65661819587373,127.18032325430764,44.48776808521434,-10.471705399811498,-60.66248663004287,-37.977588776491636,37.85398057353874,45.52390784401211,-49.87455173731358,91.19530570432875,-93.31689149227364,56.17798377718499,-41.55488996618332,-55.09107067222818,-79.9180506734825,-61.56057622748078,-1.7467683111978327,37.85398057353874,64.62523315086582,56.17798377718499,19.53094408763561,17
-80.00903459129435,-31.522594721256823,-10.85203106785758,-72.41868325189279,-72.07239957447771,21.657624771246972,-10.349296992277884,19.876032918693642,91.33359092928485,17.35324438694244,131.3225858702779,-117.07907982871822,-98.18680438521568,-127.30644252919726,90.04619200900832,-41.38187339916535,-5.414028619677142,1.240059408302887,81.95171201435883,-51.25133334578717,17.35324438694244,32.3663072305179,90.04619200900832,-38.41923784147908,18
33.72522019236041,36.56913638231093,77.12703770558443,-16.302970203600765,44.49964207815981,21.802552480131382,32.00624220959511,-51.546632958193726,-90.01013064719716,157.5669544209037,29.993061841098772,-78.12114913733696,-118.1401053429062,107.66919781629937,-61.415645702535706,-33.40365170367623,-11.701802753146104,51.52983799193037,105.42458569336932,-62.08402818328849,157.5669544209037,-30.30084989270609,-61.415645702535706,46.56144395654195,17
15.989372409550999,15.172197378058206,-121.50372916478634,91.4232096337104,65.66608737751832,36.97190695363848,-3.896138523902368,-54.48637738564314,18.58352004881076,271.7236325011654,33.37067544214027,-128.0301808866263,29.66307117116549,-100.9062944134561,265.6561854196393,-31.231550614411667,10.742965236480028,-65.04923693069999,-80.03480499989942,-16.5962232805325,271.7236325011654,-136.10744378133202,265.6561854196393,-163.65984208534252,18
12.823875643311036,12.696747312806192,108.89969506934779,15.075680654951649,-58.67533843522608,-5.911213080732637,16.829891389718398,-34.22630185364603,-47.03899085355113,92.40156930195357,-104.05053653255376,-105.28729921259765,-14.403104224316166,66.55566681153046,-150.45972831580167,-2.058507912310251,-93.24440517963944,7.974345135028749,216.36502565969025,-14.710073448771528,92.40156930195357,-80.96482607632794,-150.45972831580167,57.87596975432203,14
20.390491999101922,-21.07229013938298,19.83082443069354,83.52296393031054,-101.74097305211976,59.65642114117873,-47.068501969030876,56.5953375800623,3.0506950893698903,-259.7654594920283,-43.97302400554173,34.71977414162745,-3.524666364748912,-80.79247269709889,128.39912931307168,46.23621389847656,33.502900264881355,25.743805788395324,-107.40473863861848,-3.5646232110837173,-259.7654594920283,163.26509651871442,128.39912931307168,-121.47426694354452,6
61.68545147143454,34.0042431657822,-28.42364140198309,0.916648321528793,-10.030459181562112,-13.561275905046784,-33.92402214793777,22.55109515938074,-48.14304101348212,195.3253678681976,69.61836864539927,-30.831790123173207,51.03000883575038,6.094902344207238,-36.74836099784876,-29.506273947594103,-23.2606011851958,-13.245542268407311,180.89603900418774,56.96318577508176,195.3253678681976,-69.62367021287275,-36.74836099784876,-53.8036525510324,0
50.99547158333486,-29.291422247834973,20.192105649121448,-9.233677988352765,-67.3250904188414,32.167891243575916,25.15511438331114,34.78188922522981,-9.15364856679906,-154.98965376582785,-137.30965652783271,35.30469714028524,116.227973717136,61.47297735949893,-293.63003012464094,-15.17360080443785,-10.657823898187358,-34.61307828625471,48.2781137812777,-10.189785255568049,-154.98965376582785,-9.648437726969172,-293.63003012464094,167.7299320402578,1
-105.61718992485483,-2.6941359290069853,38.902471932423914,-16.635169643087014,43.24311746825934,-14.81528023297928,77.13396919154322,15.674175441909597,-70.08285779828988,-3.281551167252177,121.69120085317738,91.05600951786852,-19.938653159020152,-1.7697735069647225,79.11944707371379,26.627769805640355,45.04141843484238,-4.166430532334151,-30.01669464476102,-38.828735790012544,-3.281551167252177,-98.02309152332327,79.11944707371379,60.54340988963319,16
-41.24467173310086,17.967148019449564,-228.5864372960629,-27.916659887085743,83.07535282580935,-32.74781000483106,21.647441485201316,56.73846871242521,-9.599067397205815,115.32255867737794,52.403208193199475,7.0950047651245685,80.00209554634722,-89.61946650966844,-175.50105804339768,-6.551349259968944,-43.93241629837247,32.7161049845387,-0.7610143979399986,30.964993840036822,115.32255867737794,55.555941928324074,-175.50105804339768,68.36019708065271,2
18.8943286168103,13.980724909997303,-2.831222441211856,-6.757490275860738,-19.997113849741453,-100.56302859367926,43.91401953189312,-75.0218915771889,-82.0291616560897,56.26245714775948,92.88951822537271,-94.63489015008693,17.260951303959587,25.560861924179807,145.9277496631264,52.502466712161564,-3.940897482555049,-113.93926211310323,-104.92923621846512,-37.03602848590632,56.26245714775948,-66.87264424153295,145.9277496631264,-55.27391716020393,16
13.279591197875583,35.291065030866775,-2.6328104831187904,7.95656908014931,-150.41841613285217,13.531795695800293,76.18404301595056,8.330473501489166,-0.6403231357041506,-63.48704765728642,-111.35493578046932,173.2542157893961,-11.520395028847723,58.051038970886836,-133.9202764051163,60.111232570535265,11.122598805150702,62.2041883460377,-11.607126356761759,20.70299983409714,-63.48704765728642,25.618451749638954,-133.9202764051163,-59.11829599485779,1
-13.186185269874551,14.003048855300356,-226.49679213010688,-8.380342778408995,-27.844674301816475,16.131775772391684,-3.584627424010346,143.39485708692987,-64.65687717006674,161.39047518657404,21.591460668214655,200.62208103339518,-30.11503605158762,-134.44468984539546,-12.907484866311119,-46.190739495454295,27.543970668754227,101.96342575898882,-32.802019213595976,-29.37355856172472,161.39047518657404,-123.55902740057618,-12.907484866311119,-48.961426075489065,9
-134.6698048391721,-8.349235383751338,-108.96057926583028,28.417473117950088,-17.945527174075167,-21.875335318848478,-12.309286514926898,20.253126903099954,82.40236108163977,370.3583366874799,79.545897042624,-24.55826600346409,71.72409322836768,172.50735374574035,-191.12545339050982,-13.55026368900716,-9.606415828772551,-5.818948401294364,83.41943819550387,-15.343795479645117,370.3583366874799,-130.19636269317724,-191.12545339050982,-80.44329736756274,7
28.43370838784462,1.9722555774411823,40.078393667235886,-76.96620981436276,-61.169936288959825,12.31451190831407,-14.968518477626898,-2.114014448432364,18.616792343002786,111.48909578782623,64.31077120537906,8.512252074550961,61.530891134854215,95.15908898308999,-130.66057487407846,-32.226749184252725,22.267238539083067,3.6757092737647135,69.94860207254654,30.471057100755665,111.48909578782623,-106.92466422397786,-130.66057487407846,14.877405766616887,9
-47.296762015531606,-17.144864261238762,-61.155497460054974,-61.82237996036853,-103.648062891913,29.01502288973616,-48.49292783736768,-137.61280720653096,-26.72779854375989,274.78217033589664,142.70947312142098,28.74604224762492,-37.51219088067906,58.59025876872426,-135.43413141992116,37.528364219063384,-22.851123490757566,-50.20490511038144,47.6426001653315,19.746774372535118,274.78217033589664,-175.26138276729,-135.43413141992116,36.42579370772676,7
-20.015194819913948,6.6238768294003965,-198.05144423403917,60.889988406756984,-105.15521764236837,42.45616968868354,-9.156321873651764,-36.938131240638654,-164.44598430564446,89.13763430523079,69.60729221710585,-102.98532979167837,4.914868736569189,8.784347435981674,-253.1456787190396,-28.881898090952266,-43.38220125979167,54.07711949366452,-185.59917508509488,8.856281659507596,89.13763430523079,81.09352164505108,-253.1456787190396,39.574714797063294,5
-40.34981692045386,-77.40235996038717,-133.9355295191365,-7.095767287369238,-114.87336974992516,-2.253311371101333,9.134855445940753,69.34551496131925,-108.51288394570263,-50.61796777174881,-102.84610905660787,-89.85178392107036,-71.1410220867646,-76.64159617595377,-100.78534441000672,-16.10252457846201,-15.047297657886357,-61.80587264989447,-42.90009030222467,-36.16890390152557,-50.61796777174881,-51.8165629742135,-100.78534441000672,93.45855673959537,19
-18.491553773184226,85.52401187335425,25.217613658077475,42.96369815566189,26.02674542647118,-30.075239866459075,-46.09072640206898,168.47492050490033,131.52213296281639,-43.12805045017441,30.606348586427956,-123.93088495944306,-189.20301768988978,-113.61137998303221,381.82905668762953,61.63349306325341,5.647665426630562,-56.13479559095593,114.54472306004803,34.93073400135469,-43.12805045017441,24.83275861093686,381.82905668762953,-161.21155741963406,12
25.32632820758721,-13.936494190911706,46.575413683203166,-19.30378338335763,4.091037085032654,13.272285261819805,-47.404657646203205,-65.12347186171564,62.53614657978389,-19.202494112303906,-81.62370964492702,94.07538979252499,105.91805026434486,-37.526822680572145,-84.44404241811372,-5.0093134586891725,23.62654183685113,159.63201161638614,-125.10583562846635,-37.09189232129895,-19.202494112303906,-26.74354592280754,-84.44404241811372,21.91015709104578,11
-26.67992092126051,3.2625963242610023,62.270906295944606,-30.830304306397615,-14.651942386927676,35.307098586845875,16.370352769422766,100.77265615139396,38.469624859435136,-70.84310334569334,33.57071066677105,-72.34113965585821,-168.95337317391042,-41.36665215941746,131.28719078170042,10.936337266303124,72.76609250305056,31.463606938501204,61.058656627822515,56.79195891452112,-70.84310334569334,30.360966696853247,131.28719078170042,-17.83518083676075,12
9.276025266791146,-38.31406061784228,-125.70420913359698,33.10178171276742,-98.1164007151691,92.6915873698211,21.642354032508266,-82.67637027644736,96.88928950525415,138.89681640164636,87.24573345450094,-122.13850943947878,-39.45746838221418,-91.6692875150024,127.69053738664297,38.31003079722731,-44.745161017027044,-83.37242157201317,-17.472621160498576,-5.513630383985673,138.89681640164636,41.02828645898684,127.69053738664297,-173.07367381310186,6
-31.580419133171354,-18.892652055232084,-35.07190225172809,-2.567501099450331,176.15695186674503,94.92954467299997,25.460519636022827,-34.678921901174654,-44.06243627582594,196.74891903802572,-19.522468517844498,58.47968371318341,-99.02836359430795,69.10137184186777,189.9868610708524,-12.977443263880224,53.823411598679634,-6.149033713329417,77.34715586973189,37.36188350562861,196.74891903802572,54.67656728059662,189.9868610708524,-150.8689896811907,4
-2.5370642482948886,-11.877962080149448,-50.32748602599458,30.054289690428075,-37.72935722532105,74.79239429652478,28.98601282027277,-285.370434734534,157.78790802508829,445.88453296580985,113.83639130604107,-41.93981525388714,101.98771646807215,-30.5033415418264,-284.25098043914994,13.217456769724652,-40.969785947582295,88.32518812112562,69.6211431812465,-66.05423658193385,445.88453296580985,-198.7152299542747,-284.25098043914994,85.19991287094055,10
-16.037846209188103,-23.050785537603478,133.91299417388407,74.1079569960912,27.35832021243624,64.30211201459238,7.134467768189489,-109.52614817322453,-64.41953168858262,-179.29498899293316,-57.95454755771617,17.61548409485605,-151.1577500086064,-30.79215641156642,233.6233783867538,30.42951545465431,96.01908061762288,-66.5619935070152,-46.16979602899527,-31.258968313519855,-179.29498899293316,33.428640148267476,233.6233783867538,27.00532068575673,17
-7.181552273744174,-8.639538618459685,-156.17824361787117,-3.936993473655062,98.03643539161696,-24.794493550978988,-36.853352497958525,55.47421990470569,75.29789839359773,272.5920944844734,88.38919340702446,76.20520090684303,63.21725889949746,112.38682335136082,-251.06991544548674,22.597454655674678,-55.104351232624076,81.28626579300828,17.486985107522308,2.798410754776773,272.5920944844734,-38.06944863659422,-251.06991544548674,33.42246352936879,0
48.70159499416671,26.068364023276377,-130.41577995907107,32.791936842073255,29.185336016902884,14.697918311121601,59.829051466627305,15.244172548617403,-82.20959836549878,228.87535627832136,83.46335368549919,40.179642064954834,-73.65850029208326,-24.638923825470922,276.57625231581784,16.051182209077105,16.398977596981787,-247.09634137232572,105.17910191952119,24.938220135090695,228.87535627832136,-221.73694131932416,276.57625231581784,-97.32265484499078,20
78.6598621259594,-21.550537058944958,58.60968438828452,4.371600814980957,-34.36369493795796,9.986329469993576,58.258505351700556,93.84723023786754,70.4063680138468,-99.40577229771107,28.835197676198526,-53.51356926606125,-27.981778007990332,59.53399671323125,-14.771821594701679,15.908595748605364,20.221395903526663,40.559814371833426,-89.96607834087666,31.251988040067133,-99.40577229771107,0.5512102524467721,-14.771821594701679,20.912169414491082,15
-71.5571929656784,51.71278060277828,80.71113122058314,-42.4689319256212,25.9644536678206,74.66296600009105,-4.88050303178407,-166.8099018623516,-133.3707530286825,-27.325450044198828,89.77362243320084,48.740202189293115,-125.74939448290388,-47.201254273521435,192.4700832141801,39.379227561114,4.840713403378903,-20.721641916090185,-117.78514768449185,20.691555514384966,-27.325450044198828,-56.00155421774484,192.4700832141801,55.11509085597215,2
49.07312413935358,-14.421261452840346,99.58175398338206,8.690846904673633,50.27476466842421,-15.278958419968546,-42.65019857135647,-8.064161299365846,171.14723393563534,-172.64634179977645,-68.81134592354158,-87.32558096437124,8.89164807111153,-17.9380300375613,-44.83354178893425,-36.89040268043381,-6.387736624007271,114.56332942584513,-97.44956397985526,-35.518966026073265,-172.64634179977645,132.03680779437266,-44.83354178893425,63.39594466914127,15
-15.850104865811074,-43.54744913456787,-60.46895253065253,-0.49907526845797634,19.424030390882265,-29.052905962152884,-96.72174382376282,-68.92777282428219,-128.64389238570544,-23.311679423192384,-2.5198850502274706,-64.70157644618327,-113.13615999186318,-70.71189872844892,30.387672990584214,-32.93029402877832,-1.6607012393843446,-63.266747411553155,13.653235367358585,-15.032410815473497,-23.311679423192384,72.33791383246509,30.387672990584214,65.12550411226492,8
-8.95248240099827,28.088035533535397,144.43944079257605,-56.58450088104216,71.81884086739913,-45.83120071602654,4.727856701707039,-245.1174153118387,134.64521314862318,-66.45841910833954,12.796796716752858,165.39171865151346,131.2853489957815,-53.18604517956922,66.89561078919442,40.15756609615329,-26.070188700731972,-72.44920429250226,-41.744713985081425,23.964762585838997,-66.45841910833954,-135.3342200855182,66.89561078919442,131.94800709156763,5
8.120850066855642,45.40875348990019,-18.192556834934255,28.13908820590443,31.670731912184987,-21.456849429391063,-35.68099689733839,2.647766552001114,-73.82325654814798,128.01426256368148,46.542046632221066,81.7901970744409,166.11078351364978,-20.53479861260292,-72.10503689898248,63.02149303259557,-41.77502605698059,86.27312094420029,35.141603771502325,15.99178796423304,128.01426256368148,-64.98923276151552,-72.10503689898248,-26.236507630008184,20
-7.739385482680625,-5.756934390159405,87.65300815758067,27.631402451078774,195.56133739536122,-6.635538744289705,-58.52294280337797,-70.05692481376067,189.59687480240277,186.0674350771086,-11.255740280473878,11.445484639663235,-6.694626279870413,84.57975464361807,254.50369976318515,23.672570481762577,25.170041126171014,-106.43194604125196,172.55100796635475,44.57627600049897,186.0674350771086,-54.24541961762672,254.50369976318515,-131.65069740150923,7
16.705697869574443,15.196730255972415,-111.89771072046625,5.6337094040961855,102.36496481645254,5.494603920565927,37.9271359050874,99.73445855746601,-142.63556953557892,93.67721739700826,-22.105926645705676,13.52668495850196,-71.25623265056433,-80.94113116951902,135.92393526751505,43.006171365637215,1.1940162560179985,2.745090632024141,60.687009031269724,-13.149931923240576,93.67721739700826,-6.354581600152689,135.92393526751505,-50.198832879273354,20
60.54012679707142,-65.50925888620539,73.45873451569132,2.660157894059113,345.16279546345106,-116.09757211440964,3.6412362432950465,19.10031698582282,-4.812221876048235,45.19680817060548,-200.56076556384002,-23.98384875170409,-51.19790687344757,135.07359011648384,291.05526316780424,-27.914971968983068,15.969318571314584,-167.33038528167663,83.85428138169652,-36.53559816139684,45.19680817060548,-53.83631473721279,291.05526316780424,-1.7306559038708258,10
-9.11655561727729,48.13267875731485,-41.64152763778695,8.432912063219534,174.26591556311453,56.39885970842321,24.835225899657235,43.29940110077838,121.76599947190758,-29.486440061561435,-18.23323476816791,1.8544612679052275,54.85282586643608,53.2662603902981,-55.24858237243875,28.830524796318834,7.080420090284312,107.94736577087137,-51.56718467493819,5.325773164171652,-29.486440061561435,241.58206297979564,-55.24858237243875,-47.21108743306763,12
-43.70568922574462,-84.4434686243447,55.22594276551403,14.25990421528743,120.92602689710112,36.88690199037414,-13.636037064121512,-8.442738456103594,-24.5153545311671,104.2898042655188,-90.46544609749449,-110.99654921562205,-60.446941604750975,117.76606509747705,-303.1403839523048,3.1575178443658176,-14.13643114514523,138.3570492675707,236.86637383117073,27.70071153033463,104.2898042655188,157.86467224922606,-303.1403839523048,118.72945025455236,17
-20.780919158876973,20.728621875866224,79.21529968377646,-15.783500299218582,32.452936741272154,-45.888380081367444,16.25334504899567,-55.99036717340587,-41.311806006990594,-161.19254643917802,69.61817001989189,-124.54539930405609,-71.46275818098049,-148.00795324008962,201.28692217514984,-8.275599994436915,-15.148355193937865,-42.24770662606589,-62.96728929798103,26.11114283735466,-161.19254643917802,27.39885537377595,201.28692217514984,81.39304305095914,19
-16.07410874119773,-13.15651747917584,-71.1962483877406,-52.88031964280889,11.830088540833433,24.35656812782932,11.216854821577636,-39.927106891004584,10.898243126150398,167.1087669758488,-107.84460763223295,82.9824830713951,100.55561905835653,-130.5281221836091,44.01274761403276,-1.819219624423035,20.74992410490749,124.64030891275127,99.72712674318157,-71.77826656934486,167.1087669758488,41.33139723235395,44.01274761403276,-194.60243216408224,20
8.540046423240845,16.554042181895927,-44.91608668399945,34.06899950277501,41.51337117222613,-23.577285441003525,45.47269449751671,15.141367046044643,80.01947235344429,-155.70159828155573,-44.24372054901425,-20.737356476663187,150.72217611658826,0.8143376006804104,-90.21755344664743,18.398380719593558,35.75455335523244,-126.81946304100656,34.21816539249345,11.691380288784929,-155.70159828155573,122.74096721609868,-90.21755344664743,53.93963883346841,8
31.96293533500693,16.214704582127535,51.55083454545604,69.45915154802071,44.49393625113043,-26.88065297029269,78.48935894477589,183.31799401134973,142.90843331229445,-77.74833464267392,39.48946978604197,-46.779598982641545,109.08438839731107,77.18464759301675,-120.60053474954077,15.124872355686387,-12.601264808288734,120.41613967303162,-142.38395741207438,-17.773851713227703,-77.74833464267392,-58.545948640931385,-120.60053474954077,85.71420355752753,13
-43.316536817338516,51.430041016030046,150.6732776678408,27.7148434030197,-137.38862308655095,31.974824469169192,20.629134564738347,-78.18395928190691,99.30035882259425,-238.2869738585407,92.90946088479154,-63.90861177461795,191.71514038547403,100.72041575008684,-39.25174719280672,21.685123632232504,35.1271171685267,-159.24281619727927,-41.80851552729018,43.660353171066795,-238.2869738585407,63.082998188252134,-39.25174719280672,-4.3430185272448885,12
28.249503080457345,63.258054160675734,-217.6796277276911,21.4998728128745,-49.06998265372497,63.57764288503883,18.529371179181926,20.667023966681274,-158.99501432946604,233.8164001719577,-74.59871751330957,28.680563776923414,-104.64630452864242,-110.30460720639653,50.100685753026006,-66.78809169295678,-17.480030600710027,-10.31736737380812,58.12169639800095,19.138320767094296,233.8164001719577,-74.74751145725995,50.100685753026006,-108.00916875238435,10
117.68465501606559,-56.959832155560726,-171.8116024642227,23.311547201893426,-21.364372570714902,13.843757645500235,55.26320523240152,-16.51069541544387,221.90252008178263,134.67977052700184,170.02508420677376,8.077608124173103,-12.259070412162432,-125.98198946317427,-6.5205816702217225,43.69757124567294,-8.145457530057366,48.206761665286436,2.1924223575712576,-21.649628399063992,134.67977052700184,114.83877417193719,-6.5205816702217225,-108.29052672558709,4
-13.12848502034258,-60.90913865812263,-28.178783578463786,-59.09101892192055,126.52695673357755,53.984873585593135,10.840862822499915,-51.66594280754268,179.19884760729374,176.4223288197482,86.8419025795432,107.03954409651388,-9.505259374739516,32.162830687551285,-96.15305618425742,-37.873672812104346,-100.18596744204224,89.25130471414606,-16.467557148968393,-2.256018621453949,176.4223288197482,-74.2287088030558,-96.15305618425742,85.97828072981369,0
-13.849830292360956,-6.458805673484395,36.78871240366513,-57.3587335696552,-8.44635193962664,19.950943842146273,34.28486676002386,-1.868101525011232,33.920373363329,-90.10388009327797,89.89423269974166,3.649466042130598,34.93115344914636,-94.93025226234994,23.64004287253855,-33.260657014633594,-64.55824052105164,78.56279638656102,-68.82918059900933,-82.08475435215806,-90.10388009327797,34.44692453723063,23.64004287253855,30.085002615874497,16
-24.24818460935125,15.955257769390842,-61.12290977026465,8.5052294469544,-20.14238670386257,48.39190724177344,74.24515310003825,-36.934037310880036,95.20747963664292,309.66962325123757,43.08090871262564,-95.57329718599752,105.38231665099832,23.147932071995726,-161.4682346394393,13.793263465356297,-55.34481608531137,123.96409247110998,-40.49108083233227,-32.8405234532967,309.66962325123757,-138.81830488245828,-161.4682346394393,-33.23358726399996,15
21.573441022707478,-5.194829898504237,45.13202484750602,7.105111159819989,-86.48435376785005,-12.429654142171406,-20.56808786766455,63.6487914685582,19.594404624318756,-402.35026543803656,-93.6047150180193,-131.11770132683185,-37.18577427263553,9.849703375482548,-113.74389529925308,42.06440469234749,-25.663721009943835,-98.20062733430392,-33.88213873592477,-43.39689155362098,-402.35026543803656,218.08765683164648,-113.74389529925308,132.52231994992496,8
-47.052111501424996,13.198009325185382,-100.33889706704002,-11.067656456893111,179.32196910204146,13.266150478968683,-5.893535934691806,-237.29851730388404,187.50896256623778,116.87096390834012,-117.63125550433905,-17.294662071584092,111.65724187411405,19.18342606008718,-92.74986584444,19.329212132209285,27.164872348618655,-107.76742420234862,-115.13835001381055,39.391203400507976,116.87096390834012,-9.929289178142152,-92.74986584444,114.01754317184194,20
42.78262900569266,-13.94179040968792,62.171726967494045,-33.621807349968186,77.97383274429168,23.250296089636876,15.305335590339965,17.478857392511962,-27.607561743574607,-11.516640003530894,-187.55529183009355,-163.84694426752242,-61.93890042254198,56.14910927540041,236.027834540649,28.124631143776217,15.843177081193797,-28.453360875058856,-86.98206846071628,21.080647032695815,-11.516640003530894,12.581273702388511,236.027834540649,-126.92348633332863,15
10.557879970808134,-54.92612216839143,4.010977546699888,40.032424200989574,166.07788982305848,65.52858179894346,-44.64034343631215,-104.29936864042801,-43.05773417964669,107.08995639116608,150.78911639335251,82.02678973644986,-24.49953419106461,-7.724338587069042,203.24164805265934,13.401000433765715,-51.78220635990547,-29.070410506709663,-85.57096712632219,61.77761126507086,107.08995639116608,-58.16052261652942,203.24164805265934,4.273310172322704,2
-4.162814549733634,-5.627698549634879,-57.04534319646452,-32.62607124933981,-69.2493832674157,76.31879882425373,-20.220394629989848,-22.990876267084303,64.98633828711796,-202.73566813689965,-90.20899311378008,33.36221327283851,-99.12423978768098,-168.46084834973067,25.55482215294472,-41.1091744414049,-30.661572348279734,24.581946848257523,-32.889118118464296,-108.67716632979406,-202.73566813689965,175.74364791217448,25.55482215294472,1.2620828403073947,6
29.1180339690599,-10.553143232837886,-8.13856112593276,-63.57757729669004,96.63288441865822,76.64205112151977,3.276926322006352,-131.1527262918889,12.25694865904213,-59.118678437531386,-1.2929945488772354,88.36890302264969,57.38586614617599,21.174893837731155,124.41489285280541,37.50101352855517,5.989260924903116,-119.50684478511886,-52.04421426863337,40.70886335266963,-59.118678437531386,97.36265290377591,124.41489285280541,-45.56178230773405,8
17.381255184267538,12.003079716926251,12.495499932490741,-35.77717903526081,-5.754526580919377,40.26243875317272,-36.356120735250656,-85.66195716219534,-17.21724492128777,-102.44950757736666,-66.75943382713496,-7.255141630666557,81.48990569798542,-54.108068137518515,71.36891022142608,67.59929226450404,25.58250989011018,-69.66084760447276,-51.09929283272406,-30.973691085754865,-102.44950757736666,46.13676435452831,71.36891022142608,-22.643536627561012,12
1.306585788950581,32.249892815372725,-50.18109771035598,10.722078960677493,100.67876492628491,7.248536720815553,-11.861219508620955,32.96835245684759,-147.9057770390832,157.28699976047034,-106.38661982252589,-68.79966033872574,-106.13768845156152,-4.38181701551426,326.7153918901637,-23.447744329296135,-36.2200060986387,-155.08888278706524,27.607438567113157,-2.378203421227748,157.28699976047034,-170.22481147156026,326.7153918901637,-103.10084351297334,18
-13.119696449394933,-88.49845003898609,-16.89139845096325,-68.22724180425882,-58.84907037461494,-31.14612561850981,32.19685704307473,-190.24325878360344,5.678138961734707,158.8685654155039,38.87462332055432,-47.602893433353316,8.992118780167111,3.511155020826351,-341.90348195753484,-10.697018847294084,-21.550062694105794,89.41268851113048,70.96772404144997,-43.14939281909404,158.8685654155039,9.660550728492758,-341.90348195753484,151.34332912201737,10
-39.44761392038005,-26.021101381286798,48.31950035066747,43.31915193030807,-15.51485905390634,2.719751864949644,35.15437880579312,-179.13123989528737,-10.83173949569436,171.6913293862251,62.08194191171106,-11.839247916715273,-58.86474639251848,-41.087191882635565,-150.26550119906972,10.77709228004939,108.19688429264048,204.71257794628792,-171.60293778551488,53.29443264344658,171.6913293862251,-169.90107474368705,-150.26550119906972,169.0469347094319,11
-14.66718321016037,17.743927651450548,-44.78236329606183,-60.60606964487629,-138.34891391365014,-32.48452113983637,56.79111358904862,-86.87746401799465,-131.91996895428218,121.82723533930975,-121.1592953223883,-211.8310457711882,11.064677993308436,1.5534080853326104,-320.0254278284881,-22.763883376647755,57.12514420394229,-7.762106841124901,121.69403273502982,32.32164156592424,121.82723533930975,-40.781150959299126,-320.0254278284881,120.71794342746313,3
-31.743617289530917,-53.98641631729875,-122.04571327747493,7.4712558409439485,98.02617643348724,1.390155809664217,33.669252665106136,-33.27896553509734,-53.00113192891246,62.27729485600907,-27.535947583440183,80.26032190351793,76.32900222327453,-78.1608188267999,-44.95088301327844,33.599293450984845,-20.618261455834023,-83.80111892678568,79.83315263174782,25.486824631452457,62.27729485600907,-27.915066538582643,-44.95088301327844,80.4644998839662,10
41.5505543975636,78.05485561297645,76.76387032467953,52.65446209088165,-69.3468027957173,-17.466087346259943,16.467767709516977,-0.7254180502531149,100.22834693379554,5.945038140060217,-88.6039651473007,-54.52503221419146,-3.488407067408472,74.90014479434646,-14.299857443932545,31.464308411220202,34.69531501020019,111.95819100847153,-83.0777706276311,-56.763580070141785,5.945038140060217,26.154163068613023,-14.299857443932545,-112.27988817643077,7
44.02159337706952,-82.3833157110647,1.4062717415580739,19.88077783512844,121.98162934156133,-9.080488254104699,11.849483447712203,-8.622150468794674,-51.208587640564645,122.09079612626405,-2.9406511905082855,-140.0556277626586,40.50910114747729,-25.646504808023494,271.97168511628115,19.74873386437951,-49.80608775323097,-104.01568463781172,-22.417477820213794,3.5283277910055695,122.09079612626405,-109.64823561557415,271.97168511628115,-85.5560868205501,15
10.983273057686453,11.607542641929118,-14.18356804076462,14.084521496344474,101.51965109625328,20.870375003925012,-10.214596839617343,-41.990495059289174,-103.50898203555651,145.6287436403853,-54.801811637487205,-12.672715749933229,73.95899100144592,-140.4876539544159,111.74335725468934,47.44877002410092,38.35389843674542,96.69525892406787,29.00832850686461,48.39886046584587,145.6287436403853,-63.58810486723017,111.74335725468934,-49.620911378334405,9
-41.30221178388417,21.940293775007447,75.22928874118726,-10.541337623243738,-51.57230821970302,32.3878614055499,-71.52104314311553,60.2791069336602,78.30762664448994,-77.77498023283978,151.12723117120888,4.821806724930031,-150.60468791727777,82.1996238003008,-42.175801264019626,-7.6396577662294085,-17.84527765321385,-6.561199939443991,31.552182462981946,46.93097866271045,-77.77498023283978,4.435946630718082,-42.175801264019626,86.58160347627046,3
-4.717357617146707,-17.280336272231544,28.516436167864804,-35.872821237620435,17.108016008311058,21.60774983146169,-33.157192205822156,-137.81217406694526,88.28803607875145,-95.84653355382137,116.09769365446832,-138.27364285231857,39.52540075342766,-166.44970563595606,364.0384495539779,57.408682452195414,44.67466812638156,-80.23432352410356,-179.20803287968891,2.7256068097024198,-95.84653355382137,90.38699315970213,364.0384495539779,-140.40147040533589,6
-59.167078964172,91.16888459234067,38.99457612429808,-66.50384999560258,161.5619043971846,34.6848218990742,-0.7342494481323992,98.05435448644012,-12.352124158581415,-123.14927067231297,44.199688829154965,184.32626776490798,14.942271624937469,78.73205990726669,59.46490903664922,-28.66169488746417,18.019522031314516,55.57312770630719,-45.707868127813214,24.93142064340679,-123.14927067231297,101.67917319779924,59.46490903664922,4.746362299953342,4
-16.68976491365499,30.168166222536147,-26.63220552483338,50.33632624279396,131.38482085727463,9.660862242410158,76.26372399603196,22.378528389573788,-20.923005334439722,-2.6030199607415447,-48.74433988978768,-15.362841122022006,-9.82021861023779,71.04247799332072,-10.225671757281729,60.18792386431912,-0.4099496515772164,-125.44450414940427,150.0386547084684,-8.315238778820714,-2.6030199607415447,75.45302827324298,-10.225671757281729,42.61079799825371,1
-6.117453960224259,-55.2621118012862,-21.13708169770088,-12.046146050057107,133.24065725691418,12.16523628384477,-29.534563374872622,-80.94101959174175,-171.9764867500337,276.5022438010693,-127.42824374734371,-151.29733628871537,78.36473076553503,95.98409741009095,-296.8186797494616,-67.31401826283364,-58.81039430082966,127.64904951801981,93.18841536634578,-15.05460249610197,276.5022438010693,-17.146599002840823,-296.8186797494616,108.20566892773961,6
-49.82576544207262,20.14568657951889,133.98070815248934,-9.05138848349133,-170.34782898664753,55.7123792816602,15.114685787421537,-36.037944907762224,-192.2071180908069,-47.71471646090007,-135.48591615720028,-21.989602608922468,71.18212365832417,195.90034710185313,-105.02528867792361,-26.340426386386294,-30.8940306934787,-41.77712218700148,-16.325323077295224,22.48850477734916,-47.71471646090007,-78.25035634128498,-105.02528867792361,-46.58564351761303,11
28.09950831672968,101.54795208743354,114.01484777024046,-22.17906589529317,109.70838638597687,2.7049440740075594,9.022052096311688,161.29244813361836,-21.296328039220196,87.15886039449201,40.53601349203394,-143.48468720948023,4.77885419570601,-6.582785678325496,248.93327239258358,-28.441852679628575,-39.4636798849641,-85.07251438329061,178.7703200821502,33.421092082047025,87.15886039449201,-216.96599269525464,248.93327239258358,-10.50037275027023,10
30.258693671376022,33.31794238484431,92.90834914797172,42.791175706875,-65.41873405563514,19.722215937162552,11.138331268330834,-40.70841981085272,33.785873096229665,-163.85711395021585,-73.53561631232701,110.59449493267165,-38.39982531893895,-10.310911305639596,24.29109701823865,8.944718097872252,28.36326052742315,36.37525624377975,48.13641524062621,7.201721847887233,-163.85711395021585,123.29574126049502,24.29109701823865,-54.36432713199876,1
3.934154663205918,-100.82539267766876,115.95562716279332,-46.722747332082754,-72.1535565340184,-34.146783528658375,22.588093084945186,-171.60924562032415,83.77804580583101,-121.74392114464142,29.029507122738394,109.40071056582681,125.77365934142057,-68.63521478929337,-59.04829022970784,-80.98288574897626,-69.42943734154387,-28.56122295324593,-42.79440645774349,-60.26956744025995,-121.74392114464142,-98.57059092844088,-59.04829022970784,130.46126378261,5
68.52482058297957,33.370959778792894,-0.009964929104349096,14.606345274716208,-2.6760610560531584,-4.982280810074979,6.959122033126505,-115.68744010784192,-37.3496265638531,69.72892875913905,62.249776038699906,-217.19074682262254,80.87580251178039,45.621336625027396,147.47335761162117,-12.084928971142922,-26.37979624219681,-101.13866337983204,-220.409705470208,37.03123550475381,69.72892875913905,-41.73287705796926,147.47335761162117,-83.59240381848586,11
-51.99996090619665,49.89574113855036,-124.07110153349313,44.87270445397633,104.2291265126262,-72.49639421915674,1.5286319768768977,-40.44847841384992,-182.92592098560348,-49.1190427748916,11.486472066005735,177.09230217614248,113.82633357199043,-254.33989497270437,350.0900408560517,-42.514651153008344,-33.24202153094553,-54.9712741143602,-131.59609203585552,0.377354329416706,-49.1190427748916,-15.44245078270636,350.0900408560517,-109.42211965891494,8
41.42374243009346,4.578691322570001,83.41517120939515,31.75372178936638,-32.1263224700227,20.51081241375238,21.305787324742845,31.830383667947146,18.602528672424654,6.682064563922394,19.885774606955895,-38.85723589703833,22.436529902279684,126.60925079741062,-20.50349556809794,-27.809590637569258,48.89432772036575,15.11348666603788,-130.2611054752182,-84.90964656272565,6.682064563922394,-133.96928444677602,-20.50349556809794,27.171344213482627,16
-22.46263175492626,-51.347692466535044,-75.33535187898723,-22.25743866110255,-63.25017876296272,-71.60791211959398,-46.49254173918485,3.217739672461848,-36.04146093256216,-88.98633552103328,8.287787602285022,-40.380861738031946,104.12621416730047,-51.80596195377237,-136.06031879732402,-18.6482240775161,-61.013115205800766,13.625552606973335,-167.25284432371978,54.15282296076069,-88.98633552103328,5.839030224297095,-136.06031879732402,85.1266925556759,12
24.167457665501438,43.941446021937914,-2.4625586047786863,-1.250760564754233,33.418818162414404,32.1686007351881,10.764742592282854,-8.008738476402769,89.6654522489414,1.7225409504227243,-133.16058284708186,-69.83058825615679,23.917012631471863,-56.524488736929115,19.89193088052244,-34.6817569758157,44.6082601084327,-11.138550273719758,-21.921691064912796,24.87743514439999,1.7225409504227243,-69.19684790896214,19.89193088052244,37.78757998063437,15
-18.086766059095638,-72.50633830731473,79.9332039650856,28.642913285244962,29.51409022623638,32.30168814282522,12.503565714417576,-162.75792543210005,-52.4588755245438,98.20985210449399,63.01942082252871,-216.5585955139868,45.599522633269835,27.489321628370227,158.80906761755307,3.673814072059249,36.88510808554681,-34.90981335625234,-150.59475057999526,11.236652118545367,98.20985210449399,-43.634710348278595,158.80906761755307,-60.708283800894435,11
-2.354878187431612,-29.437614478053685,16.766997718235427,27.85367114797969,-80.03556853493784,19.822124484056673,-13.876954497444473,147.42327611857573,80.49892300309847,-23.544280331459653,46.5929781380145,-82.2205745986962,63.105566758915934,-1.332262941247322,-32.45828489649891,33.48066987015134,24.247880777990304,-3.545081782825248,115.82163550607999,-16.17354771136166,-23.544280331459653,2.126772894776363,-32.45828489649891,-60.16723485796723,13
91.16344901215305,-48.870971339551225,-22.12419257616101,83.63789314961434,-20.7913559695152,-106.85521015264996,-14.86275145430132,9.323574480785437,177.46543543673334,10.864186559401794,118.03320789965859,-6.329414464183003,-73.7399446009602,-64.01481197727404,249.72744910725947,9.06527194033464,-78.59416548996178,-54.663126179298004,-34.66660023208706,45.30713799615127,10.864186559401794,21.88951448136909,249.72744910725947,-153.34516410804855,18
5.609149304913692,11.033556909753116,70.46648201876052,-17.180932217616448,114.82587294420128,-32.34742332847433,-53.22564205130775,37.610279341437966,143.42679803375796,7.438932156869265,89.34578110957163,-125.82545565578208,-140.16286757961475,-35.765039383264686,236.28731924151856,4.633541354737894,50.4244979322517,-44.43508479012395,47.38790273974914,63.06787205936899,7.438932156869265,-17.431229680725817,236.28731924151856,5.099259106220542,1
-46.646840323344335,-38.54018368446586,-194.45508515751143,-49.227178737661134,101.10868021144789,-71.1861431943565,17.66564572903776,-259.91014372206945,-29.16420145799769,497.71842892155126,77.4057674255638,-22.218795998175345,97.79393517945202,-24.63007006290436,-26.342159720034694,0.2999587877905953,-23.674008331631665,-35.793452125732664,8.66618019136816,64.39307693024443,497.71842892155126,-108.27150489655672,-26.342159720034694,-84.84911149255899,3
72.60361509116782,33.18820509124021,-70.5513452963385,16.743159298480307,-33.00915712725842,-11.8592166832955,-88.01097831643021,-28.978848250440734,15.402576552761174,-89.20563231892507,-12.565715457825277,35.03998263393118,72.525110347044,-58.203697267693286,-144.79141374538085,-0.08979034939476102,50.84638369971521,-42.29597638994339,-35.09072296610866,54.69797076290441,-89.20563231892507,18.28686961573519,-144.79141374538085,116.3144318202847,17
7.590616020425143,-14.30558882552486,-51.27384882916172,-22.2202607564725,129.0526867433627,31.36052332207717,18.3250495039131,-51.24537481493241,-98.13806388417686,-133.27434886355886,-52.67451383184799,71.83111343974159,32.54198638623923,-129.5838922955807,117.81722887038674,-2.1432083835185693,-33.977398561739676,-34.20968203664422,-74.48085391347162,8.162612712626824,-133.27434886355886,91.97324890476966,117.81722887038674,52.346620501369244,2
-0.3875188415466987,-52.923839844286135,-0.7767991743184899,-7.599443664471743,71.98297502026966,44.74282127570484,24.950106248101402,126.8405323533492,115.97442677465071,17.57413997845322,58.08262439181904,-119.6669642465734,-94.25400185905131,22.61556861392097,76.4846042842397,-13.622448362645631,31.34637427040865,59.31787590157868,43.72664852005974,11.381368865339043,17.57413997845322,122.83810870319039,76.4846042842397,-79.9591084133834,12
35.619624646634996,84.41770822270078,-141.9618893092638,-78.64718309951269,-53.80677680463549,-39.845335686331765,-31.897687701540498,-39.00517548274186,103.72733688158681,43.531707352218646,-129.13461943755556,26.921072273658673,-105.22892039377878,-18.47929798743148,-131.64113340763154,23.168076504058398,-15.272686862083535,40.05962429687854,-43.139952407174476,-8.907783177368175,43.531707352218646,92.71572770593764,-131.64113340763154,-19.51553694078494,8
43.473072328318935,-113.92871948570756,-47.12441460212432,38.765618270325554,-217.82974769018398,-13.198346620148605,55.500018739765906,58.77560870774958,3.794366968187073,-200.85837593797746,65.43251470281237,-9.773649049410222,105.81011082489968,-116.06696594204708,1.2393171742670126,108.53635311001452,13.261799208560328,-111.96635659297614,-20.64134470630467,29.006959027397443,-200.85837593797746,21.881865648697012,1.2393171742670126,-39.4821875482146,0
6.935954484316986,2.193584558636195,-31.085409917314067,-17.387485820567278,60.44098491296646,71.9286587668107,8.348558737166861,30.497798232599152,8.017412335611533,48.171352110007966,110.025231153557,6.793019638821409,28.65232111196636,-54.901860445941736,31.48049001580189,2.3011443539429273,-13.054534067264626,31.40975640768835,-81.24527796906527,-54.97389777740207,48.171352110007966,-93.14038692755746,31.48049001580189,65.12775822615728,2
-11.913520135844863,93.25753196800969,94.42176035760923,4.799839744044706,-58.70069417130617,63.95723549422452,-43.790628677242694,-37.223508168613016,-45.83797759965765,54.1547340721143,-54.23645191569019,-12.430588760883312,101.5821342938774,-46.06392782268454,141.20476185799149,-70.00611089586384,-21.403974493322227,53.247092852514285,80.63354663375605,8.690966509532242,54.1547340721143,-12.085983971098383,141.20476185799149,-198.2116674932506,20
-12.919790564916367,77.07812583470812,-141.35495449243572,0.4936096907554283,96.49822215783054,16.354397939514808,16.638285633668787,-28.274541347005044,-21.184894956816365,156.10085492001178,-101.32226541912718,22.123384658555576,-92.79689574128163,-63.63270043393605,-46.35513490266233,-38.48259007710969,11.804287213518812,-6.0031379784322425,95.02718493078545,-8.844784083483514,156.10085492001178,-6.424638219107992,-46.35513490266233,49.13677049929683,9
19.215969890580745,-26.89108544212081,28.96584433440681,17.73632760084183,122.49524654883375,-11.215495015265,-2.068907084917246,176.4795403157123,-35.833046429893244,-56.8398131647713,-131.02926909332393,-17.35330609720598,24.02597904582671,139.17517769773445,-46.84755818058832,-71.83037432188816,34.511110874585185,-201.56926079071013,245.947162876769,61.088461029637244,-56.8398131647713,-88.09297468876231,-46.84755818058832,126.45149968323743,1
75.66157313808151,99.81548235654455,65.51878920611699,25.959792351322356,61.65530611057024,-78.48732292500242,-41.62620231675963,-43.72187890851811,270.727095256533,-240.79239498332984,-104.32541207048561,-35.168338037937616,58.796434161602676,-122.86096967936408,0.10634612216873306,-39.90202111319282,46.08675373269149,82.6102768036726,-115.59674409606488,20.374281855193278,-240.79239498332984,149.28076379369801,0.10634612216873306,69.78095203164068,15
-30.453644755531148,79.61419814234083,1.484792492455278,-18.489158340270524,-90.63907510387273,-4.680120423216706,28.920264114866438,-18.5087159823725,35.27509260407059,68.16632998416554,-35.1113473163578,-129.38789804741862,-107.84843640780326,54.47931185361902,10.608927613998816,44.76692147323983,94.85625180970906,-59.84060477148451,38.52682666841885,33.40761933818618,68.16632998416554,-21.125390437833747,10.608927613998816,-53.06268966097453,14
-27.75273874305598,20.287191447632928,100.74917963653049,-41.21109842523766,58.40371804389758,39.57870789659881,19.78293759028029,179.56199844501538,-106.53316166499003,-439.2345903263913,-87.22045887836924,-14.85779972562093,-92.10190766094846,-123.26368331451269,227.2317055540791,-73.99819362607975,-31.189689926941348,-92.9367695936083,-23.0716386475354,-59.869458134761786,-439.2345903263913,47.13311111434207,227.2317055540791,142.82599988436073,9
37.82293016369016,5.59182377513602,10.203469278057632,-56.11108960320715,-114.53802001920462,-22.80533621095525,-34.9693168095066,-95.17586279510958,20.920231902314377,135.20580710068634,37.03191722854767,-28.184574547771795,-9.523921243666692,6.748266221094377,-128.8321209424974,79.24551723327518,-50.762250887570715,9.180135935774123,37.748042362907476,-77.08911705497505,135.20580710068634,-126.02131563515192,-128.8321209424974,46.31673539892374,14
-37.728558061573054,-1.372454101087639,28.66586239191019,-1.8752841643799352,-18.13916719543898,91.01852888618942,-37.848739605951536,-41.46103166061117,-145.82644328240616,152.86397319819727,34.99246781044813,27.81448235729104,-22.814734248232817,-96.5124047605547,26.46161751359187,-60.52999903913048,-38.66228836792579,148.1018933896809,131.42842893193617,3.306832823708329,152.86397319819727,-10.786897182253723,26.46161751359187,-74.58875229078318,17
1.048776917930897,9.645028550997178,-150.8765011555732,-48.10349417106912,130.70837339118683,-44.13919574093117,4.050610745732294,-134.18768877500287,-163.29565766513406,6.829986818251378,-17.317159682307025,53.97394918132365,227.08507779027553,-172.8530406118452,203.13751385345546,67.10534148770375,-46.383695839241874,-214.96840336541868,-48.406718817527725,-52.040719350982016,6.829986818251378,-12.307016131419726,203.13751385345546,-31.681399328677596,8
49.5848634987716,17.16789682487292,81.64873015840348,-8.439666633895818,155.9103591723852,-33.20876423691618,45.89591857887994,180.7649698716119,-178.56011149804587,-258.90379233113475,-111.15010737222204,-9.08880996963986,4.693319894700858,-223.69953130637384,428.00467953959446,-4.086952166994617,23.86712054002202,-101.97270667183282,111.19517190569731,7.300424483453234,-258.90379233113475,-37.0782750402722,428.00467953959446,3.2912723347829376,9
-11.425704427239918,26.562700113801746,-135.8768825883296,35.37710695160439,107.88388292103772,38.93824392891938,41.773094972347174,-142.54482375850404,91.93972257405187,184.66159871267098,-23.415473762885235,42.473559875441424,166.62192617493585,4.244730833541581,-255.45437500302546,5.764800046675129,-28.11300258990745,-9.258800898029236,63.51520455534043,28.98014208734862,184.66159871267098,45.87822996547814,-255.45437500302546,74.11991832771696,2
-2.514139898406318,22.483537350028946,-27.163491557256407,29.429267786193037,-5.946647551742865,-0.156380685426708,53.892617820584874,31.54625824013726,-132.30785868563507,-32.206033408617415,-67.1699961897193,-148.52315340355557,155.41861046401837,13.174996625921054,-180.85495897578295,-15.627094829780217,-8.365126812380547,-59.235977358397065,99.50813755427399,11.351182979134489,-32.206033408617415,53.564469892725626,-180.85495897578295,68.04611080878858,20
59.42036028078482,43.92918527802855,-31.906205510941543,9.506383685388965,-19.553497253468084,36.724355326342064,-4.4125500400622695,-46.59517955050628,-43.71653662988895,61.721719257448896,83.4117711504999,3.4161300786839455,9.554573227840573,-30.248862224089027,-118.70290733145892,16.858392782531208,48.586490687779985,139.54357589418638,-97.62264340711295,16.44338975836684,61.721719257448896,27.91939843524025,-118.70290733145892,35.26301558232129,11
65.11395818035368,-24.7957461075891,21.145135722533645,20.40553160063154,35.91372791101111,-20.726239491324915,45.42214148470249,-21.529743984278618,15.921778322798383,70.63474648263062,-86.08358096190882,49.5160577465832,29.887545576738237,57.1891917381915,-35.174595378361005,-21.020516010257275,-22.328798920599876,-14.247449484292346,75.14627526463472,-0.5217928093828859,70.63474648263062,-55.6576891846294,-35.174595378361005,-2.9709312089487483,5
-82.93978252729403,37.872657113008835,92.87480892616568,-43.354995670551304,-165.17758484647555,37.19654370122701,-28.27308555155308,-10.761256017392906,-65.40097068657654,-84.85858470446927,-60.756843849418786,-44.79841634080181,-52.44396768957504,115.03675038395059,-53.16766818180458,15.807157531869445,-28.39540824235118,-47.80658108248164,-8.352215592099892,2.0017633949706513,-84.85858470446927,-28.470351827473877,-53.16766818180458,-14.495855268771818,14
15.535200704721825,4.871202450681624,-48.86106650047404,-24.81716423891924,49.47812601071039,43.971271636728545,27.570173044389893,-88.67534405694579,-47.436184608325476,246.87258556067695,-11.92055596778352,-137.75512217989734,-41.64710035797331,-241.33779116737992,77.94061737026418,-34.610447150089996,56.67029220421896,184.19704717096369,-35.2780713226628,-13.454321125539428,246.87258556067695,-128.87252301390464,77.94061737026418,14.63645613790395,19
19.523971332188108,-23.638703274491718,130.27253111944438,-20.4152943229802,-63.18480552977195,30.02068004106212,-29.752267017572667,0.45094187182557643,-23.658883847071287,-157.54220558170758,45.83118049576648,-25.47525358145255,-32.403974165140056,128.75689857847496,-46.62758805422996,34.43855726935351,33.84328514792855,-34.71927159723168,-125.92014713463718,-62.07101403145832,-157.54220558170758,-56.090250160766104,-46.62758805422996,115.29614727314348,3
-33.164084931841764,-3.879949573607921,-146.09258467724493,-7.058483857079558,-14.392298654284929,16.78047907721698,-41.18773175675016,-112.665142075998,-99.86917715766516,156.42066827960005,145.44143447283324,85.2839940084961,-57.87563847727167,-40.64520665143939,-122.7446434478843,51.84480777977892,24.376993977424313,81.8997553462103,48.21644815564311,-32.97268314218046,156.42066827960005,179.39177089987902,-122.7446434478843,-54.802169360909744,5
9.242465556902923,-47.352388975639066,159.79575235908575,-25.788810608681647,-149.49591573681715,-9.550024573753754,-26.671708760442176,-37.3352126794789,-216.96919593249103,-41.14239758240312,-17.84854387833228,159.12357320384467,-68.69721028834684,113.85018127821489,236.92406922361113,4.71800992545127,5.31739327898349,-55.18556540435057,-39.10644619746321,-1.0057432451883694,-41.14239758240312,-145.72514388218286,236.92406922361113,-163.1729733518663,14
14.53244589639922,49.98951256626072,145.58172289592687,-28.11182115926908,249.5463043400702,-19.287987584449347,38.48356547341424,-22.892345361896496,139.3778834779704,-200.91447983396674,94.32330684690676,214.98406115107457,-120.67408887523808,58.183156580726504,304.42103754462045,53.845569936255664,-50.447212732426664,-41.825906029831174,-100.53736810069117,7.069934195589626,-200.91447983396674,61.13888021694979,304.42103754462045,56.08372113503439,4
18.090512426237407,-19.883696042885404,18.244737460114653,-33.042076895294045,69.36948415837642,-33.32247872242794,15.564105191814853,5.810837488284282,-35.98881494020061,7.799793411703573,-7.397737583038815,-129.6637862615889,171.4278354267973,-103.80254182200429,82.58806658942811,56.93442442403571,0.6105740911501686,-14.505200477823594,16.792208101796895,-29.019747753193034,7.799793411703573,-29.452662899996092,82.58806658942811,-11.304971531305492,5
18.656435355342452,40.56847672256238,-121.97501321476085,58.05797787334925,-67.92893231832778,20.809405452130676,-11.464052893847295,65.94179743501562,-99.7838125041345,44.712198672114994,48.123430597948804,-54.147456931249074,-42.31657863766866,-174.5363683540128,-16.90940408698657,38.29569723497495,-18.331157317151693,-30.79925344769935,42.56333672600478,-30.584618415016816,44.712198672114994,-119.69427433897337,-16.90940408698657,93.59440928546289,19
16.281141496740606,3.5054587625144635,-1.035259758284659,4.8939393461407725,73.53112187766827,2.0880862112459826,24.776560736817828,5.692282041106287,-92.77157682225429,-16.566383083035333,-23.508181970230275,31.891158615803743,-7.15460962416226,-16.456059204234403,113.2407738655019,27.134737323169745,-71.89006083713791,-57.124979162073416,141.27140593470926,-58.88540411301363,-16.566383083035333,105.1797437882842,113.2407738655019,-76.12124783285903,19
-17.873563857550078,37.39297844221903,-16.021561950129172,48.35656650317037,-15.753727919356866,-44.01262306223625,-68.61514882328541,-50.96310033766672,-43.74554674833661,-5.2192332747597225,129.34407602694367,-30.299224580831815,-29.3649650196527,7.004683689253328,168.3215808524031,37.42057645955195,-19.180529650502194,-98.0737650448181,-136.71632720724912,15.85396211131563,-5.2192332747597225,-26.079249852602587,168.3215808524031,-46.93014044761625,6
14.311263125398522,46.28639349375582,-0.16234919565181194,47.98028885292741,210.0239597448013,56.31863505992527,49.93711414307007,-44.26291220925069,19.34446218864138,139.0994432572054,70.56285279860171,14.860728359946428,26.006085181176452,-109.31131315443649,267.06071647948596,-18.758698827739302,-15.16824974872231,-25.73456917523088,133.24865493440782,-26.172402612061934,139.0994432572054,9.82853123084345,267.06071647948596,-87.89722887178928,7
-61.33179512105566,2.1497674185814866,187.01675201965386,-34.95761749361287,-112.22099035999891,-16.12025887690594,8.303809541810764,97.26309877539315,-54.876332578615205,-292.42782268429596,53.049934875881405,81.04110005380312,93.88578133197367,-69.88679934156424,138.8412438645155,-5.251920524503943,-24.381382800210247,18.392011346151374,-48.30124511262116,-84.9593854878568,-292.42782268429596,-73.37895489135373,138.8412438645155,6.84623353297507,11
-48.20285271393507,7.785975821536883,-24.65343675077516,77.40449486841835,84.70750489062532,2.073766868888279,-0.08453497735421299,29.668453712171548,51.84004034488348,75.8287746722763,-150.07374105526512,85.00340952763372,105.0041576193149,156.19665124418626,-183.19315999645414,-8.910662343686033,16.217904343016972,45.83111073210685,-8.841799704212248,-14.25420588414088,75.8287746722763,-10.676337356313583,-183.19315999645414,7.504165380539205,13
-44.49307684824554,49.62895063077997,98.32768760142905,-19.761716186356967,32.963866517411496,-96.81064424394486,-35.81131887794315,-65.08857153078816,94.80906649057513,19.38058756934458,73.42001450643374,166.3620562250684,-71.35578854365285,167.6570590440427,-57.78495712066476,8.6374040269836,-11.189587161746303,49.3162080682511,33.1523324220274,-17.829967934738388,19.38058756934458,56.248810966773064,-57.78495712066476,-8.172341661208318,1
-31.580360134568064,68.88674070719317,-133.61247365253925,-28.175340217947454,18.468203931880687,-8.038725680079082,-37.216256425538525,-136.0206781888404,15.197483662793783,184.81877010523445,-129.3935311556964,-29.66343766259568,-64.15630851799546,-21.3069653220969,-125.15462383782469,4.290066570384374,25.473850504706977,79.85410603473362,6.437329741585485,45.4230925951654,184.81877010523445,119.40084028093473,-125.15462383782469,-57.27857520189369,8
5.776187517338503,17.972891167526438,109.8593207854586,74.15901932841668,-4.165615737895365,75.94852500312145,19.460887993948127,-91.5070889332867,163.63862819512352,-276.586803707374,-33.4844411330787,17.59127175154692,94.95669104811125,-65.23135531449797,381.9823995303798,68.29724967667369,-30.750726538751007,-165.70951219568795,-191.74095688147207,94.26984485663105,-276.586803707374,48.03658191405135,381.9823995303798,-142.78236976150365,6
27.717144993988526,16.330255946471976,76.79895169502446,-20.202101210153188,-129.4978783442812,-41.06564561624964,-74.59574710463296,9.373390016266265,150.59513258273392,-107.52540162013918,58.754888539275576,-33.387916156898605,161.73509694707826,21.769344782602708,-14.380683104817535,47.54889123900778,50.97429490434063,-28.174077875075717,-100.89827594163481,21.055107503138295,-107.52540162013918,-51.741821102726405,-14.380683104817535,-43.044873728437864,12
-71.48378340494043,13.990485398795268,-23.820681600933145,58.19566997791053,37.886434939607845,-48.721360033065494,-66.38978041377489,-32.94330647467923,-51.76279778504464,-7.385043413340031,-7.472104339091192,-104.41748459728811,-14.004451673670593,34.32267732243466,-14.910731807197259,1.1969515098616959,39.11329749880104,-82.03935718779428,81.14575914697949,-16.827739602604815,-7.385043413340031,132.02515242797563,-14.910731807197259,-10.357590002656183,19
50.56142381009903,-25.891575641396347,120.1704311773647,-24.146136235930978,-68.69927892140268,46.417376784717,-34.18275823657542,-38.716691657938554,142.75793390578247,-133.17721829554839,126.49009808656575,-13.230927422119567,86.81953095887638,-1.2858920983205957,31.20891201908154,-81.85950517780205,15.715635268377719,-48.84510364517135,-61.29199691635467,95.0898769878463,-133.17721829554839,-46.64531494392216,31.20891201908154,41.73108982754506,7
26.52013037915559,-85.79383784086781,-93.77547833426905,-64.37453822790967,50.61358014929642,-50.26885963581822,-26.779865839084565,-112.97195372859872,-92.14661805400803,132.43468134153008,95.93584915250759,34.76879862555255,110.46931493649055,-29.91605561504589,-108.97790510734649,-5.032007352610014,-73.72702995612286,38.919040849644155,-19.778093283676995,72.96538133397875,132.43468134153008,59.501867710191156,-108.97790510734649,6.759297525430825,17
-22.260498810212674,60.082813659312876,1.279698787692709,7.61248520392515,143.77712298331343,-27.559381497482075,-36.318272501032446,-24.92976294878715,-115.27570486959591,176.01546952524583,150.32822583573832,-9.744083090689566,82.26885438715297,17.92592603999563,159.6644308911143,54.07942459502573,104.1160536732848,-12.374441858414041,-3.746394618311557,-13.626956694843917,176.01546952524583,-62.67775048689056,159.6644308911143,-68.17667172499162,8
-25.609360455079113,-24.448579745928008,-18.52907446418702,-80.79639677464968,-45.087983590960185,19.76061771936895,-94.81541597400624,-20.144036101791265,55.55079520737209,-20.376725881646184,9.252306859181804,-51.65529086100051,-24.296674532124047,-127.12143219171317,-1.6502951118125346,-68.85385880186617,-26.78677317385763,23.15772996171465,59.363017752984675,-70.23907884511289,-20.376725881646184,42.28031080737687,-1.6502951118125346,8.785779265580773,18
37.93744137592944,32.92572503703877,-139.97810200051947,-71.22241112495986,32.935058573200365,-8.707837681085266,6.928508451159575,-32.659434706781056,-92.13627636527319,275.2033465196671,150.35020899593746,-152.36948322101213,117.10108636698286,-12.668736975247628,-228.5201114842797,-24.908536897593883,64.0929198872422,26.563686384224994,41.14149545045997,-0.1019967181018144,275.2033465196671,-51.54117391675051,-228.5201114842797,81.10091601357608,13
61.60407427515771,-21.54370453862478,-103.9659202141053,49.92932794353244,99.81986720575495,-6.4645534483434535,-20.94453778892275,-48.56904367807063,-56.12650127681672,-125.6030409651776,98.31727708189142,-139.87351766960091,67.47189000601247,48.89170797035888,-167.43469513143964,-74.99877671472095,-41.091545986566175,-129.2127014102686,-179.0217376185243,38.76602042105686,-125.6030409651776,123.06217333741276,-167.43469513143964,221.61923297570223,17
58.71419806854787,-48.66895166636337,-86.12464123851328,34.34169264941153,32.52664598701948,3.5960152364042237,-17.327201077256838,-65.3809518651752,44.10732217065668,207.213469555289,35.83120282624924,20.86472079749191,-33.13596110748021,190.11124100108847,-299.7374160691822,20.929647634082226,21.66550784751424,38.3183690018414,19.349737648550747,-38.05780790770471,207.213469555289,43.67070973493726,-299.7374160691822,57.9619501855127,0
22.918662445807033,11.578339218998828,-84.67770078534343,-13.73785800954489,164.75848331980762,-7.316382656947436,19.995646332006363,-87.73812333601747,22.741329793346008,99.30745598383757,56.66267411794341,0.8442312459211632,-95.8253748960737,-50.65211208241476,106.07236095173221,-38.06602110879812,-30.431985634560107,-171.34743616580442,65.20484882814601,8.336218787419355,99.30745598383757,-69.68220455845693,106.07236095173221,128.38573626152453,20
39.36483787078235,-1.980426916691471,-179.2198302917569,-13.118154073931569,-87.08533090136909,23.68212876469935,26.476454539469458,-59.071534405466224,-56.4985890920709,316.6976723257385,269.5138079224483,-84.90881299789964,-16.60268246066404,-10.754037376186808,-36.25178367624137,5.967820751635015,19.67148133795771,8.288338115979004,-30.25538172861523,-25.431853959630295,316.6976723257385,-6.3905315369664795,-36.25178367624137,-127.88907420439868,6
-59.16484900078765,4.599239717876755,192.51993436285437,-17.943465553053976,-24.31345619191888,12.126198715095724,-39.411099879896526,-26.70872865343389,29.931417600477594,79.5259374402446,8.878702162205595,-163.84504196852023,1.0785117804250932,131.24692576660746,-63.32887505407307,-5.1034474937052385,-21.187187968508958,81.59380298734195,37.90176846252393,-2.6450441845712924,79.5259374402446,-87.25848040407914,-63.32887505407307,20.859983605332665,10
-17.280256235195672,50.10045716309353,-113.04155111837812,-12.18744130906183,35.87528076180527,-16.0561066327186,-11.924603589503525,15.238312175889238,-80.20135512226395,127.3565832393706,-29.141837791943495,-40.937145858667506,85.10193147396618,-61.527810571291496,-101.86964724526747,29.97362866949754,29.237957230799125,172.7789359616354,23.626940471750935,-4.375242928765502,127.3565832393706,179.3441736368183,-101.86964724526747,-128.0031942415034,12
-16.848343819540023,-20.456095867472225,-21.63985763033514,-56.355128244144396,-140.3114187744966,-17.545137816486648,25.193862527080647,15.682966839726538,50.417966733755236,-22.76216352701082,-19.30760335311139,-54.78477650632057,-13.071814787893565,29.59654504237843,-127.10077103361748,-20.78449767035508,-32.26006189823683,66.0198340392683,-110.11965749993348,38.56647693282224,-22.76216352701082,16.88279587664331,-127.10077103361748,-20.68857869423124,8
33.53694214737685,25.712593925479986,-93.42472360377829,1.538058650365868,66.99381362691204,46.077871618947,-24.698278316004373,-63.32584620163548,-75.38290980213144,346.693553787009,-43.86286523317736,-39.33445717091779,194.4014847387968,34.285833736466074,-159.03092491748654,-13.625118497383813,108.24345599224962,71.80808365380713,69.9103037057424,44.6882805895794,346.693553787009,-93.75131820021664,-159.03092491748654,-62.884900898167544,9
3.440606860453616,37.18063584526714,75.1978986665851,-6.4256685297277905,158.27941755598525,-76.20245429680737,-7.458408711342929,70.05396606634571,16.703220197887283,-217.24447467393497,79.44774522162817,142.01165045632308,17.2738410765802,-3.9188003969428475,199.90812670579032,21.374572123646796,37.182725913971524,18.460439985729167,-92.53425188784718,11.014564158266893,-217.24447467393497,120.85917643308527,199.90812670579032,-9.451368298643793,4
-19.56379231247467,-35.002020033207046,-171.2606730502627,-52.67722384308952,-52.746831191441274,-50.786418714276195,26.547064814838514,-18.248801449768703,102.54205396687524,34.29986402506904,-1.539411460612472,12.442943204263344,-26.21962622537822,-73.58811991535723,-167.93421459803466,43.97246331578546,10.147258675191349,80.22611122382935,-96.55147552192875,92.63338769434696,34.29986402506904,107.76507090831373,-167.93421459803466,8.593888952387196,5
2.9607058096960026,-16.113546847115433,-12.477629188439746,24.084628079416785,55.15838425718408,-4.401826318545237,-14.7435168352738,135.59070444156404,-22.823412317786484,-73.27291015478059,30.608529012132024,-18.47000013797299,85.95867227866802,37.467465681282654,105.38229148008286,-32.102183049077496,36.6772454871007,-136.52990964077912,0.21451065387153356,-31.3189556844992,-73.27291015478059,-59.255160562649905,105.38229148008286,-3.202580684551095,20
-25.44424197832479,-47.39299301322349,179.3879587855446,-6.110349145132461,132.06021664332553,48.97465720541898,15.214391296119427,-86.97020574300868,2.321059333172606,-143.8642066184266,-196.6286291945437,13.324009720204447,69.84963929990256,-13.585331876621725,23.262224604992046,33.11405751650787,-5.626008284491485,51.64940660522924,27.959268007358602,43.54160678795432,-143.8642066184266,22.697196195255653,23.262224604992046,98.20483475315584,1
19.871540363104398,21.097216503538156,92.94248811417577,6.446326217890355,-86.95376959320927,-53.966426570560145,-55.88339171240767,88.65086819921183,-0.4313529000321381,-23.83912371801817,26.290985523619092,163.35877581885867,8.418381213160604,105.2957797348439,-236.88228120057306,-127.61295208944847,4.545772836740644,218.31959703692817,-12.856763237126119,-32.79493348596362,-23.83912371801817,-37.92155888467549,-236.88228120057306,50.1162053735772,14
0.8857430983335504,84.86423234819316,107.62682093973748,-17.448459042350763,130.42338627269228,0.8531694916451028,-15.637083426632369,38.28631337699496,-141.71608162543262,178.0900703296063,2.275320863321477,-236.82854547783677,-96.92901207858264,-19.53605943111908,328.3787366382552,-17.441338062981615,41.91590838027133,3.4914814069454803,170.27983909308352,48.53356766741267,178.0900703296063,-33.693629372642725,328.3787366382552,-152.31128185322774,10
2.3777635175250724,-19.856344681025107,-97.59764447217603,1.2885563630609052,-135.76653893352918,24.611305628724075,-42.29366194763374,-92.09009619641746,5.184645338157363,154.7470022993918,-112.14182536280525,-15.544290607838738,-63.09368748807108,110.29692526293466,-308.6233212267659,-45.284828961220775,-31.739989049334287,56.61714199704456,-67.73146181041835,-28.4807542203416,154.7470022993918,-30.883683163426205,-308.6233212267659,37.81634322444627,0
-81.35812139968627,-26.208172797689514,131.832515682519,11.310215839830045,-156.7482087410164,58.52000354905991,-55.914931968349876,55.165810140392196,-111.02951170243225,-110.77985343672302,36.528025554526394,32.50886107702872,17.725607546659848,134.23229428143645,50.21773813662959,-33.24655835589711,5.189946523263448,-31.851804635833865,21.135769001552738,32.77342653222638,-110.77985343672302,9.552187020805869,50.21773813662959,-129.18093802028818,1
105.28269177386011,-25.12612979882234,22.20649350165597,-64.21492687260499,-22.377009874863898,22.314205433514257,84.82610472887472,-87.89962089754489,66.46122724876861,190.71311449587722,-105.9396709772169,-10.763691516491436,90.5206644060712,89.04710939775724,-161.66291256410597,-52.23469671433389,40.397513207810825,24.435690129293583,159.6950435194851,43.024824083273465,190.71311449587722,-23.664699154552935,-161.66291256410597,-64.4661330733575,15
-55.99788694945252,2.3330719625550236,20.949326544629816,-27.547803879304947,-3.3879121139621615,-7.683326529122869,3.714404326790036,-185.72202612247565,59.21424117882214,-77.08804253733634,-64.86036330217223,8.740102051042316,83.70325003888206,25.14140912863691,-67.24010122053302,52.793064420365056,-22.95543662794328,-145.75074850636653,-73.67421070190215,-29.377126495158542,-77.08804253733634,-32.89060245076236,-67.24010122053302,117.98815950775864,8
11.883828198457962,3.0034765169474453,-47.30736413026339,-4.254833723237849,-3.9018532725279087,-12.736500063382419,55.43300336648298,-20.351469279651617,35.30550505023137,33.03746784815043,-36.84372858677459,58.54400515683095,-8.588304387793354,3.734921167113505,-11.193719496998698,62.53129167524277,-54.18916251386538,6.668302978962002,26.37647150476797,-70.62204834961949,33.03746784815043,60.4867839986439,-11.193719496998698,-66.56243420478427,1
-7.243537565883687,-14.302088150834622,-106.92109276426282,56.33253039364525,-103.64280574575528,35.3155119939503,6.292880607213384,30.55856553579158,-40.9360888978624,-67.1811900344542,-39.425575020675375,13.776675545048525,-34.011812604128934,-64.67264483592112,-77.86246560800086,-68.60417907248828,40.94415828360992,-11.793433714897859,-13.459594433092853,20.287677309479438,-67.1811900344542,72.81098056461911,-77.86246560800086,-5.603312151521012,5
13.471419001168005,10.543462394992728,27.200607621662677,-12.136579554400086,-45.46921365872987,12.373711504999047,-3.7606749554055767,-8.15100810842322,-59.99572880691492,48.922440203046236,-9.287163408673171,18.411427968678858,105.79644048432417,-44.93864351462378,-38.71253676112222,13.313488924621664,-18.2953324257921,42.611329238962966,98.23640944135504,-36.62527591498227,48.922440203046236,-32.94313671827422,-38.71253676112222,-42.257576914286204,7
45.51774613420953,-28.710057777115153,133.68653835082054,60.20582338945752,-65.5927222095878,-17.165880785696913,20.821615604919515,-9.71090347282579,-54.34099339700013,-69.63609806907787,77.75313715616431,49.04211443198024,39.92942845881255,-64.81488522672056,-102.3415484565102,5.675989117381545,-19.2940512574951,164.47737664498504,-93.1201184468614,-9.743781698393384,-69.63609806907787,-156.15458302243195,-102.3415484565102,169.37207272607267,11
-53.39373220431245,-13.674080841364722,-156.312333867591,50.69074638584291,-25.402680241265365,3.5440577289315076,23.416015357764962,170.614099451875,25.293452437768522,5.8228874972957545,-24.151857143674917,87.11532704073674,-22.72851878814441,-124.87018449568602,-36.76295058666135,-30.460765478002486,6.36590238577713,47.36543087954008,3.7236530683433244,-49.719179918825056,5.8228874972957545,-55.29571292214203,-36.76295058666135,17.468464475620166,14
20.372278954434478,-19.404275022951172,77.68224610054835,53.69523278344375,-36.713226183739366,107.03746898819247,-19.306984409616334,-5.6380680221818436,2.2124119076115756,-169.26867719149317,-47.862145841897075,110.33108598674502,-95.10754781444895,66.60897170499275,36.9634729210313,24.69175619803724,11.660855964629812,69.41933009472345,-187.3645145538762,-20.17407138761126,-169.26867719149317,37.672236340667666,36.9634729210313,6.272517527254955,7
-45.25616348279621,10.586343856663348,-46.13105377621302,41.760505548594644,-8.679669331264588,-35.69975146363037,16.749523966591376,16.58632007703511,-15.367670674505085,175.88023562757942,71.08026657827564,-166.75176344850655,-24.980595199347793,83.16177294533524,-223.38526535569744,2.1454655605859303,7.418399507930099,100.3573865105979,37.343330176154474,-4.0721326454702265,175.88023562757942,52.33943687836175,-223.38526535569744,27.036139144375593,13
26.474907871600823,75.02764608733727,55.728289718117416,-30.308033186524263,-100.46169079113648,10.094010916493977,-19.777997037280308,-40.56302688017412,-89.18573568013844,-160.96371235350318,110.529397199601,64.358080987794,92.16508002650066,-65.30994560949316,16.815471425043683,51.53163623506412,-94.25690864976063,-105.94903919177287,6.124760844135757,18.09175852019413,-160.96371235350318,-52.641595166251996,16.815471425043683,76.27926822870256,7
-7.617111902915164,-68.02889952702081,15.41103492614059,40.23557025045028,134.91158801330144,-89.2343312467574,-17.004712178395373,-65.96312806328505,-9.829130415596543,89.24462183343051,-56.398795400701694,-25.751465529851664,53.41395345630186,188.3877876689558,-407.020638576902,41.23759142377452,-25.431352722902346,176.44622497762015,21.976755481778625,-7.178219689487414,89.24462183343051,171.4060466231587,-407.020638576902,140.6325403960539,7
-11.016885576329283,29.33458342290203,-13.948044233054869,-76.7418414630134,72.02856982037788,44.93894880758863,-16.28863513839981,77.21703880710368,-54.48949828000074,-59.28355856034813,-146.6044706607173,-80.03589646366287,18.777397713151693,34.31440826428666,53.57329843927089,-0.15652526305474576,8.528025712955156,-79.59628325649912,149.730003975136,36.047037214038724,-59.28355856034813,152.44889341425753,53.57329843927089,-89.67872603303167,19
-61.71888720304787,-22.400392608492517,-75.89170015728422,-37.48211443976694,-5.7354182777727525,60.86585306442543,77.3105771159642,64.5799919281707,88.71231608533009,-64.68071801157542,-68.83540102754462,47.70116848124361,-90.99802425302691,98.75282099354138,-139.56639575318323,-30.430207717670225,-7.172919513970876,-16.19299647133637,-46.12116803378921,-17.787739313493493,-64.68071801157542,76.81236533249108,-139.56639575318323,51.114017316164976,0
11.83295575567875,-59.93373491041089,-52.64079169722315,39.24040313302072,29.557901684648105,-54.22794427628715,-2.6963251349609454,68.32246323644596,129.55714684159335,144.27356081490237,-61.1175147886053,-137.36169757984908,43.89480308196383,49.63961302260884,-149.75690728720645,39.866119614827525,-37.59481371683367,-32.70032754983813,90.66214099101262,-5.904247507422154,144.27356081490237,-101.66722138891565,-149.75690728720645,63.56238263714046,15
-21.605281459696126,-5.983443671419625,-125.82248567073793,-52.84659381822343,-112.96867834460969,-26.605047704978624,-13.242754370335552,46.48555464830829,30.682662152058526,269.6977378572984,19.859338741523487,-202.43010281662112,184.27978797173552,144.01021959829745,-286.48025708909495,3.4063941543118945,83.15188933292724,-124.87270314694553,145.83827908394971,47.66808238107103,269.6977378572984,-101.27083601648542,-286.48025708909495,-43.677426163159794,9
-55.01444053399566,-14.595331335262822,95.41062858890123,46.06118552319646,117.15251902604813,19.330537711275305,-53.135734218090406,35.78677643452071,-139.60540757112804,3.548165488147536,-92.46120011108198,-117.81887071936939,-45.807247498343564,-57.53313589553544,189.80764463046404,-14.215170937779176,15.952306372034124,80.19511228062612,-9.812817049393754,-23.875625282098305,3.548165488147536,-38.80455574319512,189.80764463046404,-9.639680706653344,10
46.36979955590216,69.32939934914931,-86.782360806649,54.02379744996356,-26.31317532629236,1.852139916503087,30.977815943039822,0.23818246165189905,-1.935882323379401,272.03634510428617,82.99122320279544,58.18135599775724,21.271621951525155,129.38143082436676,-297.05438761285643,-9.598769749726882,4.1605375510114,172.5301934474382,38.37815352474165,25.92083220828121,272.03634510428617,22.289219288266587,-297.05438761285643,-39.06504545580908,1
-41.026048303672475,32.937307812909864,48.316272404634155,-8.499597174371733,182.52383629734084,-29.818015333123693,5.512786939815326,-44.88364034463983,98.60687345949606,108.87363910813883,-132.60182577756905,41.58705354313533,138.1997980760398,156.06819383208278,-276.0262460021137,-11.401361431453282,7.355255178580306,162.5790218596164,113.95101366565467,-97.17956098680176,108.87363910813883,153.10211957317566,-276.0262460021137,19.45856532104246,7
-63.493653509898806,-32.72110048212546,118.26958119693299,26.41942026926136,-74.14992824244985,-11.103295803437996,-8.563670219949449,45.27419157533344,57.75314673359874,-323.7367484008167,65.81645180024154,24.76978569171773,-117.47318801206333,-73.64559487911637,149.94048903629778,65.58221157589684,7.937256559380996,-86.86649122530102,-30.122965153211805,43.1727867933916,-323.7367484008167,19.83390026328149,149.94048903629778,95.20560759783149,16
-74.47556544901617,8.094459400922384,49.59761554013198,-137.70680997406453,-28.635880926890394,3.7388252323602975,26.09705548895509,-103.91490260471875,14.704427722704745,-38.153889575923394,108.56677676839237,-53.98471716007991,-69.07560912114872,-101.29433344963613,86.78732238104274,-50.39040665377921,8.57075945441772,-26.338364121990473,-0.7026082841945591,-57.65839606724786,-38.153889575923394,-1.2143028610325635,86.78732238104274,55.0563996780116,7
-64.87918646516295,-26.563007308490143,22.640062904820827,-3.2167825919859236,69.82981494686528,26.980794002379756,-40.69095004151628,-71.87973686223211,-28.420426733090842,112.18584292329068,-29.33016649740402,-57.716613075683874,-55.78837224406905,51.174447392110054,222.16820616771727,26.8805669527947,-12.516357588438837,-58.36911169144401,-45.828340543327485,30.200201106352633,112.18584292329068,-30.811505294143153,222.16820616771727,-126.62554734852272,14
20.89128097542462,20.400866086076526,-55.148167032973134,-1.1875077196517096,66.07748071799156,-49.25227565189147,12.840713421705999,22.287787628082594,-265.69696951142225,261.57931295400357,-1.3585818752715229,29.00233447749276,-25.18370024749414,75.03413819733493,-140.65313557711275,8.543843877844848,4.875230787576879,220.7141796519538,20.452940227331098,5.721011851098074,261.57931295400357,12.301229443674764,-140.65313557711275,-48.51082814275383,6
21.661098196923476,75.37299423511719,231.7531707906001,8.846980552148022,29.581121926043323,23.170516967495445,14.164357623033403,186.8812537902845,-5.833139963588474,-212.42749481921263,58.417881523076716,-153.41424042567257,-188.8932601138407,-82.30376156804576,586.625040822381,26.259607051261323,13.22136863247861,64.70385024911273,-131.22379564014545,-58.48479117772095,-212.42749481921263,-19.767591849896714,586.625040822381,-187.27381221037575,15
-13.616166867279091,19.283816617143206,14.146550172413201,16.793631299739047,-54.60560294138757,-7.799845128448004,-15.44758767512218,-61.06720743539766,-127.23145972000253,-74.29905265235729,-1.6906300790049045,-6.9633555861772845,45.775287914183664,43.99055217684324,12.7189350747202,-11.999407661031718,-121.97116908581064,-95.51115013120821,-44.5218830916845,3.4481768653113587,-74.29905265235729,26.372518788441333,12.7189350747202,-14.216198468666619,14
25.901219091138778,15.926839342037384,40.63178917993674,-75.05031483060233,-210.7415776289007,10.870249588333369,19.517684340173314,18.21040576979052,-2.844943681365657,-103.52694755650242,-77.81661329781929,-113.28727082203858,-43.80563816983852,139.21201785783123,-286.5771876166199,-29.77951196202261,60.25856798220572,-72.99353590253351,57.32807957909419,-29.403631698298728,-103.52694755650242,1.9712941359895808,-286.5771876166199,104.19945192003196,14
16.938168948879888,-42.18552253932471,19.257076002288045,-65.71368144184422,168.93082263205463,-51.54145616435961,-35.109103030015156,61.89668511427955,-85.14846936192271,-45.708785906363794,58.46614288855168,-29.326947532273238,-186.73597970015624,-57.87329641338188,351.22525111555774,-36.36701976757856,-2.374039268963826,-69.59510415144044,-75.01647885408138,26.463987458487136,-45.708785906363794,-59.319525081385834,351.22525111555774,33.02136610500453,2
20.226025804206948,-49.10422229954581,109.18591406671885,-20.635834525110624,94.26189374835249,-3.6436367331316695,3.5010736436494625,-111.39826536378999,43.932925250597336,-6.823676789175526,-51.1285188648321,-81.04383729902615,34.773719909708035,-16.498827066596196,181.61546256797845,46.93876600090454,8.756476524470873,-30.46769813632536,-63.057439896852394,25.29665228789481,-6.823676789175526,-41.363066657011274,181.61546256797845,-15.338921351670503,6
36.866591014693995,-3.1421505456387826,133.2971606129915,11.189690989901129,-125.64084964650206,46.8019701276461,11.713951559733669,31.29612151727529,63.27044677803252,-216.61614708489725,-132.35245081588832,66.66981053890248,-27.215349394828145,-22.88014568946255,124.29495250857954,77.81175565043806,18.798964843676927,-35.79982348921262,40.06630914023848,-71.96798435076713,-216.61614708489725,-6.7972196630574455,124.29495250857954,-71.58278560041522,1
75.98733895421967,72.94962314086179,76.3689989389189,-8.543308992411747,107.17909146366972,46.883997499118436,9.875444625555465,-18.219613887852155,-4.925459238911989,-120.13610565919974,22.790417661827618,148.39173237165159,198.66009818395872,56.826034262520366,209.66395156498376,-23.539138776372937,-17.15782758972566,-46.399343084327036,-109.0182495918222,92.54615471666852,-120.13610565919974,64.83238862151279,209.66395156498376,-145.37486997086043,12
10.08672873039518,11.13607401695072,188.9431118223014,28.173921268351204,-218.28468397213658,17.87790396619918,-21.18667367150236,152.47425761889292,205.7132353314862,-363.46209231106616,37.262006839396015,36.69813348684793,277.5204965092754,-135.23717073153296,284.06240619997897,-27.472815656163647,-8.661492979890575,-104.7968394493056,-44.608604221971824,-34.45927750757396,-363.46209231106616,-117.73086149290938,284.06240619997897,-166.98194530105246,7
-2.2570855227141218,-65.18489502201297,-6.963749173831135,-16.034778021352658,-175.53365984509338,-32.665998554769864,14.80912043328293,58.05419227367017,66.01362324920754,-120.32413191268824,-13.59051622517561,24.950479627322906,86.18553126130439,-84.89850716801956,11.608366654812407,26.185467942189998,36.11608054109174,-130.140834580285,106.22028237973583,-17.448589456240736,-120.32413191268824,-61.64277454552063,11.608366654812407,-36.08462746830193,0
36.28868613391913,41.918473680540195,32.10043027682502,-19.71377563344969,-105.06597446701767,5.317124185761504,-54.35830002192907,71.92992145804097,-2.663500961488907,-144.45136209365663,68.96414037857785,39.32979041002102,-78.41765914382631,-27.46434770005656,66.57171957955926,-75.71867225177108,102.92798314589406,24.957874738962545,-134.42781968326403,-56.28414312313186,-144.45136209365663,-40.89725860410289,66.57171957955926,16.03393279450952,16
-1.534846466791959,-15.995457079381277,-103.92501645677473,36.91509812176434,75.37984464608161,-16.011850943490952,-53.030754835197165,-29.668794246716406,224.0775273779583,361.30298246538956,102.4605792372171,-57.2114890060564,85.81566082867897,-0.5068055064192034,-177.89737710871282,-41.78070534164167,28.799333692416127,97.91053615817037,55.68075359806555,-28.515485912173023,361.30298246538956,-120.23750242303022,-177.89737710871282,18.3129617005646,10
52.5548646064894,-8.580604360126786,-59.375863749861736,40.602526462110575,-17.794985346769764,-80.11835001698631,-10.71626345687665,-55.938223862891014,-22.39130205960242,170.95929757921868,66.19884732942937,-176.05275611679215,71.51004531716143,72.50685145183708,-152.8073340304707,-40.45054110567769,62.04946905086047,36.62804216687932,40.63107329611004,-29.67002433765191,170.95929757921868,131.99246372902135,-152.8073340304707,-86.79871514025974,11
53.73563866396708,-21.18543112157048,-199.53390740413965,-62.48124911057813,95.77788414817962,48.6413523304774,58.171761675836926,-74.41461590984136,-68.76167399795953,224.3712816648099,-147.63759554604297,59.18870323600071,17.686157349423723,-21.189755709923986,-191.28111673587722,-16.730083037714078,-23.43608920847581,60.23721482443145,46.58208058659436,-0.6942932109960459,224.3712816648099,52.23110874293154,-191.28111673587722,10.316988399884863,9
-23.83905931069052,-40.55198133714268,84.71807929570281,13.775860451159298,-133.4887551911633,39.851524889333746,92.73131524991211,-3.0550386429115406,-4.519994579883835,8.521584516114318,-52.792613820306265,-41.875673587504124,-127.69958292624392,90.3923605208712,-38.194630613811164,32.87920886316649,-6.708147113429276,-5.8747456106784846,50.626885201007724,-29.84953881221135,8.521584516114318,-67.59672553106567,-38.194630613811164,-8.158369817399542,14
43.08480480375632,30.382743699247477,-39.03872977486142,-13.87931211603049,38.23324201862678,13.022305666788537,-89.4247101009713,-67.41520421621308,-124.89411809269512,139.95002073325978,-8.524891850485199,-39.85560447225726,-12.707923298944399,10.542594182600586,60.02555099043106,29.10150775072121,-10.532679808219928,-5.306479834891529,-27.07134711752608,-67.39124856611683,139.95002073325978,-27.18357635016482,60.02555099043106,-53.68489925285249,11
-19.039477777816415,5.138608922272153,85.84859475373909,-54.01705947595283,-119.65726532215628,-20.803556390357876,3.3080467647047334,-3.1972294807271595,-161.55346104603464,-77.96065594282824,65.50416156091528,-30.13068800135995,81.88097507300324,-140.53738041759826,240.07805011432635,17.52089036013439,-46.14531453439319,3.7385528015087965,22.82619552941579,35.12614178260926,-77.96065594282824,-1.642773178496162,240.07805011432635,-171.256792202685,5
44.78872441045758,27.191389295189676,-67.45924913653033,-17.395669112923066,-38.20955951688926,59.81681893427523,38.30224074019813,47.64938002231723,194.64479099026556,23.05472133520249,-43.25244200118283,41.97392322915866,84.9387742595951,-9.159631618738553,-117.24640407392522,-28.336235395470474,-18.11667342505722,15.184202543908839,98.59870026492837,101.3054128884529,23.05472133520249,75.24761601403998,-117.24640407392522,-75.33852603318638,18
-27.392300455858724,-56.08391829130611,38.284101509895855,11.077445078846758,46.357450735492364,-8.749422259766718,22.710282925276655,111.47076757807628,19.138259279485517,-25.507385033425308,138.60390654204969,-27.912194271126786,-38.25960090070686,68.09839187746084,-1.9027042281278534,-24.16898078410687,7.126715347520318,-45.69125789930243,67.23044750602789,18.90165532348406,-25.507385033425308,-28.902971591246242,-1.9027042281278534,76.70971304312208,3
-37.951821289644684,-33.50581614614087,139.60860796316112,-14.536588538666901,0.6950377542065134,-18.252143075609556,-6.350578128866099,84.46917695076961,-13.920233196650727,167.50362861997033,-56.22871504985043,-160.5424269909074,-116.83127828050391,134.78470298804007,-55.70224600754958,-80.83961548953242,35.51796775866153,96.29456547834216,126.34129783451701,64.39866626679567,167.50362861997033,-158.53425640051535,-55.70224600754958,29.93918780589982,3
0.8595848161834635,-31.07124758673639,-2.6199386301648575,-44.6459896417013,-159.52526125697213,-40.616724789208035,42.98799513535368,97.18199435916813,111.34774432757337,-146.42675963254294,-134.68435658505916,-42.84870038350904,-170.4160237713307,-119.82656257791834,30.881198582190024,2.5183775787324976,-54.814567173411994,-14.64604765076646,26.946022515990457,-19.35230101147962,-146.42675963254294,-60.724965277916176,30.881198582190024,39.82269721764452,12
-67.77876644175959,-54.490952336125034,61.35986081790971,3.1743364154304703,-12.586102940392694,-23.797897451737104,-20.01893178496296,69.34946223033526,-205.0321737377483,216.96565382896253,67.05447770074075,-108.19459580397566,-73.7552348587756,-82.62215936168641,239.69829305184234,15.852393047898625,32.308614294649026,-51.790884727787194,347.0126825645509,4.436195670230697,216.96565382896253,-140.29960377696054,239.69829305184234,-133.68107717156445,20
-33.72064439692473,-26.278828165942514,48.228765804774184,20.1393853541413,5.38591216852319,32.57917144277478,-45.33571181834922,-115.28588623441239,-214.70535460707663,-10.959244722759296,82.38430509810084,129.20481330121524,-7.194820886693245,-125.24507108626977,250.45360692650183,-54.443599153534024,-9.57232636596564,-27.653176707521794,27.65957228442895,-0.7719141811544884,-10.959244722759296,-20.918774473067515,250.45360692650183,-74.57904357950221,8
-2.1266339734071367,-25.53596216784312,-75.6813830498278,-21.005215906596867,-107.29270596648885,-48.70398764009062,55.94011480087798,-59.96548604182802,-47.367063630150966,73.79067964045034,-125.59770347883655,18.762564128995738,1.7004513983046587,58.147855012077976,-283.15285037127956,31.119331453677802,120.01734521895614,81.34207629242019,-35.50412517683986,14.968764185949745,73.79067964045034,19.923434723870876,-283.15285037127956,31.89377781721526,0
8.494668751295151,49.97552897452282,-177.91513850149016,8.412617280311768,-113.04665070106316,-34.94856907459891,-34.88454494727303,-101.7871870558393,-72.07761666648449,-33.218212939429165,-58.19215197290195,87.7256867400705,72.13893224430349,-42.54322409758348,-364.4448040397864,-7.7276570483473295,-42.79848774645697,29.25892156279348,-40.1836665788689,2.8078202069909586,-33.218212939429165,144.20968905912733,-364.4448040397864,96.64066661891945,3
-31.308060623320365,-6.635762749092976,151.05203929114128,63.02840589702713,-200.33867108363208,-27.69277229639603,43.72279935835857,108.83065185080522,-119.07257727333396,-81.2671419335129,59.23566217179591,-31.69416841801148,53.849862226218555,158.44543039812328,-113.77734302215303,-10.895266092296945,42.71227030748243,54.99420049917519,160.91425895291746,50.67111250817917,-81.2671419335129,103.16820025171322,-113.77734302215303,-145.6044529886936,11
-32.990748131797694,60.12710210610805,36.55158487043742,24.40526657333834,68.37225480586298,22.31551072680268,-98.66321928207302,43.01560735312684,-10.14781121870865,126.11856002538062,76.9903251395396,54.99867065934357,-11.925337646687666,54.15489828456895,28.497904196895053,6.894164918890881,10.846573225353708,-9.635498255060275,167.8502821837607,46.79630808379091,126.11856002538062,-69.1847342987254,28.497904196895053,-12.724350095237327,20
-5.972467070782432,-33.77163181276126,-172.86412102971096,17.863323308242432,-107.03198848495887,40.05951244566674,48.08417400325357,-94.86716808671694,-75.11140921192063,289.433088011987,18.29981862798337,-16.455776436430995,-20.45482432293607,101.46778853316094,-366.17495334295734,17.935272715739195,17.62508463104783,62.96230470782723,-53.64523548666541,-28.308961113018473,289.433088011987,-68.9617252911821,-366.17495334295734,62.836135269023416,15
2.282281391806904,-24.628075861629494,92.71423835135728,47.634230677786825,-199.49775671772468,-7.425582245219129,-21.926368878810862,169.66190289823956,76.6832673095565,2.973762933294109,43.335795473066085,-36.60345111159842,-93.80655661568773,29.473018526315666,92.41830543525506,7.530806327839005,0.8251097265047806,2.9226958230580946,17.6924600582685,20.415440448795174,2.973762933294109,-234.96614840182457,92.41830543525506,-63.42682609448321,16
11.954742124807769,15.462280039041389,-69.32395992793388,-54.263187435661486,-52.35825153936503,-58.44753749335236,24.443353192409308,-32.73429583363745,-113.41035100765518,196.3817274213217,118.46907467140772,-126.58505998223819,-43.682446407504415,-17.686450847386045,46.21013171111179,15.811423136844564,-59.818391064020574,33.183889175490826,-94.54298815273468,-103.71296152671329,196.3817274213217,-76.41798931923677,46.21013171111179,-65.23870601355654,2
-15.587221899469954,-19.351639891191027,-120.14829090040011,-14.86778693118711,-97.75829015533293,46.588372846383194,-17.413479656359186,-57.52681319981357,145.1425774239323,271.3286649928878,111.57555632720589,-185.8504301379919,-26.229167480180323,-44.11700916116267,-16.921672347241056,-26.907095555301915,-43.644839343505296,-117.22640608682096,79.97714318453527,-4.464788373654056,271.3286649928878,-137.288111234217,-16.921672347241056,-40.78385126951996,4
36.35730139715294,-8.76664260082671,41.465643086245805,4.780126916103511,-165.83892691865282,-29.439724214777655,50.09289162869444,-38.69604199395585,84.13121499917582,-85.52238067796358,-56.124811747995516,105.3717082811169,14.243797741211104,4.744631895682314,27.99663076248223,-23.302282183120084,-20.86996095069518,-44.78584565889384,8.692967623901051,-4.51862269441796,-85.52238067796358,-12.119871564501485,27.99663076248223,-103.71969345850246,12
-65.63078968029392,-2.510525769147083,273.8060599378042,20.35276856778758,-8.896049237297458,-5.767011710559356,-3.8931516229741088,-77.48563482820543,176.67568932743137,-328.11048384120727,-63.680384079646245,49.7893714162615,-33.15437453017695,195.1809924008199,-12.987179759737904,-10.430877951502222,26.844461450428376,-9.853480133842458,-199.07452429753937,55.52305842918415,-328.11048384120727,21.230442208641875,-12.987179759737904,130.96138145040388,7
30.32320804106392,-5.8953189519122216,-31.01526178574282,37.069804089157444,-56.08706302918652,-62.2083736371053,40.08381048158456,-59.79685574044126,-55.32169194273473,-92.75675063179166,-99.42124692717005,79.45526377614641,163.14818410466307,-212.87983194861297,294.20077361542275,-41.367444419127644,-59.486555800050944,-100.08735662071544,-29.672087685804513,44.87028769242127,-92.75675063179166,-23.677394904287308,294.20077361542275,-187.48323661705876,8
6.313055428295407,-38.45902369637987,-38.66581910601153,-42.94622165218699,62.886999280596356,-14.2274677428349,24.97735245145858,108.2760317519041,-73.45620832981025,-94.08002703566356,-46.58530466026705,148.64417542159458,-81.11712815421889,-133.71897369596056,285.38457206062515,-8.513216128692347,13.915877761128142,-44.730854350053676,-29.112330727164704,63.768723731561806,-94.08002703566356,-84.47495970205884,285.38457206062515,-31.183553898475385,9
10.61269697327881,-38.8267168751737,79.06249372490629,-19.415121378751966,-86.0322433883853,0.7534114276161606,-38.935580863647566,-189.55240231617216,-36.06229863029637,-152.7825854510434,176.5528489480441,-59.30990872132778,-44.15188255189661,-89.96764454339205,-35.80760348103085,14.432583842891539,33.78487371979931,-51.237675770963676,3.7583568172240556,50.765722355508764,-152.7825854510434,115.0883153952315,-35.80760348103085,129.4010155364981,19
24.473424842638856,-44.47706736079229,33.84243586187766,-18.755166865261348,-60.366089333020945,-29.54929118934063,-11.261307115666682,4.910323337142661,71.38864244432779,5.056057900985539,35.330759488990665,-46.929123877568024,32.34392810345012,11.760107585237476,120.34135905912856,-12.211304887039816,-36.47843716588665,-161.26723240776047,46.14394484526489,67.49975371832384,5.056057900985539,-130.4250276099501,120.34135905912856,-36.20106653975014,0
3.0398299190227247,-45.56806662144247,15.951667991173188,-56.79409414290535,39.92066365832831,36.021530538810886,-3.973782017699558,54.13843517758929,-32.80946491532571,-91.96894065101708,-63.67466060304821,27.946201851151038,-63.579318264963746,-131.13315025340538,360.77290478069216,-77.39130947008094,48.916837869798954,-149.8899465572621,18.82024081547786,22.419362022109645,-91.96894065101708,-123.8068604778747,360.77290478069216,-47.397516667389,7
56.09836167909262,38.85491791085855,98.4272220867631,-5.7244769330525616,173.82582125613553,56.767378487980395,28.2666862918337,-7.575543334891317,76.71438609713184,-105.1814291090111,-138.40621651330144,8.369035381619119,-19.762009851853755,-25.13381887803746,13.88097921714902,24.638073786149434,7.418661526009274,-41.884614614482416,207.5226353498337,4.462978303589267,-105.1814291090111,60.38111858895061,13.88097921714902,127.33189181341973,1
38.134858611921025,-89.23316502952757,-114.93650017455715,25.459860677387695,2.740389571797812,-17.721268763915052,13.489597540043047,118.27160686289083,-80.17893061134622,-69.2210701307496,-84.87842295669431,17.121967652669213,38.91559518692129,82.03536073393917,-33.623219170313185,37.20766995834158,-65.21966163214636,-90.32277890730393,-174.92643522144215,47.32053418551577,-69.2210701307496,-56.28810555500383,-33.623219170313185,30.454513070854446,19
56.79177780733213,-3.9728038212465484,-8.094992713953859,9.493641640785798,83.78296353253788,-19.217744551081946,69.59080974395724,59.31629818661391,86.20511424971185,-20.65570909879249,76.00917801802947,119.7868093812171,88.99553274852131,8.835349144689673,-24.20915195734068,5.357783205902006,-17.69338164693736,115.91271755957092,30.43571994923923,-49.44754608044662,-20.65570909879249,167.00286512190146,-24.20915195734068,-89.68415125870563,7
-14.780464777916961,46.78323497773198,-48.48306185240961,-80.83205427665108,-7.195477649485484,16.239612700524532,1.6197918377927258,68.43466986487164,214.3742622087977,41.18758651993143,-73.2483148097331,45.258316947972276,-100.92773741839241,3.1647278040008464,-97.25299945540576,10.789952617756594,55.278694039790125,65.91897997893902,105.91607862231584,-45.14194414232848,41.18758651993143,53.61904210254011,-97.25299945540576,-17.317622280465052,13
-9.73824187150903,-66.7425205128348,60.8798146464417,-24.544472639135464,-206.87979913076927,-32.64697809426377,12.478978746489204,-13.384095543361116,80.2695831197916,-266.0439264251404,2.1512172528703832,121.24140968069723,6.37845262008621,81.29259515651685,82.14654746982582,59.30942985921929,-7.89428357378494,-68.67824756296363,-271.07555424695636,-15.55279682658888,-266.0439264251404,10.098567944771686,82.14654746982582,-92.27031233948942,7
15.53891365381211,-45.599791222705605,-17.45833120461708,6.526659203396607,-281.72290485988935,67.67167994801702,-2.36964169140026,-76.44362330579573,-20.134824045641622,53.06027023279351,17.099552346770036,-6.705824216063538,73.6414349155711,-85.25122049105266,-420.58790895681625,10.114532213973304,-79.8192344460996,170.35611273367692,45.03970745402313,3.935135671776861,53.06027023279351,-53.71213608937582,-420.58790895681625,109.83484590942511,18
-36.37314366135961,59.115036938552876,-57.330323250576754,-26.246682932661074,43.6969044019002,50.02230278044502,79.81424213900715,-140.68787873546032,45.08994960494494,129.07962035309674,18.720643884786142,103.63492400501771,135.63052543986967,-4.192321064414397,-33.529010631985074,4.026631171276784,-11.293317539324194,-3.896951658021277,-64.74476078471409,0.46568345879284295,129.07962035309674,-38.51514233388841,-33.529010631985074,-30.425218235310673,12
1.1504879949845295,-52.82869870027241,109.2091260187189,3.2240228432155926,54.63353565742925,-1.2795810989529819,-64.30001215047078,-16.62348862757718,-92.30061473679885,-42.58576175309618,-212.5346456957093,142.20829179227718,-112.11074281177358,142.0087155982651,-48.89584789013827,39.209496867672634,14.137445245050673,77.1945386038848,121.76112971328155,38.72054641289925,-42.58576175309618,96.38524564724679,-48.89584789013827,-23.842272203069143,6
-125.54556450516458,-95.41501965071093,126.3745980077749,9.721012202271467,20.03808543323549,37.713902057506246,-51.370031366038525,9.048743585956714,-118.08190617401291,11.466476311240756,-40.31419316833201,33.38132327045816,61.69992254921392,62.97007489418051,36.2128555128954,-48.37711045484145,5.798332919100913,-6.187673846230375,54.24983743878954,-12.34413489493816,11.466476311240756,-143.1550897675223,36.2128555128954,26.009239518909773,11
-49.04093340308185,-7.0778231950847506,52.39502356274555,-31.21235728877774,-54.2242213654642,50.62693771470569,115.28028006928614,26.806484202219096,-20.60200798232845,91.52346291049963,-63.51078144490672,-90.332407290155,50.88083953700508,151.63682344467736,-178.2154803787056,12.457406205958213,-60.109392936096526,-22.52716239909608,33.40420752422868,20.046418693308947,91.52346291049963,-153.53854322684214,-178.2154803787056,69.94542556051515,3
21.42502081559606,-43.40323494392649,-66.4606007277816,12.014889115744277,-127.01486076596156,-9.468475842977375,68.3144650084053,78.06586059770083,-41.90372720361086,29.51772508821839,34.8626387821944,35.83935047904794,-25.13319615202873,-16.85016781578236,-154.89780930355215,-22.4992596815595,-18.742344209410838,52.187936056939606,63.337068283118896,34.74619023885688,29.51772508821839,-9.987299255336959,-154.89780930355215,6.301035958990782,9
-26.647420412036986,-4.953812488398185,51.511660686141774,46.64817655877576,-80.61280365906562,-52.93746082182367,37.72205277244646,-61.567922567122324,-167.61103766563105,109.81071086587863,-53.266230463202184,-9.567557085145655,191.89903176743366,184.94883452739214,-231.28241724950635,-34.554646659085776,25.97942366879755,12.447212513065598,98.93106854215719,-66.34343375663867,109.81071086587863,20.612770726171526,-231.28241724950635,-78.07930778446632,11
24.720814252147584,-68.08243804894276,-40.65729176542399,-90.29915892717106,148.03894467418303,-54.11654389872272,52.34882208849787,-60.634229321470926,75.10756026028552,-329.96346380438274,-106.77697575434556,-78.11172200331454,-139.51185717685914,-77.53217798207339,67.96366503666323,36.30163939532037,10.890967617336893,-235.2569335257018,-31.622836226261132,-53.350687889878245,-329.96346380438274,182.16578030987648,67.96366503666323,241.13840574330305,17
-24.29222831738908,38.93364977178414,-81.86647709572529,15.682612511294675,-50.96209820940537,-27.961070304678515,-0.0006519971182630684,-65.740765764952,-7.911055716091866,-11.247925775723619,74.27320172434385,94.97102291818791,152.16703514427468,64.33334562352724,-128.3440735846599,-89.36632578082227,-9.035876086014884,-59.41828259312249,-231.37124429710786,18.55404392782893,-11.247925775723619,-79.81663469397208,-128.3440735846599,61.12377673589119,17
71.00888501157054,34.75763966741515,-115.17436337122454,-43.49880572947919,37.513255048416795,41.12168844893513,21.60085787461831,12.062074945433178,-43.48876982106245,-30.08707754440234,-9.46618447401665,110.1425624374737,-115.48455043511774,10.517923309109829,167.34980500985753,49.02396089204896,61.2327726354236,-31.23217827456697,-200.28165654754366,-9.89674026141467,-30.08707754440234,51.21536470358045,167.34980500985753,-87.53760957942524,19
-36.9846435910505,31.146919333720014,69.55867152332365,-62.24155651940633,84.12176356995997,-17.4107373783928,-44.547486197767526,57.133856175792005,13.361182221804274,-136.09677462247905,25.78717188358471,139.4589678861774,67.13271973779827,31.588727235775906,91.91646955014022,9.36770009038819,-1.9812031567095798,49.89999956102544,-71.73407744687759,24.71899134042062,-136.09677462247905,62.41890108139145,91.91646955014022,-35.93806260991859,4
65.48867272927305,-21.124416457832808,3.1267300271841947,13.774547948928642,121.96973387204412,7.906507282890917,66.55080953536758,162.43134006972383,3.665980232554449,-17.56944045250756,34.68934956455414,-10.5854557707353,-28.40286019848188,-98.34732218432637,297.9832846981281,35.62490041114522,-20.807888796978684,-63.01298289409324,25.84642461435979,-41.6506852659771,-17.56944045250756,-129.77059571450758,297.9832846981281,-19.753391859576244,14
-13.453811560901855,-8.364608890849645,122.64891001737641,21.29748634096201,-117.36390060227504,4.054937630092858,5.551688716601856,160.11942206129973,-117.3976456202023,-407.9355587494203,78.50884690350787,54.08646121650435,-1.1893037256965044,36.13180591901034,-204.71507297530036,-15.402603342684406,102.19531572554405,27.017477475659987,-60.884064152691906,48.45305703339009,-407.9355587494203,42.83924928740625,-204.71507297530036,252.86929406942218,3
-39.27181169509646,-60.89722454070355,-31.023045646493415,-97.68512882708177,90.06283919023187,-31.920055997739773,-32.277753082967,13.554755002505736,-50.51988380503346,92.46755307780248,97.24039106939924,-10.849665695457285,-114.85644749801672,80.97532099203238,-0.22842195380443245,39.0295619662775,-32.13435527924089,78.28461326757592,-53.4693949866713,-34.20826367372997,92.46755307780248,82.22290377991598,-0.22842195380443245,-12.2779547272952,4
26.22930463343707,82.10410266292881,-161.3669579320306,69.93444628465389,45.36588459198893,-10.336060684518454,46.63709195416226,-76.34127405200879,49.64118301764543,139.8109205567808,-130.43964617940554,19.279184240182737,68.69480536657555,7.863457943377208,-46.66971261472631,57.776127782957886,-5.0022145249965035,-152.89580898225435,57.831124008533095,1.9676427284295641,139.8109205567808,-21.519252682209075,-46.66971261472631,-31.15886825106759,8
-15.765197888102733,-5.638049552494841,-128.9919289048836,-3.9697004953943,59.98447559382306,71.46482579668684,-81.02292187442588,-168.79374349110697,-104.89805152022107,17.211371517875346,-59.024137096316416,118.09310101748463,89.5524800770527,-122.69612487217528,-248.05986791347954,-26.43465129253825,-27.464753864455922,-60.71236981971435,121.37339377184855,-53.6568248931554,17.211371517875346,42.414767107157765,-248.05986791347954,213.33382253040816,16
-0.9670681046417509,48.93488972200285,41.90502981981447,-1.7097876012978432,9.791883575300773,-22.643307851948343,1.4341326965952408,168.78891254167826,-12.281182517681994,-146.40715512357897,-111.19200579934545,-67.55932553710701,-75.66263720269036,-49.285827341373356,103.28487259925856,26.163780084198546,47.13778303462994,-121.29955608768157,151.09263973335595,33.3093086634736,-146.40715512357897,-81.51858018823454,103.28487259925856,79.90493574664754,9
40.666262335257485,17.001852712534646,15.66151507958467,-50.67585733540775,-140.35501734893214,-13.916996923903266,12.223778794546092,-6.781146325143679,-2.8555138232231325,145.05557820107921,109.26774890064596,-27.994887894946032,106.46577171360052,42.39942292340366,173.90625770194177,75.11548931914086,14.474485808221829,-158.50982439764968,73.93874652617139,-5.180615291740804,145.05557820107921,-160.4655982696336,173.90625770194177,-213.946034788395,0
32.80826902631286,35.56604045673636,33.99863677528386,-3.9561709438087838,-19.137706143036567,6.382252884233376,-16.48425150550693,52.443711919617755,-113.68961890501544,-138.87975093624405,-42.40913241843275,-9.927150468380908,57.61192370519589,-64.73417931979247,-37.75562478364057,-0.6415803728709739,29.963914401436433,34.22065548764358,-20.269360657235183,-56.21882978910244,-138.87975093624405,-1.2526671377017262,-37.75562478364057,79.42014386852429,3
-40.60942787072413,49.41843308776254,-29.655609718759944,-17.722449808338887,15.485087578562222,66.99983134349644,-76.02001440695277,6.423456920884725,88.24116268619846,47.30542303405735,63.17097489331359,130.77550164660676,43.52808734952301,21.43057235315453,29.990884787981102,36.058581697023,-66.46146891457035,-50.70016933095232,15.70371935065939,-15.849220216242003,47.30542303405735,-65.31423585403437,29.990884787981102,-27.592789886891502,6
50.80160371676203,32.52967275132329,24.011880917974725,68.8049445946385,42.15605851323416,-4.770535260147845,13.002212592221706,25.621981726530336,53.86314026269577,-246.95709102820842,157.58679584093483,-112.59369071843189,61.12773668829811,-215.8664945776893,198.4962139629214,1.2873321677384852,33.84311665822829,-78.43838260488647,-87.36878958093453,15.21045090629068,-246.95709102820842,57.530118886248886,198.4962139629214,87.14292593468687,12
-51.76410556864448,-37.41599178053737,-38.514276608916106,7.501667733083809,-19.968968110216842,18.791212238202288,16.402864013664836,-97.6708245019485,92.82461599175888,383.38833479338746,-1.187136407443452,-86.39823294536356,-86.38153397099423,-116.29871828151465,-145.21029142793066,-10.993227931529193,-49.2420433390138,174.55534254516166,206.72882200344964,22.045339607534274,383.38833479338746,-131.5795907521455,-145.21029142793066,19.890714233167497,3
-28.43236415822583,26.63281944554956,-45.31383438731582,45.6245829987479,-73.85948499354127,-5.143210060390546,-22.71711339856507,-110.48078943739108,175.7391916385938,164.63591306675323,-112.75354792301462,21.241496998765157,35.00263879971601,170.3696921719291,-208.72258773538113,-69.85286494300881,-33.59162261130402,-55.959304202972646,0.12686473034794865,-39.7769595745463,164.63591306675323,-61.782550727758704,-208.72258773538113,-29.82840902770759,0
-40.60303328686188,-21.02030548787351,-77.10682172936689,35.05676547033267,38.68363337859087,52.36496355766393,23.063326271615622,-27.948671691470715,-86.37524391720653,-29.29760959822749,-207.22187639159364,30.311430328349203,117.87062156359295,-184.2719405639844,93.21599109082568,4.1827410948814885,26.83452037804664,-33.87780596286655,-95.558589200335,13.9709570333296,-29.29760959822749,-141.62696152145253,93.21599109082568,41.68456630618081,8
27.682332850386558,-31.579769405110625,-4.187442565973929,-16.65076267301686,19.11659512772183,-12.33398703127606,88.97518543324148,35.86859954798177,-71.10986026220436,274.2740060186354,21.38177404736965,-97.73671436315949,-126.2704203692802,15.589800661795937,298.7053675425882,27.716408211273077,18.302015096795714,12.561591001357684,68.45176919092175,-3.314248631793171,274.2740060186354,-89.908735861429,298.7053675425882,-255.47091539758844,4
32.09100419426222,30.825603897906284,-121.07205541395618,22.850836541819643,-83.18596002957281,-87.89867300120349,23.672533694395582,26.43558291293905,27.13099132793826,179.08504387602852,49.27193727628668,11.678963198220478,-93.70987646252087,136.83449165322926,-382.5609336827565,31.971861019718233,55.04973329943202,-2.316663449189056,134.89036293811532,-17.36223861051681,179.08504387602852,-29.67053494774489,-382.5609336827565,129.0331145957052,3
13.502390827669178,-5.37931483866216,9.737145141703243,-6.41428969129989,-23.205859682997954,18.27101317684995,74.08540576651065,108.59790365317042,11.322624136060035,-156.42138610343827,-110.31454857496705,-103.5459561866841,124.42937696136033,5.77512123165322,-179.36502109458155,6.873123046145425,25.037771063490762,15.774370745307289,23.61216438892309,0.7320440414107958,-156.42138610343827,77.4571250467678,-179.36502109458155,73.98726283554313,19
22.419340932182177,-49.96308251915867,-11.893867349079894,54.889903374275875,-24.563787600400637,-6.533310879948475,29.43995269433679,-34.00814558654146,15.709672289181311,11.34704567221939,17.51151914440202,-125.73880601029538,58.942363124618886,50.26496890376009,-208.10199773443262,46.21202303484512,33.70146303048245,19.955535753118077,34.88907595495487,-69.85125824894315,11.34704567221939,111.34296803056834,-208.10199773443262,46.81297100260089,13
-14.19329175339475,-15.472970473377227,172.65564626312397,23.45038963141633,-33.167788394028,10.37873315190141,-5.891371081955112,82.5904005560574,47.5879397742332,-136.3717139820761,152.03374987046027,11.572245683904434,87.83298074817104,2.9653447869679717,53.45020097760431,50.200606755848185,-10.458015851815873,65.44973146909406,81.09759139662125,20.640092013172353,-136.3717139820761,47.61612976373083,53.45020097760431,-41.91570078917763,7
26.186681925194264,21.43698032496369,-109.57112223562733,-24.565683994903512,-16.143833845365478,6.943382325731477,-99.95932958533271,23.645126697416543,172.25694435683127,-210.70742812156612,-119.94315569483459,144.89283915469568,-25.999490270446024,-5.063194820525911,20.912693595463793,5.9206213636425815,11.38741139840112,-134.09317002832924,-110.87525485298386,35.101698548426576,-210.70742812156612,93.70589415882264,20.912693595463793,1.4962794303297322,8
18.780499262596408,58.27019098929345,-275.0553478899338,24.562357335725945,7.130543492408661,63.92923258021037,13.456265154001908,-153.4029509958741,93.68183802865282,337.09262838733775,203.22499631431117,-107.08971749812568,-30.889334816412813,64.92607363137282,48.18347939541451,22.547800430886436,52.506842462727896,-168.21298760355785,-244.43767329888436,-11.192162986864245,337.09262838733775,-61.91177430204597,48.18347939541451,-96.66755588458692,0
-11.17521603028324,54.9087015484351,-44.986869108081144,-32.11588646509783,22.078162053289446,3.9940650412736045,-48.352189780234454,-126.96221637466621,-10.170399649863526,204.49771672648794,-61.13950568540085,-105.92238306434773,186.40419505389232,-53.072639976832804,-36.632740051913636,32.55486355420458,53.15424247753933,44.55403309012706,-14.300217141248766,-19.25178138550274,204.49771672648794,-32.384619775882555,-36.632740051913636,-89.5289200867393,20
28.939020766835153,46.47625378773576,-159.4986585983038,-26.23955964834145,61.49865794091277,-24.495999367032034,-9.474049690314235,17.130245872082273,-8.865148547988007,61.94819504606712,-108.92608830736631,-20.919417518122852,20.069386893049955,-50.6258281434597,160.68273603664326,-0.03271629633973005,7.722368847571692,-166.67317267558496,-12.645625150893899,-9.385989597353383,61.94819504606712,-22.010943085300376,160.68273603664326,-95.11504279161008,19
-3.6418300878174104,10.124193056506826,-127.10342730339804,19.60829882867879,67.66766659356654,37.91325140491808,-5.614045755089764,-109.35829400987414,69.63375183787184,203.46509144409714,-57.99508981558645,20.21253967728038,-66.18698864809679,-87.28990533783373,51.603938610219664,25.199538405256384,-22.191768564543274,13.651064770889372,132.90710823325765,1.129849946461299,203.46509144409714,113.50935540679188,51.603938610219664,-131.22147261680172,12
-17.236814849805004,-12.366505822075455,-156.91166880874457,4.244665921954545,-71.8802422380524,21.757060001448284,-11.175985043411362,-44.0380857899751,21.886514625100617,36.25209944681771,-120.44264520814104,-7.334576305513281,-137.8042313412574,-99.10341328943964,-119.74543847989332,-16.17723026969663,3.855385113600432,5.702635436295331,-27.115494137289016,51.469070841274835,36.25209944681771,11.538843268312293,-119.74543847989332,69.61155793524401,8
15.80990874756655,-22.24733314634479,-29.931768020293326,17.57074838445134,-62.43180068026825,69.59769041149185,32.36814893931844,59.12323728132935,30.473036411924816,-58.303028793734946,15.449347752463375,27.139641072797037,9.215278727075589,4.453714645660352,77.5955368434606,5.726656973956157,8.61687742556166,-177.97764881559493,8.876575164159423,-21.007517554723186,-58.303028793734946,-126.03783641856046,77.5955368434606,15.845976432830557,7
-35.30991582057781,70.4027734560731,-200.19834386078034,-22.314310954794937,58.78091161211017,47.91152446251489,-82.6707689385969,179.18232862896775,-247.84375339904162,206.69150895028554,39.64772359019294,-110.81812483110116,7.482974863236218,-43.568448687300844,-206.20758015913196,6.145339966986327,3.2955046539330217,110.13572356500795,36.246224945923295,-44.15728385069768,206.69150895028554,-50.85785148521411,-206.20758015913196,93.87388522423662,13
-64.95619559557444,-11.1235419512636,-12.095645361394203,33.89461989227079,10.323251034672714,3.2696008516071267,-15.938715852245783,98.28706079518159,224.5715444267994,19.55953123959187,27.338171733961047,-75.32120853625734,-7.396348465000289,75.22936940351899,-293.66054299712346,28.601680232726263,-23.265043195079386,117.90664156244276,-14.045189971587146,26.657044309892846,19.55953123959187,6.050204795368055,-293.66054299712346,150.121653899831,15
4.553471064728112,-68.30224295874902,-77.90397496704526,-10.66426503389054,48.93093583971197,0.471806737475659,-4.293707303816793,128.6535426401284,66.71584992765746,63.67016221444116,170.67921014232763,-42.83767519431883,-12.085125075701653,161.6155417080773,-76.94535012015041,-9.313340175437505,52.69594911410897,-72.76534912455166,-21.809359761758962,-15.258928839832755,63.67016221444116,14.094339970182066,-76.94535012015041,17.488631476330458,3
37.59356852893986,23.340792733240804,31.479346147330148,-4.664634185544604,12.802044417023248,25.06257323031685,61.230029074170524,153.95841705494934,55.627662912755454,-159.52690260575824,65.7534797701035,-15.173724576845666,49.034659140569886,-62.060419268014186,23.1457236010846,-14.816409121927885,31.513744651699078,41.71708645611069,-99.93490083327352,53.02268183659309,-159.52690260575824,-55.78887448667402,23.1457236010846,93.70351172682672,12
-15.372042068245522,-52.64697467480659,-126.80451790150411,-36.59430049609841,-125.88713987645347,-46.99223732487357,-13.494682179207034,12.484811463746759,13.275386823049082,197.5182172465024,98.3287947241108,57.19041212849714,-11.713677869261998,93.156555198841,-216.12714399862344,51.81491517640608,59.783386432027314,17.922913552725994,-48.50518181696464,9.506537921030858,197.5182172465024,-118.69692914660618,-216.12714399862344,7.334667858893034,15
15.460372070524306,-16.94493819770011,-9.946700160166518,26.794118395574475,49.79197958878852,47.58037080464797,-40.44614108253376,-31.35605291404332,-2.9524819188144136,62.761800641522,105.31727528548427,-59.49500733707751,-58.021766845958865,29.32227813062742,104.99029799508806,-40.21438133224891,17.008879215170108,-114.40024438783226,-36.3017161557559,29.65742553996966,62.761800641522,-89.56900382692967,104.99029799508806,44.918079097500595,4
99.26360213556352,-20.159922862263656,-101.38795706206457,18.64984614401164,121.17731144070802,70.0212728243434,1.405871531145074,26.35793264429622,-63.48936069620443,291.3877747785969,28.103056589758488,-18.08853644489502,-98.01854746697711,134.01322166418356,-25.30085877097118,1.1048644251252593,4.796270759246317,9.407177561653732,89.03179358636794,-42.522273322522715,291.3877747785969,-2.9344919243236856,-25.30085877097118,-65.96257955966826,4
-27.468798474628716,3.245306155019341,-6.782029119526056,-4.427424779476913,128.28082251744652,2.7306202523380563,24.71949753997255,-38.64783437162889,-51.59593444506109,263.0368837623335,-125.64493819121596,-93.87852362277394,63.732357046340866,81.70049037826021,-62.630095597758874,-61.13776605891217,-8.41786496392057,8.419085037236433,52.126452561603216,-9.857843207677012,263.0368837623335,-168.60857563309293,-62.630095597758874,36.35126927020994,5
38.16250575261616,40.47950092907538,24.137757698789166,-11.566175876874063,93.07279944881857,1.4852829108721377,-58.47922450114361,-15.234897898258932,-134.42829547212898,107.093460698393,13.934204176198497,-33.933603889442345,59.325194651146134,-114.46226388365928,185.8617559877444,17.631448604770426,-24.836569879750602,15.506306518655926,100.39844932003913,-5.193588345490801,107.093460698393,-53.61067965748003,185.8617559877444,-69.2489297549451,5
21.927051363096417,11.200335160326887,64.16600544935362,7.29604478301114,-3.2911739907080273,-14.678844392969499,17.741833452039263,-118.85913775848563,83.49239578203569,240.59699223222646,35.40727766255495,-107.94038137944031,96.9983056341799,178.11219221704633,93.29346405090449,-28.734728803672898,-39.78251077574236,-42.953350758580655,-89.55749510125037,-62.16069875929618,240.59699223222646,-111.59760608883093,93.29346405090449,-182.6755254236408,3
-14.993675964789873,64.47218259245524,-49.49710566695293,-55.512178732706225,55.673515605687754,92.49342687262734,17.11547544447408,-90.45924317195066,-52.132142992589685,60.76005625734146,-31.857098841146588,196.84621016334808,-40.591834768106594,-23.588711352833627,105.81896463479545,32.32540316095619,-55.76319445095479,115.16508672707211,-60.93057921774179,52.666981473134065,60.76005625734146,138.30749487477388,105.81896463479545,-168.05707251384968,5
4.775272665388089,76.71953487575267,-82.98861927416111,-39.19877382481309,-133.47986679796176,21.654430180830737,62.42191710581348,-89.01349946041812,25.40020535359784,21.505111617755798,66.13243926754934,-25.523283573243525,18.769721728036906,24.680456073938608,-113.66681338616476,-10.200498324353354,-0.4790597184322891,-22.47037895714491,-59.80661420435317,-8.40585041640486,21.505111617755798,116.37951666803092,-113.66681338616476,-74.7423472017645,5
54.728111382906654,16.757053930758914,-26.422309300279842,6.821713971401083,-1.0130933220831873,-15.816311675637992,-60.62644447549545,98.86657679319163,32.39882598008102,198.52797760915263,112.35731086282563,5.252433504629765,-136.15135218531236,71.35880755815228,-30.400764870570903,29.167580776013537,-31.974028700789066,9.110672520618719,138.3887347447239,12.675954924523875,198.52797760915263,-125.07168310752712,-30.400764870570903,10.73430869082701,3
28.793030972718427,14.190132996031664,27.083501400623682,-66.81828903118374,-300.299219533687,18.828649381476346,7.518994401113473,-63.04713746898449,246.96780106603913,-20.546054601623027,24.168397827085837,89.44094194348486,67.94601958943937,-21.560370779600145,-168.41668340327055,36.491314043367076,-48.639496891910014,117.66555761865729,-37.8778615464646,-29.091530923503445,-20.546054601623027,20.91583116066465,-168.41668340327055,-136.15125596325478,18
1.7601537419477755,1.084885196152163,-19.8266749377484,-43.67424894610768,26.21459119009513,23.411490045810183,-53.92444754273705,-16.82840268772564,85.47791777144238,105.86112206008387,95.45787837708448,59.0261481863559,50.946808558774265,-2.2280061624474756,-89.19534608739696,11.766951100019838,-23.35562555198613,30.05698013453099,47.03661517809895,9.712363187993981,105.86112206008387,-59.56824145425731,-89.19534608739696,45.742017979563165,0
-28.40557927418481,48.24102998964629,185.38094520104406,-9.188620754873178,-73.53353154176877,54.312182960948185,36.304612800535054,126.95535793352539,37.87173131409803,-138.99655563452632,31.398512815500908,-73.05516653562191,-202.59247447199812,54.501104863951326,231.45244959648406,-5.495864015263521,16.103563696476222,42.10697787129788,-46.07040695137954,-25.699254316980173,-138.99655563452632,-45.17629410032086,231.45244959648406,-66.24648796598092,12
29.548467597311973,2.9329187055037806,-54.792330870250936,-49.65951581427602,-68.25864425409263,-29.743244590777792,-6.013307561859107,-102.24019249989892,-51.25108436264793,90.8937170121738,-23.984221152941238,-108.1067749007332,41.62568155822166,-143.9742512335293,-121.75232541020021,-56.29969336257545,41.20720503672988,42.29785915754529,-3.38961117383902,-23.966703994756664,90.8937170121738,-74.08476843158877,-121.75232541020021,91.68709716157596,3
6.836262981645961,-32.13822195764682,-87.15116906308738,24.391981859515084,-100.68131957810152,4.135421879416608,-26.45632344352522,-3.626223889408635,66.39315092371547,66.84651826956367,86.53670593701708,47.73494364398672,137.41134197312934,1.8910760643967262,-208.9678162073491,-18.033669567067232,-35.01010813001313,-35.14429083186576,46.254880336630116,19.30558993550443,66.84651826956367,-44.97074558691103,-208.9678162073491,28.98593525518457,0
34.57638643340339,79.4567607807315,36.05917199027147,28.441472606882066,9.347357154463172,20.58370512239316,-46.352535310266305,46.450528196082885,-158.54561303351264,-32.43561385755181,-32.00350608835734,107.64294056603234,36.64496558201476,9.878490244491536,182.37691018721586,86.85521348784106,12.659626337925507,32.96249779195094,-154.38450420006174,21.723900210634255,-32.43561385755181,-105.1178475806262,182.37691018721586,-85.33664171849836,17
-1.2247459389132103,21.200444805034152,-91.94937719175746,17.78302194011267,69.01583763512426,-53.54340604959552,-36.99254752795279,-12.342683676961297,7.13468668784091,49.00708795890387,-45.85461402688179,-12.224491969437882,-1.8840493016335547,-57.102266759378566,-129.14827880548938,25.510792252201213,8.266990397069193,111.9886427757258,38.020707212519184,-6.613874129495512,49.00708795890387,160.42736213363406,-129.14827880548938,7.772421700694689,12
9.059654565198496,7.726327618386961,-139.72178260955542,82.55458961627461,44.33213949885229,-38.393222585862375,26.809955908586165,-190.46351256237656,-80.94535584579279,270.38541274934744,30.465743221672163,-58.105008411239666,104.97642336516263,-136.97256423487767,72.57230022821021,13.220658714773384,-6.988169206836224,-122.69420905000493,34.14730046906475,-55.39620157334441,270.38541274934744,-136.36373711423835,72.57230022821021,-17.59410305882041,20
29.02883264876323,46.13427758688917,14.070124651081155,-3.675960104718638,-77.28203213409999,-22.29043241624819,-12.887382599827477,-44.39310978158984,-76.74321175199287,188.90695780704232,-46.02180787129339,51.57167045877728,70.45476186167207,37.321108258316684,-170.35024172777653,74.56082871717888,51.14361659360472,-90.94068959923223,306.3819186654131,6.3529007324122375,188.90695780704232,-187.75027382287027,-170.35024172777653,52.00394940654039,10
18.475184019666244,13.360982085901988,98.91653860082687,76.48038345404751,103.53330078429445,29.187446418434043,-15.923696364601792,29.074991092309943,-5.9535181609313526,-161.36860378981527,65.12608675417106,-86.61983133645916,108.50289657004097,-66.4236604025112,76.10666533922904,-25.675657410425824,6.325166326183403,1.4992479688130844,3.1393574965106863,7.871199036674011,-161.36860378981527,73.09588683325845,76.10666533922904,68.16123730365943,10
19.47129847466064,30.60478093053822,-147.21017687775665,47.81528399059955,-216.7058671481106,-90.2827173097412,59.87352841599149,-127.63561545174367,95.01103497979582,173.2119729497144,-143.768710229831,-59.631279015637446,19.71776028299649,64.76307911496706,-211.99746190126046,28.162633013401855,-54.69501606140997,-85.14318281723646,-70.31121740948817,-75.85948202038486,173.2119729497144,-90.19586092039407,-211.99746190126046,-62.67131821857889,0
-43.79932444148274,0.26267843898929377,101.7058525771017,0.14070285241593583,102.76910305987192,47.05931433037719,-16.564397519369823,71.92487804706163,40.79410752751773,-91.33424558629584,105.8913344054906,-13.780183429320658,-83.23041194867086,-26.84965819993076,387.4674515346121,83.87590342350691,-11.127258112458541,-54.588749912208186,24.332525116698918,-50.34025899616445,-91.33424558629584,58.25831280893665,387.4674515346121,-139.6833800498757,12
-77.86942664584625,-42.02065162781902,-56.84644083864369,24.241341401583284,-54.07744266257861,-22.781680647366855,41.85762664550297,66.6510597977482,96.56264522751073,56.890970558360664,114.31055501160967,89.33745501649159,106.90829757854476,-148.89396382311216,36.986462836963256,-13.070075179219522,35.60295121807721,30.574920380151156,132.53020135047183,5.219209032544947,56.890970558360664,-20.856145215720694,36.986462836963256,-97.9614177169569,0
2.768676317816461,-19.67844209910096,-45.000792320025305,-15.82786765394365,-36.176025019755976,-46.22603939672942,11.923147558003919,158.47092012737872,3.6154898740884844,-65.35877340365336,74.11382127616429,-5.153419770176897,50.67633874061764,-26.154945566579848,-41.22925193226358,32.388249000634836,-40.412743472014185,-9.655423704721038,-65.7904187262494,-59.81053069287536,-65.35877340365336,-98.83771455574004,-41.22925193226358,74.59608518743286,15
59.468419057913955,-10.22723876028775,2.9882737539538518,-79.0901294589631,101.13061712255029,24.788883582180002,38.5601870926947,64.61892061541954,-20.488400759747964,33.4160723325394,73.69736062888865,39.468082291379275,109.83756584286371,-74.62009003601004,131.66676232678225,16.8660007893044,-24.498337111829365,-16.64087824024277,75.98138190906086,-7.8046260459962795,33.4160723325394,-52.82694924406292,131.66676232678225,-31.807066236235826,7
-46.622654761433765,-40.56134556172387,-43.406704855098155,51.05277715875624,-101.94793038299046,59.018685538403005,9.882255810062698,13.07369757068253,27.907066990398995,-71.33068784168745,-123.93860054015299,39.96844570877155,31.104200950554542,-89.2740250647691,34.3510396606209,-12.37861944778513,24.045988329853017,-42.51765996988007,-51.59863157599936,29.19863039148773,-71.33068784168745,-77.7032382970058,34.3510396606209,-24.135690161457333,15
66.06390647114955,13.285101279029783,-124.84999337490719,-21.294358705195208,-3.306986875331792,-68.77630139901497,25.636463182897558,-0.4182621226611172,-50.94533328753961,79.99796610015174,-20.99410568506873,8.959212664012313,-11.358966315470692,-126.81418930829122,-87.82527359086677,-57.86632870453432,33.17522478581323,89.21215292366541,107.27788662973764,-45.73124528251124,79.99796610015174,126.10367509329416,-87.82527359086677,-39.80124628554015,12
52.526796298759464,-22.656568533957984,-34.84075335141358,-60.16439497162331,-1.49825066033074,-48.02383702404542,-20.391564031805732,22.454931530812445,-142.36732857486902,-106.605067336422,-151.70157882605457,45.5249936232358,39.197557975228484,6.4759893487488185,-161.75433017476394,-53.923902394175336,1.9201410713220488,9.432677081571459,90.30195408573988,-37.147796380561594,-106.605067336422,135.41863425882116,-161.75433017476394,42.898781074755036,13
18.54406300156908,-34.01701380582179,-42.68581668383314,14.079379423930005,-78.90149394092006,-24.85181422612801,-1.248958395422482,45.34232991524135,27.525492751616824,-28.867875224534085,-3.8661232671073176,-121.54947721735479,-27.00584340482756,-7.592933336261183,-91.4632123614378,-22.244665163911883,29.175725115474865,-88.95421891146151,124.8170929091693,59.802895338509245,-28.867875224534085,50.29903083092328,-91.4632123614378,25.65288325860201,13
-46.648383577587836,42.215685927060626,40.69258879766714,-2.372307576010823,-50.03387002626468,-39.708709497065655,-63.55535757209215,119.50059910933999,-87.41605929836716,-85.45606119114734,-50.95186825525686,-34.065519968634504,-33.740406722021675,-125.70942758242502,132.09690931912428,-8.780809265429623,-63.88154123057936,24.18350019480976,64.69794787102049,-10.704192729519193,-85.45606119114734,-63.30072514461805,132.09690931912428,-20.655118094419787,20
-39.26766170070176,-23.617755979726258,76.1248829736522,-38.38769923989218,-48.639421969209764,22.447970714215536,47.27044674440093,60.60212555864652,55.08120943993026,-187.91783236793106,-7.208878969140633,-62.425509015740985,8.419381406724877,39.877056433408384,-65.02868632381593,14.111797349083767,64.41897067968799,8.831221224552447,46.31750647154746,-28.69488385014302,-187.91783236793106,161.7516336211691,-65.02868632381593,-1.7733829668819467,16
20.093977435681882,-18.996512331111234,-2.788958984414598,5.5474048954410895,147.9072773005426,-59.96217122756721,34.55101750231793,55.38303229520875,49.45102265996347,65.90144411608864,-33.552300148844544,26.233743997985854,63.14964650970231,107.98126407122034,-141.23965128033234,-11.999980721993369,38.38485632409897,-73.09307020391545,106.57911320617796,1.8212739014481174,65.90144411608864,-111.17838558460527,-141.23965128033234,167.17035491491256,10
-14.881816904953114,-68.53667619934272,-63.02290810750863,47.00793525789196,153.41841882756913,-14.159030653889982,1.8179998604534189,68.84547420468392,-170.091896248794,100.32092329390508,10.304345345238026,-89.51355339007594,-175.3694519373029,81.84879838127073,48.80054715131148,10.119864733636918,40.54901870261459,-111.14441447749769,109.86532597202813,-64.71273490555384,100.32092329390508,-12.542908450499194,48.80054715131148,89.57174824893222,20
-7.910169729503156,23.020737465006192,-3.968869377049371,33.07284158322906,-26.72535137893556,70.69493116296533,-49.8432515752567,-50.16310510524125,-30.57349704805541,-106.54616044010858,-52.838189157061194,104.06659897954498,-48.10352672065843,-54.43801700304974,151.7710099994358,-51.29314279412177,60.78755800567165,-66.7315230292755,-72.1060340503894,-10.925614138577497,-106.54616044010858,-1.1405950102758755,151.7710099994358,-35.882011215341336,9
50.25552076483081,61.04686320549888,121.48141861018927,35.13593190415106,16.261685128039673,54.860846463284645,1.1258790225913315,-91.00066759093028,124.56044315391844,-160.10590906160954,5.424817555402539,-43.32257832902453,180.9793489364543,-180.80860664791453,230.33336357542524,27.971973643655367,-31.395978291631522,5.373808120514623,-139.06266882985463,56.374600096409715,-160.10590906160954,-33.58523227338337,230.33336357542524,-35.69899195835619,7
-3.4981193672296973,-47.99650719921842,-82.3616251472989,32.49179110481775,3.219090937602558,20.703761237859727,17.238672432913727,-8.419217616431567,-261.4953896395535,-78.50374274847753,-173.38632908264321,95.01511664672958,-61.13004128922293,-91.85335630370078,-74.25067475343656,-36.728094738534466,39.645141066506895,35.03274355277576,124.99600117336993,-32.7744521921784,-78.50374274847753,163.86820076331261,-74.25067475343656,14.071879515376096,13
19.39933162308689,11.368239597382384,-10.768990013494161,52.295305543066235,-23.65700804739489,-7.471523224593558,38.40071555937081,-79.75250408868257,101.30891734725648,346.46333018625734,-35.84460822859516,-102.18682512600341,-44.30896530799565,-27.397470644896387,-168.15484491050796,-55.39301988046772,10.166682979431867,156.6440157590541,141.2831521588431,-62.892722261106854,346.46333018625734,-134.19098571294595,-168.15484491050796,7.93321440496586,3
49.75323477925219,35.511424727141325,-23.84977642490491,2.1744782826816307,33.08457449726191,32.259784495064224,-39.49725021719398,140.2696648103972,-222.16786928274593,94.34159485561553,125.04835164602272,-58.97439601421021,48.26843597709703,-46.3098670918245,231.83159159714162,9.531165175252507,-47.966433313002305,-84.54406008212138,13.97143822099526,-0.28506868832313204,94.34159485561553,-195.4695114871397,231.83159159714162,-54.20088474959448,9
-48.71101775200893,-82.74573565099419,-1.3020148418856836,-22.522688572887347,-18.911869277167558,45.517210645768344,-71.01283901764288,-36.33442195708988,32.42116069287087,91.3839133618415,-29.76789052780785,75.64908622582472,-9.472569891189426,61.48399959901283,-151.98551086316152,50.18208370434475,-2.1996165962513716,157.6833685337628,-49.86830865650343,44.12898012450206,91.3839133618415,20.599303625713627,-151.98551086316152,-17.136481041384325,0
-49.03656491115511,-36.59818710915478,75.47881152248132,-22.431432191933748,-110.72343865013374,-37.00279427191915,-68.31656565119603,-108.3792410805842,-49.94749537890476,67.49827531175487,-65.9649088295126,-38.63230058528964,-137.69966198907898,107.94240363136569,-18.64534686980823,-53.7169704660229,-12.22330460165675,21.009148140732094,-29.587872100406926,-13.550872954244454,67.49827531175487,-35.82510156693823,-18.64534686980823,-43.37582886215831,14
-3.865700557767017,72.06612624055234,-66.7003165756264,-33.273463358272316,28.62507119673925,29.591141703070658,39.81951051185331,28.551570451831132,-56.42037133421708,-36.744120484200664,-50.650230727996316,24.58514258310207,39.685768301627476,-16.919854616386345,151.15690474753237,16.639878150259847,42.98124378367937,-31.10223154549051,-176.53651716727552,-0.829352861459629,-36.744120484200664,-5.205246980809619,151.15690474753237,-91.51529811069835,0
-10.071171442503973,37.805751507853444,-0.179693918174193,-4.2217535710075555,-28.957138533253023,15.440405476387987,-30.76213014133571,-29.229577276988536,-134.40026961586761,-89.32840965110998,-47.57020476431138,-94.04365626143031,-37.0400720083562,29.53997748525362,147.00143810236827,-47.66032011471164,-24.632189335411162,-161.965861900468,-92.48035902289892,-18.618637741336347,-89.32840965110998,-14.062881798526723,147.00143810236827,-19.995800753717926,18
-42.02060773682966,44.73057414338559,74.93564591311502,-75.78670915947049,71.34336476216176,-2.9181051583976125,-3.5563516561075925,-55.11108094095009,38.45725507717698,108.90618771611531,76.68649023637612,64.08085715033302,-76.83818265450748,82.30014849514488,61.019753779149575,-16.242945999770285,-37.227508988164224,144.31598488866803,-54.03197902546607,36.59797876628586,108.90618771611531,39.05002335102332,61.019753779149575,-80.40422472266569,1
-4.02524305672015,64.68154331694373,26.656488868535426,0.8372855840307243,63.446820615646985,27.666841413124693,26.91801032962414,52.764304158090965,-126.14701508448853,199.09950095294568,74.62215183747617,-128.82477541800446,-16.284947298053254,65.56045560722156,51.72590086718722,24.387948918795335,-90.78920538386654,115.79633123478744,-69.6550269790948,5.012155701087858,199.09950095294568,-99.22420070775044,51.72590086718722,-46.5736122464482,11
-33.2890071267175,-30.606627761107326,-103.0966255629299,-17.442694079925833,-7.719136093288119,-21.694655053917693,26.60605079837659,-40.237054084488264,-5.834730038639098,13.628655236799851,-82.3398616374362,-66.3552321513077,42.99321346150971,-43.773774863530704,86.69447825049363,41.15571432932334,-34.90013826215418,10.433239858399066,-211.0988185013417,19.10989659755699,13.628655236799851,57.57921838560019,86.69447825049363,-121.16922735752618,11
59.64830239164599,8.67316382597672,7.512147067172066,88.54979502990477,39.41848427988731,109.32514132935688,-14.965825841187314,61.02913099315831,-30.165059299781962,5.538999160095895,81.10990014037088,143.08912912489916,12.639851766530894,49.1178501940578,73.9119198615459,40.44842769139743,-26.00757723789468,3.6119637115003034,19.48757898138424,37.32261123005277,5.538999160095895,-1.2026079885001906,73.9119198615459,-63.84837877677952,6
13.353599603115796,-16.222453902540316,132.37764127501055,-21.61050538724771,45.33087674069119,49.81492704931813,33.28039072193991,-136.30187352519414,-133.33178139048619,106.82598702636318,119.47257210954228,44.637619437661,33.579762844761696,118.04368088812068,184.8039472427585,-28.52582765068465,-48.149971445309816,-2.1737577747936188,-5.659319409570651,23.350298946170195,106.82598702636318,10.736295487538596,184.8039472427585,-159.00416185131016,14
33.99537671295222,-42.305285103255116,53.791567644715315,-10.64119629217296,-34.08158399614228,26.19162693418491,22.72687869180985,66.70519489240155,37.59056259355922,-112.72473849915086,-94.95369740486275,-14.262541673321842,34.68899925645107,6.80960033276107,25.919383987261348,-44.589247713868986,2.445738604149645,-87.6808461860804,155.13351391815345,-18.01991611296335,-112.72473849915086,32.6147933147707,25.919383987261348,-34.254137111855385,19
20.231509933506267,29.44988401623691,-134.6831511841997,-37.08825087877732,260.2608781300838,-35.7946166667231,33.809944499091344,-250.77730668129777,37.55120929371043,483.92840458913264,18.171541345999593,45.177592940754955,107.0375878485202,9.98348804852875,-133.49815962524178,-45.45511693133175,0.4311277859381804,5.727920247492513,-14.672207861991078,16.522948556375276,483.92840458913264,-243.68172373114828,-133.49815962524178,153.54821655169752,20
38.40852412748838,5.01632491620838,28.41369910930439,10.848759449138218,11.328384088140746,-12.429619916965517,61.964487842970144,11.072432237833185,-92.93888656361912,109.31512640696477,81.81966547936581,66.2195847357401,-6.483512073950708,-18.680184332683332,-50.79512038450904,-46.732528880134666,-38.67139119968455,191.63603272038807,30.442664216627485,46.340785192417314,109.31512640696477,7.90065343926484,-50.79512038450904,-30.069871667740866,7
3.4615314674492463,-39.37509424480613,71.58479587254928,-7.550359423047518,15.402349979073309,-30.43540763438458,-14.517786421168989,-126.68674533729337,34.50260612831544,-253.3878420948384,-44.06941032702717,75.08177700965535,-137.19968725619458,-112.94057753157965,321.6181668655472,81.91434787859188,86.39199418194198,-39.86594454123043,-177.81307162998885,44.66852121694459,-253.3878420948384,129.30352661157875,321.6181668655472,-58.07898219316836,6
-98.5755009938733,-22.515240612366163,37.225629243265146,98.40541349892433,-83.18286216905868,6.068910483301478,30.28571638048577,-5.192628309913325,65.82217698900035,-81.58318327522169,89.40748075629057,-31.782470829733697,27.66015259225945,-21.12712064968286,32.36260494341185,68.46239446885671,-18.93075174362287,-35.053755960458844,-54.13188896530849,-75.69661036599393,-81.58318327522169,-12.323241640864104,32.36260494341185,-4.839651734061929,11
45.035820359437324,-2.6272091006853056,-75.35551229536705,78.02042762933667,-157.3221360227908,5.16720430171692,-19.4458357074867,45.898353058712885,-197.50626694117972,-44.369994961583586,-96.09867813064575,-16.982853682130195,-78.1240845251501,62.17574583599166,-87.81148700150119,-29.297942440076636,74.49695297612939,-55.21192582076084,-48.03106142555077,14.068981882836857,-44.369994961583586,-2.787648933506368,-87.81148700150119,-16.808744557425307,17
3.57364634542441,-51.10539620893999,-73.23295650019404,-49.86060961518638,43.66455058804489,-16.164937999051535,65.27766939102531,-195.93596503008683,104.51316430569247,230.69796523706674,60.03898371112058,-109.62200178360781,65.59337099742169,-63.49456576397831,-330.54944940626393,4.946142737925902,-0.6516347015223628,73.82517809154594,112.85352512173658,-20.14626967741713,230.69796523706674,22.752561785656855,-330.54944940626393,171.8534965032017,10
-59.42324843520551,81.81642407698197,14.549625181348027,0.6171166186695046,44.02717511153175,12.819414526274919,-5.442988636760829,10.085728254268687,-11.64559509610438,-2.0711265253729576,91.20125953399096,3.5744006213158164,18.443438952153983,0.5608129737062839,126.18238260719403,71.84373929513755,-7.770123522025036,13.019495648445858,-58.9967519983052,67.12787698090382,-2.0711265253729576,39.065510650011255,126.18238260719403,-76.63635826289125,1
1.5799288604943604,-29.885975431510094,31.578643605351246,-45.83629048903596,19.138573665325417,28.146044305042224,9.415313967503359,97.30128657766969,-6.669860227073334,-82.28863769454475,42.311652410854904,117.2207867242242,-14.2450431353166,12.598600929767203,159.80870041389642,-12.93127369740914,-76.97887820213109,-54.90291804675255,34.72958504727351,31.616873734057954,-82.28863769454475,-19.488539318976237,159.80870041389642,-62.28790302666974,20
18.253350623959097,37.79132757746812,-60.35586962516479,-37.093491955951706,-25.87389029108283,-29.184060747132904,58.81724772565829,51.67271984938195,-86.25669233634724,96.96218798160331,-2.860469867558595,-17.208876794244844,-134.02098697164504,100.93054444334246,51.13203228449513,-35.694427825844485,29.661495725116858,-50.666282608759836,28.706613422685948,28.83268376274792,96.96218798160331,10.556997395557719,51.13203228449513,-97.71967193785176,18
15.104655583016157,5.393921020701922,-1.8701111993973285,-12.932678330700917,89.52467114841895,-22.481674291081095,24.57055526166483,4.719574359246224,38.59417686706783,18.480840438029777,-37.614868505981796,30.92388622024236,37.371047339031705,84.19545098614735,-71.90381824332796,-5.9102240151814955,-8.225277094085701,-112.73787616959854,93.18049062634887,8.752337549858305,18.480840438029777,-56.52281689701179,-71.90381824332796,101.54334837835935,5
58.26930772221105,-19.86803520962972,33.83137061756133,-2.0099528214956504,-34.794523387814934,63.65298904822228,59.199835614720726,119.88076655559138,9.779813366286279,34.42569579788725,43.78615980701059,-49.08058922136818,-22.816129341428706,62.14593258903102,42.884403908013695,-44.96160775847008,32.10696150947708,33.48479653107651,11.517455326914119,52.19977590876834,34.42569579788725,-41.57266329896699,42.884403908013695,-75.90213518820778,16
-44.63990736565403,40.38094282644357,86.65861139820063,32.151500742900005,104.7568921824946,13.25348543852763,59.19035384572247,-130.7333908226337,-10.438700126146916,-79.18405533655203,66.18555193742182,34.58922855795569,-59.40354761003345,16.144553842412765,197.2972826018423,-14.28105543466961,-5.582267618495527,-18.005306809650786,-181.56029626640205,20.77184001397199,-79.18405533655203,24.6447343900909,197.2972826018423,22.17305470666192,17
-32.38523859543769,-33.65725526567512,154.4253789988836,29.27617831254331,76.18616789092313,-2.7329198694298382,88.48708222746771,94.16364219980443,106.59790768318736,-163.9613395274493,193.1894680640903,325.67333544633186,175.38376401722732,-101.65602561548575,124.64052895602599,-40.29164795529313,11.967950698378155,282.3744583806477,-95.13082841633604,-49.710570806949015,-163.9613395274493,47.94581823095974,124.64052895602599,-77.50868273432252,4
81.96340519161224,36.10293835335818,51.50369796446748,-17.142956379780447,62.99642774516926,32.45177209054053,4.125562731964559,-92.69790157829956,-48.367320650261554,53.26975604192329,-46.70400109871725,25.206647370720194,96.67513648775986,-57.12993721662875,-134.1361286969954,47.79857171106766,-25.862734121297017,122.33275891472667,-0.1042168519781228,-58.26603257886367,53.26975604192329,-68.07748407934578,-134.1361286969954,130.53713145572587,11
68.62521285257722,18.518728929802837,89.37775956167141,-42.20517128461262,-65.53792770710804,-56.381513392552954,63.80060700323662,0.13482404182420638,-84.26549642308385,138.52632646410896,51.168250919894774,20.7788184541672,121.38762464416403,107.61768057854897,7.618571859507313,52.50536848409606,-10.515367097060386,-5.790270238175177,76.01752793315487,-39.9703603825393,138.52632646410896,-143.8518263545755,7.618571859507313,-104.82347694249555,15
43.88699776202229,-22.27131202840569,-10.403822552622675,21.429383816338877,52.961290550916544,-26.6455522847537,-81.890078844571,-71.95872686110087,84.8420410036963,-14.285402761819814,-90.88596395548429,70.38929381429048,-178.02986453898376,-35.32106478447937,39.563960490409286,0.44603578815477496,-35.28900518705477,69.00066941440693,29.094299527018524,1.387395525188967,-14.285402761819814,141.56275737035185,39.563960490409286,-22.90795732983164,13
-12.001194149206942,71.65013790689363,99.68530626097416,-19.998224651408933,-7.925902098287501,-70.0444437195825,-7.952996602719162,-97.89920828300785,-25.36528553136077,-220.0229029472515,95.30506909890151,-177.2992831583216,67.6990594360372,-80.07858197679928,-24.855848508654653,-30.983688985568307,23.153002800843645,-74.64100493411772,80.57121306932906,-12.207352864330709,-220.0229029472515,208.37588924595985,-24.855848508654653,93.67946474708837,12
-15.014740716369348,28.53194261590406,-27.42905445188554,-10.240665284408351,-124.95280557803368,23.589012055121884,1.8605780038327269,-28.271358529708444,12.029851425742626,63.57141129245987,-61.17014014683724,-77.1375687791082,-65.50060392029755,9.214047596161382,95.44210082507286,-41.510083055270506,32.326967264777835,-98.71945574326462,-74.13086050321384,-16.56416148782935,63.57141129245987,-144.7659160279237,95.44210082507286,-66.77448911183282,14
-5.7538822961251554,-25.10592756084568,-15.661834887835209,40.22050989901744,105.35166715164657,11.0781894833419,-12.926256780355432,171.0496784158106,-9.322518059673289,-358.0976959474078,-37.28257385694153,151.94249977111338,-46.41359133398006,-103.93971003695697,283.6073812047363,-13.329405401664973,-48.887354383839636,-87.87912303882385,-157.99261089293933,-0.25769104178047275,-358.0976959474078,47.05168596969241,283.6073812047363,40.387406465722755,17
31.841919150531584,14.716161446626852,-94.51388756554147,10.34818479770593,-28.759833688038164,-51.9656302790646,-23.31152924041755,-163.82646892046154,-116.45064711655836,89.73887236789024,-110.65810764388289,-145.4811704290135,-51.421632342433966,-87.61445265783316,-235.54808726890357,43.47244697708828,54.65939289652775,78.6588869347081,25.4689039248353,9.817935924318505,89.73887236789024,121.32664653483006,-235.54808726890357,98.83184246472263,18
58.979020907757096,-74.73705108971765,-55.39784507718423,1.9507336689742734,-34.650898958921765,33.27178235079305,-5.684915184307843,-20.158786184410566,-42.20565783865199,78.07202884647634,-45.44541718889853,-32.19300197486311,-56.94473788520711,7.712777586983588,-30.837384305292414,46.539844634660774,-28.732942698588232,30.951965336339367,77.22479074762742,2.809118768925078,78.07202884647634,116.47362100042307,-30.837384305292414,-105.49659632031154,18
